EQP_ID,ALARM_TIME,SEVERITY,MESSAGE,RECIPE,ACK_BY
ETC02,2026-03-02 06:02:56,WARN,"[W-3305] Slurry flow low (LOT=L26092, STEP=RMG, value=24.57 unit)",RCP_RMG_05,E965156
CMP02,2026-03-02 06:14:45,WARN,"[W-3305] Slurry flow low (LOT=L26039, STEP=RMG, value=5.18 unit)",RCP_RMG_05,E363666
CMP02,2026-03-02 06:22:41,WARN,"[W-3306] Pad temperature drift (LOT=L26061, STEP=RMG, value=5.18 unit)",RCP_RMG_05,E856703
ETC01,2026-03-02 06:24:23,ERROR,"[E-1023] Chamber pressure high (LOT=L26021, STEP=ETCH, value=23.64 unit)",RCP_ETCH_05,E622791
PC01,2026-03-02 06:27:18,WARN,"[W-3306] Pad temperature drift (LOT=L26003, STEP=CBCMP, value=4.38 unit)",RCP_CBCMP_01,
ETC01,2026-03-02 06:27:43,ERROR,"[E-2011] RF power unstable (LOT=L26105, STEP=ETCH, value=11.17 unit)",RCP_ETCH_04,
PHO01,2026-03-02 06:35:14,WARN,"[W-3305] Slurry flow low (LOT=L26119, STEP=ETCH, value=3.38 unit)",RCP_ETCH_02,E750892
PHO01,2026-03-02 06:36:22,WARN,"[W-3306] Pad temperature drift (LOT=L26067, STEP=ETCH, value=6.27 unit)",RCP_ETCH_01,
ETC02,2026-03-02 06:39:29,INFO,"[I-5000] Recipe changed by operator (LOT=L26085, STEP=PC, value=7.22 unit)",RCP_PC_04,E173555
PHO01,2026-03-02 07:00:15,WARN,"[W-3306] Pad temperature drift (LOT=L26083, STEP=ETCH, value=16.65 unit)",RCP_ETCH_03,
ETC01,2026-03-02 07:14:04,WARN,"[W-3305] Slurry flow low (LOT=L26024, STEP=PC, value=14.94 unit)",RCP_PC_01,
PC01,2026-03-02 07:16:52,WARN,"[W-3305] Slurry flow low (LOT=L26046, STEP=ETCH, value=10.3 unit)",RCP_ETCH_03,E884380
ETC02,2026-03-02 07:18:20,ERROR,"[E-1023] Chamber pressure high (LOT=L26002, STEP=CBCMP, value=21.32 unit)",RCP_CBCMP_04,
ETC02,2026-03-02 07:31:39,WARN,"[W-3305] Slurry flow low (LOT=L26021, STEP=PHOTO, value=22.08 unit)",RCP_PHOTO_04,E370843
PC01,2026-03-02 07:45:17,ERROR,"[E-2011] RF power unstable (LOT=L26085, STEP=PC, value=2.83 unit)",RCP_PC_05,
CMP02,2026-03-02 07:46:08,ERROR,"[E-4102] Wafer transfer timeout (LOT=L26081, STEP=CBCMP, value=11.26 unit)",RCP_CBCMP_04,
PC01,2026-03-02 07:46:23,ERROR,"[E-4102] Wafer transfer timeout (LOT=L26059, STEP=CBCMP, value=4.97 unit)",RCP_CBCMP_05,E584835
ETC01,2026-03-02 07:51:18,ERROR,"[E-4102] Wafer transfer timeout (LOT=L26098, STEP=PHOTO, value=11.92 unit)",RCP_PHOTO_05,
CMP02,2026-03-02 07:55:05,INFO,"[I-5000] Recipe changed by operator (LOT=L26065, STEP=PHOTO, value=17.43 unit)",RCP_PHOTO_04,E505920
ETC01,2026-03-02 08:06:53,WARN,"[W-3306] Pad temperature drift (LOT=L26071, STEP=PHOTO, value=23.71 unit)",RCP_PHOTO_01,
PC01,2026-03-02 08:08:10,ERROR,"[E-1023] Chamber pressure high (LOT=L26005, STEP=PC, value=16.6 unit)",RCP_PC_01,E508083
CMP02,2026-03-02 08:14:25,ERROR,"[E-1023] Chamber pressure high (LOT=L26113, STEP=ETCH, value=7.6 unit)",RCP_ETCH_04,
PC01,2026-03-02 08:20:36,WARN,"[W-3306] Pad temperature drift (LOT=L26010, STEP=PHOTO, value=8.7 unit)",RCP_PHOTO_04,
PC01,2026-03-02 08:26:48,WARN,"[W-3305] Slurry flow low (LOT=L26007, STEP=ETCH, value=1.34 unit)",RCP_ETCH_01,
ETC02,2026-03-02 08:33:38,INFO,"[I-5000] Recipe changed by operator (LOT=L26043, STEP=ETCH, value=4.05 unit)",RCP_ETCH_03,
PC01,2026-03-02 08:38:27,ERROR,"[E-2011] RF power unstable (LOT=L26072, STEP=CBCMP, value=8.83 unit)",RCP_CBCMP_03,E787608
PC01,2026-03-02 08:46:45,WARN,"[W-3305] Slurry flow low (LOT=L26001, STEP=CBCMP, value=2.56 unit)",RCP_CBCMP_02,
PHO01,2026-03-02 08:57:15,ERROR,"[E-1023] Chamber pressure high (LOT=L26006, STEP=RMG, value=16.32 unit)",RCP_RMG_01,
CMP02,2026-03-02 09:00:58,WARN,"[W-3306] Pad temperature drift (LOT=L26101, STEP=PC, value=4.66 unit)",RCP_PC_05,
CMP02,2026-03-02 09:21:02,INFO,"[I-5000] Recipe changed by operator (LOT=L26017, STEP=CBCMP, value=2.35 unit)",RCP_CBCMP_04,
ETC02,2026-03-02 09:22:52,WARN,"[W-3305] Slurry flow low (LOT=L26063, STEP=ETCH, value=13.87 unit)",RCP_ETCH_01,
ETC01,2026-03-02 09:47:43,ERROR,"[E-2011] RF power unstable (LOT=L26040, STEP=ETCH, value=7.45 unit)",RCP_ETCH_04,
PC01,2026-03-02 09:50:17,WARN,"[W-3306] Pad temperature drift (LOT=L26013, STEP=RMG, value=20.62 unit)",RCP_RMG_05,
ETC01,2026-03-02 09:52:16,ERROR,"[E-2011] RF power unstable (LOT=L26075, STEP=CBCMP, value=8.32 unit)",RCP_CBCMP_04,
CMP01,2026-03-02 09:59:17,ERROR,"[E-1023] Chamber pressure high (LOT=L26058, STEP=RMG, value=24.19 unit)",RCP_RMG_02,E842466
CMP02,2026-03-02 10:03:50,ERROR,"[E-2011] RF power unstable (LOT=L26098, STEP=CBCMP, value=13.11 unit)",RCP_CBCMP_03,
CMP02,2026-03-02 10:17:48,WARN,"[W-3306] Pad temperature drift (LOT=L26094, STEP=RMG, value=22.23 unit)",RCP_RMG_05,E212076
ETC02,2026-03-02 10:18:44,WARN,"[W-3305] Slurry flow low (LOT=L26056, STEP=PHOTO, value=4.33 unit)",RCP_PHOTO_02,
PHO01,2026-03-02 10:21:31,WARN,"[W-3305] Slurry flow low (LOT=L26068, STEP=RMG, value=14.05 unit)",RCP_RMG_03,
ETC02,2026-03-02 10:21:50,WARN,"[W-3306] Pad temperature drift (LOT=L26032, STEP=RMG, value=19.36 unit)",RCP_RMG_03,
ETC01,2026-03-02 10:33:32,INFO,"[I-5000] Recipe changed by operator (LOT=L26018, STEP=ETCH, value=8.54 unit)",RCP_ETCH_02,E581518
CMP01,2026-03-02 10:50:09,ERROR,"[E-1023] Chamber pressure high (LOT=L26039, STEP=PHOTO, value=6.68 unit)",RCP_PHOTO_05,E644735
CMP01,2026-03-02 11:10:04,WARN,"[W-3306] Pad temperature drift (LOT=L26060, STEP=PC, value=24.3 unit)",RCP_PC_04,
PHO01,2026-03-02 11:25:21,ERROR,"[E-1023] Chamber pressure high (LOT=L26002, STEP=ETCH, value=20.35 unit)",RCP_ETCH_03,
ETC02,2026-03-02 11:52:22,ERROR,"[E-2011] RF power unstable (LOT=L26109, STEP=PHOTO, value=18.72 unit)",RCP_PHOTO_03,
PC01,2026-03-02 11:55:49,ERROR,"[E-4102] Wafer transfer timeout (LOT=L26049, STEP=CBCMP, value=18.11 unit)",RCP_CBCMP_03,E397093
CMP02,2026-03-02 11:56:31,ERROR,"[E-4102] Wafer transfer timeout (LOT=L26096, STEP=PHOTO, value=18.86 unit)",RCP_PHOTO_05,
CMP02,2026-03-02 12:04:35,WARN,"[W-3306] Pad temperature drift (LOT=L26009, STEP=PC, value=14.1 unit)",RCP_PC_02,
PC01,2026-03-02 12:05:12,ERROR,"[E-2011] RF power unstable (LOT=L26023, STEP=PC, value=3.94 unit)",RCP_PC_05,
CMP01,2026-03-02 12:17:36,WARN,"[W-3306] Pad temperature drift (LOT=L26105, STEP=RMG, value=8.2 unit)",RCP_RMG_01,E317168
PHO01,2026-03-02 12:20:02,ERROR,"[E-1023] Chamber pressure high (LOT=L26069, STEP=PHOTO, value=9.03 unit)",RCP_PHOTO_03,
PHO01,2026-03-02 12:31:24,ERROR,"[E-1023] Chamber pressure high (LOT=L26044, STEP=PC, value=5.33 unit)",RCP_PC_03,
PC01,2026-03-02 12:36:11,ERROR,"[E-1023] Chamber pressure high (LOT=L26006, STEP=RMG, value=18.74 unit)",RCP_RMG_04,
PC01,2026-03-02 12:43:29,ERROR,"[E-1023] Chamber pressure high (LOT=L26046, STEP=CBCMP, value=24.81 unit)",RCP_CBCMP_04,
CMP02,2026-03-02 13:17:24,WARN,"[W-3305] Slurry flow low (LOT=L26102, STEP=RMG, value=1.24 unit)",RCP_RMG_04,
ETC01,2026-03-02 13:23:02,INFO,"[I-5000] Recipe changed by operator (LOT=L26088, STEP=CBCMP, value=4.21 unit)",RCP_CBCMP_01,E683006
ETC02,2026-03-02 13:36:06,WARN,"[W-3306] Pad temperature drift (LOT=L26088, STEP=CBCMP, value=21.76 unit)",RCP_CBCMP_02,E399344
ETC01,2026-03-02 13:38:53,INFO,"[I-5000] Recipe changed by operator (LOT=L26066, STEP=PHOTO, value=8.06 unit)",RCP_PHOTO_01,
ETC01,2026-03-02 13:39:47,ERROR,"[E-1023] Chamber pressure high (LOT=L26113, STEP=RMG, value=19.87 unit)",RCP_RMG_04,E932792
PC01,2026-03-02 13:54:18,ERROR,"[E-4102] Wafer transfer timeout (LOT=L26059, STEP=PHOTO, value=20.62 unit)",RCP_PHOTO_02,
CMP02,2026-03-02 13:55:37,ERROR,"[E-1023] Chamber pressure high (LOT=L26014, STEP=RMG, value=18.18 unit)",RCP_RMG_02,
ETC01,2026-03-02 13:56:55,ERROR,"[E-2011] RF power unstable (LOT=L26062, STEP=ETCH, value=17.86 unit)",RCP_ETCH_05,E252270
PC01,2026-03-02 14:25:41,ERROR,"[E-2011] RF power unstable (LOT=L26048, STEP=ETCH, value=1.01 unit)",RCP_ETCH_05,
CMP02,2026-03-02 14:28:07,WARN,"[W-3306] Pad temperature drift (LOT=L26091, STEP=PHOTO, value=24.79 unit)",RCP_PHOTO_03,
PHO01,2026-03-02 14:33:04,ERROR,"[E-2011] RF power unstable (LOT=L26052, STEP=ETCH, value=3.46 unit)",RCP_ETCH_02,
ETC01,2026-03-02 14:41:55,WARN,"[W-3306] Pad temperature drift (LOT=L26093, STEP=ETCH, value=4.01 unit)",RCP_ETCH_03,E701347
PC01,2026-03-02 14:44:23,WARN,"[W-3305] Slurry flow low (LOT=L26118, STEP=ETCH, value=4.73 unit)",RCP_ETCH_02,
CMP02,2026-03-02 14:48:18,INFO,"[I-5000] Recipe changed by operator (LOT=L26033, STEP=ETCH, value=13.67 unit)",RCP_ETCH_04,E927081
ETC01,2026-03-02 14:53:57,WARN,"[W-3306] Pad temperature drift (LOT=L26107, STEP=PHOTO, value=5.14 unit)",RCP_PHOTO_05,
ETC01,2026-03-02 15:04:35,ERROR,"[E-2011] RF power unstable (LOT=L26040, STEP=CBCMP, value=9.49 unit)",RCP_CBCMP_04,E290421
ETC01,2026-03-02 15:12:09,INFO,"[I-5000] Recipe changed by operator (LOT=L26053, STEP=ETCH, value=10.16 unit)",RCP_ETCH_01,
CMP01,2026-03-02 15:20:54,ERROR,"[E-4102] Wafer transfer timeout (LOT=L26090, STEP=PHOTO, value=13.34 unit)",RCP_PHOTO_04,E240298
PHO01,2026-03-02 15:21:00,ERROR,"[E-1023] Chamber pressure high (LOT=L26025, STEP=ETCH, value=17.93 unit)",RCP_ETCH_05,
ETC01,2026-03-02 15:26:36,ERROR,"[E-1023] Chamber pressure high (LOT=L26109, STEP=PC, value=24.43 unit)",RCP_PC_03,
CMP01,2026-03-02 15:28:05,ERROR,"[E-1023] Chamber pressure high (LOT=L26043, STEP=PHOTO, value=1.22 unit)",RCP_PHOTO_04,
CMP01,2026-03-02 15:35:27,ERROR,"[E-1023] Chamber pressure high (LOT=L26061, STEP=ETCH, value=2.48 unit)",RCP_ETCH_01,
CMP02,2026-03-02 15:43:27,WARN,"[W-3306] Pad temperature drift (LOT=L26020, STEP=PHOTO, value=22.99 unit)",RCP_PHOTO_01,
CMP01,2026-03-02 15:52:26,WARN,"[W-3305] Slurry flow low (LOT=L26087, STEP=RMG, value=23.4 unit)",RCP_RMG_01,
PHO01,2026-03-02 16:00:39,ERROR,"[E-4102] Wafer transfer timeout (LOT=L26015, STEP=PC, value=20.07 unit)",RCP_PC_05,
CMP02,2026-03-02 16:03:06,ERROR,"[E-1023] Chamber pressure high (LOT=L26008, STEP=RMG, value=15.47 unit)",RCP_RMG_03,E622687
ETC02,2026-03-02 16:14:40,ERROR,"[E-1023] Chamber pressure high (LOT=L26027, STEP=ETCH, value=2.19 unit)",RCP_ETCH_05,
CMP01,2026-03-02 16:29:56,ERROR,"[E-2011] RF power unstable (LOT=L26001, STEP=RMG, value=23.99 unit)",RCP_RMG_05,
CMP02,2026-03-02 16:38:26,ERROR,"[E-1023] Chamber pressure high (LOT=L26010, STEP=ETCH, value=14.3 unit)",RCP_ETCH_01,E703988
CMP01,2026-03-02 16:39:59,WARN,"[W-3305] Slurry flow low (LOT=L26035, STEP=RMG, value=20.54 unit)",RCP_RMG_01,E590918
CMP02,2026-03-02 16:41:04,WARN,"[W-3306] Pad temperature drift (LOT=L26119, STEP=RMG, value=15.88 unit)",RCP_RMG_04,
CMP02,2026-03-02 16:43:18,ERROR,"[E-2011] RF power unstable (LOT=L26013, STEP=PC, value=15.74 unit)",RCP_PC_01,E935443
ETC02,2026-03-02 16:49:03,ERROR,"[E-2011] RF power unstable (LOT=L26029, STEP=PC, value=7.47 unit)",RCP_PC_04,E104238
CMP02,2026-03-02 16:54:41,INFO,"[I-5000] Recipe changed by operator (LOT=L26036, STEP=ETCH, value=18.0 unit)",RCP_ETCH_05,
PHO01,2026-03-02 17:09:26,WARN,"[W-3306] Pad temperature drift (LOT=L26046, STEP=ETCH, value=4.65 unit)",RCP_ETCH_05,
ETC02,2026-03-02 17:12:30,ERROR,"[E-1023] Chamber pressure high (LOT=L26063, STEP=RMG, value=21.54 unit)",RCP_RMG_01,
PHO01,2026-03-02 17:38:31,ERROR,"[E-4102] Wafer transfer timeout (LOT=L26089, STEP=PC, value=6.97 unit)",RCP_PC_02,
ETC01,2026-03-02 17:50:09,WARN,"[W-3306] Pad temperature drift (LOT=L26078, STEP=RMG, value=13.9 unit)",RCP_RMG_05,
ETC02,2026-03-02 18:11:26,ERROR,"[E-1023] Chamber pressure high (LOT=L26070, STEP=PC, value=20.39 unit)",RCP_PC_04,
ETC01,2026-03-02 18:21:58,ERROR,"[E-1023] Chamber pressure high (LOT=L26063, STEP=RMG, value=22.28 unit)",RCP_RMG_04,
PC01,2026-03-02 18:28:56,ERROR,"[E-2011] RF power unstable (LOT=L26052, STEP=ETCH, value=8.78 unit)",RCP_ETCH_05,
CMP02,2026-03-02 18:36:13,ERROR,"[E-2011] RF power unstable (LOT=L26100, STEP=CBCMP, value=4.08 unit)",RCP_CBCMP_02,
CMP01,2026-03-02 18:50:32,WARN,"[W-3306] Pad temperature drift (LOT=L26026, STEP=ETCH, value=11.07 unit)",RCP_ETCH_04,
ETC01,2026-03-02 19:10:35,ERROR,"[E-4102] Wafer transfer timeout (LOT=L26066, STEP=RMG, value=21.78 unit)",RCP_RMG_04,
ETC01,2026-03-02 19:11:32,WARN,"[W-3305] Slurry flow low (LOT=L26089, STEP=PC, value=6.56 unit)",RCP_PC_05,
CMP02,2026-03-02 19:13:12,ERROR,"[E-4102] Wafer transfer timeout (LOT=L26006, STEP=ETCH, value=16.62 unit)",RCP_ETCH_05,
PHO01,2026-03-02 19:42:10,INFO,"[I-5000] Recipe changed by operator (LOT=L26064, STEP=PHOTO, value=13.38 unit)",RCP_PHOTO_02,
PHO01,2026-03-02 19:52:50,WARN,"[W-3306] Pad temperature drift (LOT=L26108, STEP=CBCMP, value=22.31 unit)",RCP_CBCMP_03,
PHO01,2026-03-02 20:08:48,ERROR,"[E-4102] Wafer transfer timeout (LOT=L26048, STEP=ETCH, value=5.86 unit)",RCP_ETCH_02,
CMP01,2026-03-02 20:52:23,ERROR,"[E-1023] Chamber pressure high (LOT=L26050, STEP=PHOTO, value=13.88 unit)",RCP_PHOTO_02,E570393
ETC02,2026-03-02 21:20:01,ERROR,"[E-4102] Wafer transfer timeout (LOT=L26119, STEP=ETCH, value=13.41 unit)",RCP_ETCH_01,
ETC02,2026-03-02 21:21:28,INFO,"[I-5000] Recipe changed by operator (LOT=L26014, STEP=RMG, value=21.83 unit)",RCP_RMG_01,
PC01,2026-03-02 21:25:06,ERROR,"[E-2011] RF power unstable (LOT=L26082, STEP=PHOTO, value=6.42 unit)",RCP_PHOTO_04,
PHO01,2026-03-02 21:35:39,ERROR,"[E-2011] RF power unstable (LOT=L26116, STEP=PC, value=18.57 unit)",RCP_PC_04,E465051
CMP02,2026-03-02 22:01:46,ERROR,"[E-2011] RF power unstable (LOT=L26097, STEP=PC, value=15.15 unit)",RCP_PC_04,E164732
CMP01,2026-03-02 22:26:53,ERROR,"[E-4102] Wafer transfer timeout (LOT=L26059, STEP=CBCMP, value=8.74 unit)",RCP_CBCMP_02,
CMP01,2026-03-02 22:36:04,WARN,"[W-3305] Slurry flow low (LOT=L26081, STEP=RMG, value=12.91 unit)",RCP_RMG_05,
PC01,2026-03-02 22:54:13,WARN,"[W-3306] Pad temperature drift (LOT=L26103, STEP=CBCMP, value=23.05 unit)",RCP_CBCMP_03,E930576
PC01,2026-03-02 23:26:01,ERROR,"[E-2011] RF power unstable (LOT=L26102, STEP=PC, value=11.52 unit)",RCP_PC_02,E590020
ETC02,2026-03-02 23:30:12,ERROR,"[E-4102] Wafer transfer timeout (LOT=L26095, STEP=RMG, value=10.62 unit)",RCP_RMG_02,E407790
PC01,2026-03-02 23:31:53,ERROR,"[E-2011] RF power unstable (LOT=L26044, STEP=PC, value=22.69 unit)",RCP_PC_03,E311587
CMP02,2026-03-02 23:36:04,ERROR,"[E-1023] Chamber pressure high (LOT=L26087, STEP=ETCH, value=7.47 unit)",RCP_ETCH_05,
PC01,2026-03-02 23:37:40,INFO,"[I-5000] Recipe changed by operator (LOT=L26037, STEP=PHOTO, value=9.11 unit)",RCP_PHOTO_02,
CMP01,2026-03-02 23:41:01,ERROR,"[E-1023] Chamber pressure high (LOT=L26104, STEP=ETCH, value=24.81 unit)",RCP_ETCH_03,E989619
CMP01,2026-03-02 23:47:30,ERROR,"[E-2011] RF power unstable (LOT=L26100, STEP=RMG, value=10.26 unit)",RCP_RMG_01,
ETC02,2026-03-02 23:56:36,ERROR,"[E-2011] RF power unstable (LOT=L26048, STEP=RMG, value=11.01 unit)",RCP_RMG_03,
PC01,2026-03-03 00:11:41,INFO,"[I-5000] Recipe changed by operator (LOT=L26104, STEP=ETCH, value=24.95 unit)",RCP_ETCH_01,
CMP02,2026-03-03 00:12:09,WARN,"[W-3305] Slurry flow low (LOT=L26067, STEP=PHOTO, value=9.39 unit)",RCP_PHOTO_03,
ETC02,2026-03-03 00:12:22,ERROR,"[E-1023] Chamber pressure high (LOT=L26093, STEP=PC, value=8.21 unit)",RCP_PC_02,E493024
CMP02,2026-03-03 00:15:05,WARN,"[W-3305] Slurry flow low (LOT=L26054, STEP=PHOTO, value=11.52 unit)",RCP_PHOTO_05,E964488
PHO01,2026-03-03 00:39:12,INFO,"[I-5000] Recipe changed by operator (LOT=L26019, STEP=PHOTO, value=6.01 unit)",RCP_PHOTO_03,
PHO01,2026-03-03 00:43:48,WARN,"[W-3306] Pad temperature drift (LOT=L26075, STEP=CBCMP, value=4.05 unit)",RCP_CBCMP_01,
ETC01,2026-03-03 01:04:29,ERROR,"[E-1023] Chamber pressure high (LOT=L26002, STEP=PHOTO, value=12.33 unit)",RCP_PHOTO_03,
CMP02,2026-03-03 01:16:28,ERROR,"[E-1023] Chamber pressure high (LOT=L26003, STEP=ETCH, value=16.95 unit)",RCP_ETCH_05,
PHO01,2026-03-03 01:18:32,INFO,"[I-5000] Recipe changed by operator (LOT=L26026, STEP=PC, value=19.73 unit)",RCP_PC_04,
PHO01,2026-03-03 01:29:49,WARN,"[W-3306] Pad temperature drift (LOT=L26046, STEP=PHOTO, value=20.43 unit)",RCP_PHOTO_01,
CMP02,2026-03-03 01:42:23,INFO,"[I-5000] Recipe changed by operator (LOT=L26094, STEP=RMG, value=10.28 unit)",RCP_RMG_01,E874190
CMP02,2026-03-03 01:44:47,WARN,"[W-3306] Pad temperature drift (LOT=L26090, STEP=CBCMP, value=20.68 unit)",RCP_CBCMP_03,
ETC02,2026-03-03 02:02:40,WARN,"[W-3306] Pad temperature drift (LOT=L26006, STEP=RMG, value=11.4 unit)",RCP_RMG_04,
PC01,2026-03-03 02:03:29,INFO,"[I-5000] Recipe changed by operator (LOT=L26035, STEP=PHOTO, value=3.3 unit)",RCP_PHOTO_03,
PHO01,2026-03-03 02:15:19,ERROR,"[E-4102] Wafer transfer timeout (LOT=L26005, STEP=RMG, value=22.74 unit)",RCP_RMG_03,
CMP01,2026-03-03 02:17:32,ERROR,"[E-1023] Chamber pressure high (LOT=L26116, STEP=RMG, value=18.54 unit)",RCP_RMG_05,
PC01,2026-03-03 02:36:27,ERROR,"[E-2011] RF power unstable (LOT=L26074, STEP=CBCMP, value=17.95 unit)",RCP_CBCMP_01,
PC01,2026-03-03 02:40:59,WARN,"[W-3306] Pad temperature drift (LOT=L26041, STEP=ETCH, value=4.77 unit)",RCP_ETCH_03,
ETC01,2026-03-03 03:21:40,ERROR,"[E-1023] Chamber pressure high (LOT=L26028, STEP=PHOTO, value=15.96 unit)",RCP_PHOTO_04,
ETC01,2026-03-03 03:21:51,WARN,"[W-3305] Slurry flow low (LOT=L26087, STEP=PC, value=2.67 unit)",RCP_PC_02,
PHO01,2026-03-03 03:26:44,ERROR,"[E-2011] RF power unstable (LOT=L26086, STEP=PHOTO, value=21.81 unit)",RCP_PHOTO_04,E175688
PHO01,2026-03-03 03:33:17,ERROR,"[E-1023] Chamber pressure high (LOT=L26018, STEP=ETCH, value=9.0 unit)",RCP_ETCH_01,E562244
CMP02,2026-03-03 03:44:13,ERROR,"[E-1023] Chamber pressure high (LOT=L26066, STEP=CBCMP, value=15.59 unit)",RCP_CBCMP_02,
ETC01,2026-03-03 03:57:39,ERROR,"[E-1023] Chamber pressure high (LOT=L26028, STEP=RMG, value=9.76 unit)",RCP_RMG_04,E683120
ETC01,2026-03-03 04:03:00,ERROR,"[E-1023] Chamber pressure high (LOT=L26005, STEP=PC, value=22.48 unit)",RCP_PC_03,
PC01,2026-03-03 04:17:39,WARN,"[W-3306] Pad temperature drift (LOT=L26034, STEP=PC, value=22.25 unit)",RCP_PC_02,
ETC01,2026-03-03 04:37:30,INFO,"[I-5000] Recipe changed by operator (LOT=L26016, STEP=PC, value=20.58 unit)",RCP_PC_01,
PC01,2026-03-03 04:48:30,ERROR,"[E-1023] Chamber pressure high (LOT=L26078, STEP=PHOTO, value=24.82 unit)",RCP_PHOTO_02,
ETC02,2026-03-03 05:22:21,ERROR,"[E-1023] Chamber pressure high (LOT=L26022, STEP=CBCMP, value=12.31 unit)",RCP_CBCMP_02,
CMP01,2026-03-03 05:35:58,WARN,"[W-3306] Pad temperature drift (LOT=L26112, STEP=RMG, value=15.41 unit)",RCP_RMG_04,E497937
CMP02,2026-03-03 05:48:31,ERROR,"[E-4102] Wafer transfer timeout (LOT=L26000, STEP=CBCMP, value=15.78 unit)",RCP_CBCMP_05,
PC01,2026-03-03 05:50:15,ERROR,"[E-1023] Chamber pressure high (LOT=L26086, STEP=PHOTO, value=23.79 unit)",RCP_PHOTO_03,
CMP01,2026-03-03 05:51:05,INFO,"[I-5000] Recipe changed by operator (LOT=L26024, STEP=RMG, value=23.1 unit)",RCP_RMG_04,
PHO01,2026-03-03 05:58:00,ERROR,"[E-4102] Wafer transfer timeout (LOT=L26082, STEP=PHOTO, value=24.85 unit)",RCP_PHOTO_02,
ETC01,2026-03-03 06:07:55,ERROR,"[E-1023] Chamber pressure high (LOT=L26080, STEP=ETCH, value=6.43 unit)",RCP_ETCH_04,
CMP01,2026-03-03 06:19:20,WARN,"[W-3306] Pad temperature drift (LOT=L26089, STEP=PHOTO, value=20.66 unit)",RCP_PHOTO_04,
CMP01,2026-03-03 06:39:12,INFO,"[I-5000] Recipe changed by operator (LOT=L26029, STEP=PC, value=4.37 unit)",RCP_PC_04,
CMP02,2026-03-03 06:46:45,ERROR,"[E-4102] Wafer transfer timeout (LOT=L26048, STEP=CBCMP, value=18.92 unit)",RCP_CBCMP_01,
CMP01,2026-03-03 06:54:26,WARN,"[W-3305] Slurry flow low (LOT=L26084, STEP=ETCH, value=5.45 unit)",RCP_ETCH_05,
CMP02,2026-03-03 07:00:29,WARN,"[W-3306] Pad temperature drift (LOT=L26000, STEP=ETCH, value=12.3 unit)",RCP_ETCH_04,
ETC01,2026-03-03 07:02:17,INFO,"[I-5000] Recipe changed by operator (LOT=L26013, STEP=RMG, value=4.27 unit)",RCP_RMG_03,E921223
CMP01,2026-03-03 07:07:29,WARN,"[W-3305] Slurry flow low (LOT=L26063, STEP=PHOTO, value=1.32 unit)",RCP_PHOTO_05,
ETC02,2026-03-03 07:20:59,INFO,"[I-5000] Recipe changed by operator (LOT=L26000, STEP=CBCMP, value=20.23 unit)",RCP_CBCMP_05,E606504
ETC01,2026-03-03 07:24:04,WARN,"[W-3306] Pad temperature drift (LOT=L26113, STEP=RMG, value=10.69 unit)",RCP_RMG_05,
CMP02,2026-03-03 07:50:52,WARN,"[W-3306] Pad temperature drift (LOT=L26028, STEP=RMG, value=22.4 unit)",RCP_RMG_05,
CMP01,2026-03-03 07:54:13,WARN,"[W-3306] Pad temperature drift (LOT=L26045, STEP=CBCMP, value=4.06 unit)",RCP_CBCMP_04,
ETC02,2026-03-03 07:55:53,WARN,"[W-3306] Pad temperature drift (LOT=L26107, STEP=RMG, value=23.41 unit)",RCP_RMG_03,E533416
CMP01,2026-03-03 07:59:00,ERROR,"[E-4102] Wafer transfer timeout (LOT=L26061, STEP=PHOTO, value=19.37 unit)",RCP_PHOTO_04,
ETC01,2026-03-03 07:59:30,ERROR,"[E-1023] Chamber pressure high (LOT=L26063, STEP=ETCH, value=8.36 unit)",RCP_ETCH_01,
PHO01,2026-03-03 08:19:23,INFO,"[I-5000] Recipe changed by operator (LOT=L26015, STEP=CBCMP, value=1.93 unit)",RCP_CBCMP_03,
ETC01,2026-03-03 08:24:27,ERROR,"[E-2011] RF power unstable (LOT=L26049, STEP=CBCMP, value=12.7 unit)",RCP_CBCMP_05,E431813
ETC01,2026-03-03 08:28:25,ERROR,"[E-1023] Chamber pressure high (LOT=L26025, STEP=RMG, value=10.44 unit)",RCP_RMG_01,E723260
CMP02,2026-03-03 08:29:38,ERROR,"[E-4102] Wafer transfer timeout (LOT=L26085, STEP=PHOTO, value=2.31 unit)",RCP_PHOTO_04,
PC01,2026-03-03 08:39:50,ERROR,"[E-4102] Wafer transfer timeout (LOT=L26102, STEP=RMG, value=3.14 unit)",RCP_RMG_01,
ETC02,2026-03-03 08:57:46,WARN,"[W-3305] Slurry flow low (LOT=L26048, STEP=ETCH, value=12.71 unit)",RCP_ETCH_02,E672144
CMP01,2026-03-03 09:05:32,ERROR,"[E-2011] RF power unstable (LOT=L26115, STEP=ETCH, value=18.16 unit)",RCP_ETCH_05,
CMP02,2026-03-03 09:17:00,WARN,"[W-3305] Slurry flow low (LOT=L26007, STEP=RMG, value=9.27 unit)",RCP_RMG_01,
CMP02,2026-03-03 09:38:54,WARN,"[W-3306] Pad temperature drift (LOT=L26097, STEP=RMG, value=17.03 unit)",RCP_RMG_05,
ETC01,2026-03-03 09:58:48,ERROR,"[E-4102] Wafer transfer timeout (LOT=L26064, STEP=ETCH, value=10.3 unit)",RCP_ETCH_01,
ETC01,2026-03-03 10:03:56,ERROR,"[E-1023] Chamber pressure high (LOT=L26119, STEP=CBCMP, value=5.87 unit)",RCP_CBCMP_01,E387678
ETC01,2026-03-03 10:12:17,ERROR,"[E-1023] Chamber pressure high (LOT=L26004, STEP=CBCMP, value=10.25 unit)",RCP_CBCMP_02,
PC01,2026-03-03 10:15:09,ERROR,"[E-1023] Chamber pressure high (LOT=L26112, STEP=PC, value=11.23 unit)",RCP_PC_04,E705426
CMP02,2026-03-03 10:18:35,ERROR,"[E-1023] Chamber pressure high (LOT=L26007, STEP=PHOTO, value=5.08 unit)",RCP_PHOTO_01,
PC01,2026-03-03 10:21:32,ERROR,"[E-4102] Wafer transfer timeout (LOT=L26039, STEP=CBCMP, value=22.08 unit)",RCP_CBCMP_05,
PHO01,2026-03-03 10:39:28,ERROR,"[E-2011] RF power unstable (LOT=L26064, STEP=PC, value=10.77 unit)",RCP_PC_03,
ETC02,2026-03-03 11:06:20,ERROR,"[E-4102] Wafer transfer timeout (LOT=L26030, STEP=RMG, value=22.92 unit)",RCP_RMG_05,
CMP02,2026-03-03 11:13:28,ERROR,"[E-1023] Chamber pressure high (LOT=L26008, STEP=RMG, value=23.87 unit)",RCP_RMG_02,E114464
CMP02,2026-03-03 11:23:18,ERROR,"[E-2011] RF power unstable (LOT=L26022, STEP=CBCMP, value=20.93 unit)",RCP_CBCMP_02,
ETC01,2026-03-03 11:57:28,WARN,"[W-3305] Slurry flow low (LOT=L26016, STEP=CBCMP, value=24.47 unit)",RCP_CBCMP_02,
ETC02,2026-03-03 12:10:01,ERROR,"[E-4102] Wafer transfer timeout (LOT=L26091, STEP=PC, value=14.22 unit)",RCP_PC_02,E376171
CMP01,2026-03-03 12:23:45,WARN,"[W-3306] Pad temperature drift (LOT=L26082, STEP=PC, value=11.89 unit)",RCP_PC_04,
ETC01,2026-03-03 12:28:34,WARN,"[W-3306] Pad temperature drift (LOT=L26009, STEP=RMG, value=7.7 unit)",RCP_RMG_05,
CMP02,2026-03-03 12:37:29,ERROR,"[E-1023] Chamber pressure high (LOT=L26024, STEP=PC, value=21.88 unit)",RCP_PC_05,
CMP02,2026-03-03 12:42:09,WARN,"[W-3305] Slurry flow low (LOT=L26030, STEP=PC, value=24.03 unit)",RCP_PC_03,
ETC01,2026-03-03 12:58:15,WARN,"[W-3306] Pad temperature drift (LOT=L26038, STEP=PC, value=19.46 unit)",RCP_PC_01,
ETC01,2026-03-03 13:25:12,ERROR,"[E-1023] Chamber pressure high (LOT=L26102, STEP=PHOTO, value=12.12 unit)",RCP_PHOTO_03,E173126
CMP02,2026-03-03 13:37:28,ERROR,"[E-2011] RF power unstable (LOT=L26021, STEP=RMG, value=11.88 unit)",RCP_RMG_03,
ETC01,2026-03-03 13:39:25,ERROR,"[E-1023] Chamber pressure high (LOT=L26034, STEP=CBCMP, value=13.06 unit)",RCP_CBCMP_05,
ETC01,2026-03-03 13:58:48,INFO,"[I-5000] Recipe changed by operator (LOT=L26058, STEP=PHOTO, value=13.72 unit)",RCP_PHOTO_02,E260845
PHO01,2026-03-03 14:11:17,ERROR,"[E-4102] Wafer transfer timeout (LOT=L26108, STEP=PC, value=24.49 unit)",RCP_PC_05,
PC01,2026-03-03 14:14:01,WARN,"[W-3306] Pad temperature drift (LOT=L26083, STEP=PHOTO, value=13.57 unit)",RCP_PHOTO_05,
CMP01,2026-03-03 14:18:08,WARN,"[W-3306] Pad temperature drift (LOT=L26014, STEP=ETCH, value=1.1 unit)",RCP_ETCH_01,
ETC01,2026-03-03 14:38:20,INFO,"[I-5000] Recipe changed by operator (LOT=L26037, STEP=PHOTO, value=3.33 unit)",RCP_PHOTO_03,
PC01,2026-03-03 15:03:04,INFO,"[I-5000] Recipe changed by operator (LOT=L26050, STEP=PHOTO, value=8.13 unit)",RCP_PHOTO_01,
PHO01,2026-03-03 15:03:48,WARN,"[W-3305] Slurry flow low (LOT=L26049, STEP=ETCH, value=16.32 unit)",RCP_ETCH_02,E208265
PHO01,2026-03-03 15:31:56,WARN,"[W-3306] Pad temperature drift (LOT=L26023, STEP=CBCMP, value=1.95 unit)",RCP_CBCMP_02,
PC01,2026-03-03 15:50:48,WARN,"[W-3305] Slurry flow low (LOT=L26119, STEP=RMG, value=18.73 unit)",RCP_RMG_04,
ETC01,2026-03-03 16:08:40,ERROR,"[E-4102] Wafer transfer timeout (LOT=L26016, STEP=PHOTO, value=15.71 unit)",RCP_PHOTO_01,
PC01,2026-03-03 16:15:21,ERROR,"[E-1023] Chamber pressure high (LOT=L26067, STEP=RMG, value=11.25 unit)",RCP_RMG_03,E894663
CMP02,2026-03-03 16:17:04,WARN,"[W-3306] Pad temperature drift (LOT=L26076, STEP=RMG, value=24.84 unit)",RCP_RMG_01,
CMP02,2026-03-03 16:30:08,ERROR,"[E-2011] RF power unstable (LOT=L26045, STEP=CBCMP, value=20.08 unit)",RCP_CBCMP_03,
PC01,2026-03-03 16:33:00,ERROR,"[E-4102] Wafer transfer timeout (LOT=L26117, STEP=PC, value=9.22 unit)",RCP_PC_03,
CMP02,2026-03-03 16:36:52,ERROR,"[E-4102] Wafer transfer timeout (LOT=L26086, STEP=PC, value=1.86 unit)",RCP_PC_02,E314814
CMP02,2026-03-03 16:38:22,WARN,"[W-3306] Pad temperature drift (LOT=L26100, STEP=ETCH, value=13.69 unit)",RCP_ETCH_02,E529457
PC01,2026-03-03 16:52:56,ERROR,"[E-2011] RF power unstable (LOT=L26005, STEP=PC, value=14.13 unit)",RCP_PC_02,E322634
ETC02,2026-03-03 16:56:23,ERROR,"[E-1023] Chamber pressure high (LOT=L26097, STEP=RMG, value=23.51 unit)",RCP_RMG_03,
CMP02,2026-03-03 17:21:38,WARN,"[W-3305] Slurry flow low (LOT=L26066, STEP=RMG, value=24.03 unit)",RCP_RMG_02,E997617
CMP02,2026-03-03 17:26:46,ERROR,"[E-1023] Chamber pressure high (LOT=L26113, STEP=CBCMP, value=22.68 unit)",RCP_CBCMP_02,
CMP01,2026-03-03 17:32:40,ERROR,"[E-4102] Wafer transfer timeout (LOT=L26050, STEP=PHOTO, value=17.11 unit)",RCP_PHOTO_05,E642059
PHO01,2026-03-03 17:45:53,INFO,"[I-5000] Recipe changed by operator (LOT=L26053, STEP=PHOTO, value=0.91 unit)",RCP_PHOTO_03,
ETC02,2026-03-03 17:50:30,ERROR,"[E-2011] RF power unstable (LOT=L26112, STEP=ETCH, value=19.0 unit)",RCP_ETCH_03,
CMP01,2026-03-03 17:57:30,ERROR,"[E-1023] Chamber pressure high (LOT=L26112, STEP=PHOTO, value=16.93 unit)",RCP_PHOTO_02,
ETC01,2026-03-03 17:59:35,INFO,"[I-5000] Recipe changed by operator (LOT=L26088, STEP=PHOTO, value=24.96 unit)",RCP_PHOTO_02,
PC01,2026-03-03 18:22:46,ERROR,"[E-1023] Chamber pressure high (LOT=L26102, STEP=CBCMP, value=6.95 unit)",RCP_CBCMP_03,E649451
ETC01,2026-03-03 18:30:17,WARN,"[W-3306] Pad temperature drift (LOT=L26032, STEP=RMG, value=1.84 unit)",RCP_RMG_04,E720781
CMP01,2026-03-03 18:49:22,ERROR,"[E-4102] Wafer transfer timeout (LOT=L26019, STEP=RMG, value=9.83 unit)",RCP_RMG_02,
PHO01,2026-03-03 18:58:38,WARN,"[W-3305] Slurry flow low (LOT=L26090, STEP=RMG, value=10.76 unit)",RCP_RMG_05,
CMP02,2026-03-03 19:00:18,WARN,"[W-3305] Slurry flow low (LOT=L26113, STEP=CBCMP, value=19.75 unit)",RCP_CBCMP_02,
CMP02,2026-03-03 19:04:53,WARN,"[W-3305] Slurry flow low (LOT=L26082, STEP=ETCH, value=7.12 unit)",RCP_ETCH_05,E585079
PC01,2026-03-03 19:07:54,WARN,"[W-3306] Pad temperature drift (LOT=L26087, STEP=ETCH, value=12.4 unit)",RCP_ETCH_05,E406712
PHO01,2026-03-03 19:24:32,WARN,"[W-3305] Slurry flow low (LOT=L26010, STEP=PHOTO, value=17.13 unit)",RCP_PHOTO_02,
ETC02,2026-03-03 19:24:51,ERROR,"[E-1023] Chamber pressure high (LOT=L26113, STEP=PC, value=1.31 unit)",RCP_PC_04,E105114
PC01,2026-03-03 19:53:55,ERROR,"[E-1023] Chamber pressure high (LOT=L26035, STEP=ETCH, value=5.45 unit)",RCP_ETCH_01,E406879
ETC02,2026-03-03 20:25:35,ERROR,"[E-4102] Wafer transfer timeout (LOT=L26043, STEP=PHOTO, value=7.98 unit)",RCP_PHOTO_03,E736653
CMP02,2026-03-03 20:30:19,ERROR,"[E-1023] Chamber pressure high (LOT=L26001, STEP=CBCMP, value=1.08 unit)",RCP_CBCMP_01,
PHO01,2026-03-03 20:37:47,ERROR,"[E-2011] RF power unstable (LOT=L26070, STEP=RMG, value=2.89 unit)",RCP_RMG_04,E988127
ETC01,2026-03-03 20:50:26,ERROR,"[E-1023] Chamber pressure high (LOT=L26067, STEP=ETCH, value=22.28 unit)",RCP_ETCH_02,E533662
CMP02,2026-03-03 21:09:11,ERROR,"[E-4102] Wafer transfer timeout (LOT=L26033, STEP=RMG, value=24.99 unit)",RCP_RMG_03,
PHO01,2026-03-03 21:23:19,ERROR,"[E-4102] Wafer transfer timeout (LOT=L26098, STEP=ETCH, value=17.67 unit)",RCP_ETCH_03,E985799
CMP02,2026-03-03 21:27:16,ERROR,"[E-4102] Wafer transfer timeout (LOT=L26080, STEP=ETCH, value=23.02 unit)",RCP_ETCH_01,
PHO01,2026-03-03 21:34:29,WARN,"[W-3306] Pad temperature drift (LOT=L26033, STEP=ETCH, value=24.98 unit)",RCP_ETCH_01,E888408
CMP02,2026-03-03 21:51:23,WARN,"[W-3305] Slurry flow low (LOT=L26032, STEP=ETCH, value=13.05 unit)",RCP_ETCH_01,E298914
ETC01,2026-03-03 22:07:10,ERROR,"[E-4102] Wafer transfer timeout (LOT=L26068, STEP=ETCH, value=18.97 unit)",RCP_ETCH_05,
CMP01,2026-03-03 22:22:19,INFO,"[I-5000] Recipe changed by operator (LOT=L26027, STEP=ETCH, value=21.53 unit)",RCP_ETCH_01,
CMP01,2026-03-03 22:27:31,INFO,"[I-5000] Recipe changed by operator (LOT=L26019, STEP=RMG, value=9.44 unit)",RCP_RMG_04,E123807
CMP01,2026-03-03 22:32:46,ERROR,"[E-1023] Chamber pressure high (LOT=L26028, STEP=CBCMP, value=4.2 unit)",RCP_CBCMP_03,
PHO01,2026-03-03 22:58:13,ERROR,"[E-1023] Chamber pressure high (LOT=L26067, STEP=PC, value=8.41 unit)",RCP_PC_04,E667000
ETC01,2026-03-03 23:00:14,ERROR,"[E-1023] Chamber pressure high (LOT=L26019, STEP=CBCMP, value=16.41 unit)",RCP_CBCMP_05,E221764
PC01,2026-03-03 23:05:49,ERROR,"[E-1023] Chamber pressure high (LOT=L26085, STEP=PHOTO, value=20.21 unit)",RCP_PHOTO_01,
CMP01,2026-03-03 23:15:45,ERROR,"[E-1023] Chamber pressure high (LOT=L26014, STEP=ETCH, value=21.23 unit)",RCP_ETCH_05,
PC01,2026-03-03 23:56:46,INFO,"[I-5000] Recipe changed by operator (LOT=L26116, STEP=PC, value=6.82 unit)",RCP_PC_03,
ETC02,2026-03-04 00:04:08,WARN,"[W-3305] Slurry flow low (LOT=L26089, STEP=PHOTO, value=11.94 unit)",RCP_PHOTO_01,
ETC01,2026-03-04 00:19:41,ERROR,"[E-4102] Wafer transfer timeout (LOT=L26014, STEP=CBCMP, value=8.37 unit)",RCP_CBCMP_04,
PHO01,2026-03-04 00:21:04,ERROR,"[E-4102] Wafer transfer timeout (LOT=L26106, STEP=CBCMP, value=20.22 unit)",RCP_CBCMP_03,
PHO01,2026-03-04 00:24:09,ERROR,"[E-1023] Chamber pressure high (LOT=L26079, STEP=CBCMP, value=2.07 unit)",RCP_CBCMP_03,
PHO01,2026-03-04 00:29:12,ERROR,"[E-1023] Chamber pressure high (LOT=L26053, STEP=RMG, value=20.4 unit)",RCP_RMG_04,
ETC02,2026-03-04 00:47:47,ERROR,"[E-2011] RF power unstable (LOT=L26087, STEP=PHOTO, value=22.7 unit)",RCP_PHOTO_03,E985232
CMP01,2026-03-04 00:51:28,ERROR,"[E-2011] RF power unstable (LOT=L26072, STEP=CBCMP, value=14.19 unit)",RCP_CBCMP_01,
ETC02,2026-03-04 00:59:37,ERROR,"[E-2011] RF power unstable (LOT=L26096, STEP=PC, value=11.92 unit)",RCP_PC_04,
PHO01,2026-03-04 01:02:15,ERROR,"[E-2011] RF power unstable (LOT=L26024, STEP=RMG, value=13.85 unit)",RCP_RMG_01,E778338
CMP02,2026-03-04 01:02:23,ERROR,"[E-2011] RF power unstable (LOT=L26067, STEP=PC, value=21.86 unit)",RCP_PC_02,
PHO01,2026-03-04 01:06:34,ERROR,"[E-4102] Wafer transfer timeout (LOT=L26054, STEP=RMG, value=18.57 unit)",RCP_RMG_02,
CMP02,2026-03-04 01:10:04,WARN,"[W-3306] Pad temperature drift (LOT=L26111, STEP=PHOTO, value=3.52 unit)",RCP_PHOTO_01,E610314
PHO01,2026-03-04 01:22:01,INFO,"[I-5000] Recipe changed by operator (LOT=L26012, STEP=PHOTO, value=11.59 unit)",RCP_PHOTO_04,
ETC01,2026-03-04 01:30:20,WARN,"[W-3305] Slurry flow low (LOT=L26034, STEP=PHOTO, value=5.65 unit)",RCP_PHOTO_02,E748828
ETC02,2026-03-04 01:37:09,ERROR,"[E-2011] RF power unstable (LOT=L26025, STEP=RMG, value=4.76 unit)",RCP_RMG_04,
PHO01,2026-03-04 01:57:44,INFO,"[I-5000] Recipe changed by operator (LOT=L26099, STEP=RMG, value=22.18 unit)",RCP_RMG_05,E842997
ETC01,2026-03-04 01:59:48,ERROR,"[E-4102] Wafer transfer timeout (LOT=L26009, STEP=RMG, value=18.49 unit)",RCP_RMG_04,
PHO01,2026-03-04 02:23:33,ERROR,"[E-1023] Chamber pressure high (LOT=L26004, STEP=PHOTO, value=0.59 unit)",RCP_PHOTO_02,
PC01,2026-03-04 02:28:40,INFO,"[I-5000] Recipe changed by operator (LOT=L26067, STEP=PHOTO, value=17.31 unit)",RCP_PHOTO_01,
CMP01,2026-03-04 02:40:37,INFO,"[I-5000] Recipe changed by operator (LOT=L26114, STEP=ETCH, value=9.13 unit)",RCP_ETCH_01,
ETC02,2026-03-04 02:41:10,ERROR,"[E-4102] Wafer transfer timeout (LOT=L26016, STEP=ETCH, value=6.04 unit)",RCP_ETCH_03,
CMP01,2026-03-04 02:46:42,WARN,"[W-3306] Pad temperature drift (LOT=L26000, STEP=RMG, value=1.44 unit)",RCP_RMG_05,E713019
PHO01,2026-03-04 03:03:15,INFO,"[I-5000] Recipe changed by operator (LOT=L26001, STEP=ETCH, value=6.82 unit)",RCP_ETCH_04,E100522
ETC02,2026-03-04 03:06:50,WARN,"[W-3306] Pad temperature drift (LOT=L26035, STEP=PC, value=11.66 unit)",RCP_PC_03,
CMP01,2026-03-04 03:10:16,ERROR,"[E-1023] Chamber pressure high (LOT=L26013, STEP=PC, value=17.69 unit)",RCP_PC_04,E635052
PHO01,2026-03-04 03:14:09,ERROR,"[E-1023] Chamber pressure high (LOT=L26000, STEP=ETCH, value=23.54 unit)",RCP_ETCH_04,
ETC02,2026-03-04 03:19:35,WARN,"[W-3305] Slurry flow low (LOT=L26110, STEP=CBCMP, value=8.6 unit)",RCP_CBCMP_03,E358262
ETC01,2026-03-04 03:27:49,INFO,"[I-5000] Recipe changed by operator (LOT=L26016, STEP=PC, value=6.69 unit)",RCP_PC_02,E703932
ETC01,2026-03-04 03:35:17,WARN,"[W-3305] Slurry flow low (LOT=L26103, STEP=CBCMP, value=10.01 unit)",RCP_CBCMP_05,
ETC01,2026-03-04 03:36:31,WARN,"[W-3306] Pad temperature drift (LOT=L26038, STEP=PC, value=17.38 unit)",RCP_PC_01,
ETC01,2026-03-04 03:53:41,ERROR,"[E-1023] Chamber pressure high (LOT=L26043, STEP=PC, value=4.2 unit)",RCP_PC_04,
PHO01,2026-03-04 03:54:18,ERROR,"[E-2011] RF power unstable (LOT=L26103, STEP=RMG, value=7.63 unit)",RCP_RMG_03,
ETC02,2026-03-04 03:58:58,WARN,"[W-3306] Pad temperature drift (LOT=L26028, STEP=ETCH, value=11.84 unit)",RCP_ETCH_04,E237644
CMP02,2026-03-04 04:00:02,INFO,"[I-5000] Recipe changed by operator (LOT=L26074, STEP=PC, value=12.58 unit)",RCP_PC_02,
CMP01,2026-03-04 04:11:56,ERROR,"[E-4102] Wafer transfer timeout (LOT=L26063, STEP=CBCMP, value=4.47 unit)",RCP_CBCMP_02,
CMP01,2026-03-04 04:41:37,WARN,"[W-3306] Pad temperature drift (LOT=L26045, STEP=RMG, value=5.43 unit)",RCP_RMG_01,
CMP01,2026-03-04 04:48:15,ERROR,"[E-4102] Wafer transfer timeout (LOT=L26013, STEP=PC, value=24.69 unit)",RCP_PC_01,
ETC01,2026-03-04 04:49:19,WARN,"[W-3305] Slurry flow low (LOT=L26107, STEP=CBCMP, value=10.85 unit)",RCP_CBCMP_05,E147021
CMP01,2026-03-04 04:50:53,ERROR,"[E-2011] RF power unstable (LOT=L26013, STEP=PHOTO, value=21.7 unit)",RCP_PHOTO_04,E427099
ETC02,2026-03-04 04:55:42,ERROR,"[E-2011] RF power unstable (LOT=L26100, STEP=PHOTO, value=15.9 unit)",RCP_PHOTO_04,
CMP02,2026-03-04 05:05:28,INFO,"[I-5000] Recipe changed by operator (LOT=L26087, STEP=PC, value=17.79 unit)",RCP_PC_01,
ETC01,2026-03-04 05:10:50,INFO,"[I-5000] Recipe changed by operator (LOT=L26099, STEP=CBCMP, value=8.64 unit)",RCP_CBCMP_03,E801212
PHO01,2026-03-04 05:24:33,ERROR,"[E-2011] RF power unstable (LOT=L26108, STEP=ETCH, value=23.31 unit)",RCP_ETCH_01,
CMP02,2026-03-04 05:40:56,WARN,"[W-3306] Pad temperature drift (LOT=L26022, STEP=RMG, value=12.91 unit)",RCP_RMG_02,
ETC02,2026-03-04 05:44:38,ERROR,"[E-1023] Chamber pressure high (LOT=L26024, STEP=RMG, value=3.78 unit)",RCP_RMG_03,E680642
ETC02,2026-03-04 05:52:24,WARN,"[W-3305] Slurry flow low (LOT=L26034, STEP=PC, value=21.81 unit)",RCP_PC_02,E581377
ETC01,2026-03-04 06:13:59,ERROR,"[E-2011] RF power unstable (LOT=L26012, STEP=PHOTO, value=8.23 unit)",RCP_PHOTO_01,E298388
CMP01,2026-03-04 06:15:28,WARN,"[W-3306] Pad temperature drift (LOT=L26049, STEP=PHOTO, value=1.68 unit)",RCP_PHOTO_02,E218224
CMP01,2026-03-04 06:25:18,ERROR,"[E-1023] Chamber pressure high (LOT=L26053, STEP=PHOTO, value=7.95 unit)",RCP_PHOTO_04,E356616
ETC01,2026-03-04 06:33:50,ERROR,"[E-2011] RF power unstable (LOT=L26106, STEP=PC, value=13.81 unit)",RCP_PC_03,
ETC01,2026-03-04 06:51:05,WARN,"[W-3305] Slurry flow low (LOT=L26099, STEP=PHOTO, value=6.97 unit)",RCP_PHOTO_02,
ETC02,2026-03-04 07:14:29,ERROR,"[E-2011] RF power unstable (LOT=L26047, STEP=PC, value=13.44 unit)",RCP_PC_05,E807084
ETC02,2026-03-04 07:16:02,ERROR,"[E-4102] Wafer transfer timeout (LOT=L26102, STEP=CBCMP, value=5.63 unit)",RCP_CBCMP_03,
PHO01,2026-03-04 07:54:03,ERROR,"[E-1023] Chamber pressure high (LOT=L26099, STEP=RMG, value=17.37 unit)",RCP_RMG_01,E302362
ETC01,2026-03-04 07:58:53,ERROR,"[E-1023] Chamber pressure high (LOT=L26009, STEP=PC, value=7.84 unit)",RCP_PC_04,
CMP01,2026-03-04 08:29:45,ERROR,"[E-2011] RF power unstable (LOT=L26070, STEP=PC, value=10.35 unit)",RCP_PC_02,E361175
ETC01,2026-03-04 08:53:15,WARN,"[W-3306] Pad temperature drift (LOT=L26032, STEP=PC, value=22.14 unit)",RCP_PC_04,E764986
CMP01,2026-03-04 09:03:02,ERROR,"[E-2011] RF power unstable (LOT=L26113, STEP=CBCMP, value=5.1 unit)",RCP_CBCMP_01,
PC01,2026-03-04 09:11:10,ERROR,"[E-1023] Chamber pressure high (LOT=L26039, STEP=PC, value=20.78 unit)",RCP_PC_04,E582285
ETC02,2026-03-04 09:11:35,ERROR,"[E-2011] RF power unstable (LOT=L26045, STEP=PHOTO, value=6.22 unit)",RCP_PHOTO_02,
CMP01,2026-03-04 09:16:23,ERROR,"[E-2011] RF power unstable (LOT=L26086, STEP=ETCH, value=13.02 unit)",RCP_ETCH_01,
ETC02,2026-03-04 09:22:54,ERROR,"[E-4102] Wafer transfer timeout (LOT=L26023, STEP=PHOTO, value=2.52 unit)",RCP_PHOTO_01,E318461
CMP02,2026-03-04 09:24:57,ERROR,"[E-2011] RF power unstable (LOT=L26076, STEP=CBCMP, value=6.26 unit)",RCP_CBCMP_01,E219457
ETC02,2026-03-04 09:25:36,INFO,"[I-5000] Recipe changed by operator (LOT=L26089, STEP=PHOTO, value=14.92 unit)",RCP_PHOTO_02,
ETC02,2026-03-04 09:53:31,WARN,"[W-3305] Slurry flow low (LOT=L26006, STEP=PHOTO, value=7.31 unit)",RCP_PHOTO_05,
PHO01,2026-03-04 09:54:14,ERROR,"[E-4102] Wafer transfer timeout (LOT=L26081, STEP=CBCMP, value=8.82 unit)",RCP_CBCMP_05,
ETC02,2026-03-04 09:55:37,INFO,"[I-5000] Recipe changed by operator (LOT=L26082, STEP=CBCMP, value=8.23 unit)",RCP_CBCMP_01,E906032
PHO01,2026-03-04 09:59:46,INFO,"[I-5000] Recipe changed by operator (LOT=L26014, STEP=ETCH, value=10.19 unit)",RCP_ETCH_05,
CMP02,2026-03-04 10:43:56,ERROR,"[E-2011] RF power unstable (LOT=L26023, STEP=PHOTO, value=8.99 unit)",RCP_PHOTO_02,E844691
ETC01,2026-03-04 10:51:30,WARN,"[W-3306] Pad temperature drift (LOT=L26105, STEP=CBCMP, value=8.17 unit)",RCP_CBCMP_05,
ETC01,2026-03-04 11:01:06,INFO,"[I-5000] Recipe changed by operator (LOT=L26072, STEP=RMG, value=16.1 unit)",RCP_RMG_03,
PC01,2026-03-04 11:05:11,INFO,"[I-5000] Recipe changed by operator (LOT=L26022, STEP=RMG, value=21.55 unit)",RCP_RMG_02,
PC01,2026-03-04 11:16:29,WARN,"[W-3306] Pad temperature drift (LOT=L26058, STEP=CBCMP, value=6.52 unit)",RCP_CBCMP_03,E517413
PHO01,2026-03-04 11:18:24,ERROR,"[E-1023] Chamber pressure high (LOT=L26109, STEP=ETCH, value=15.76 unit)",RCP_ETCH_03,
PHO01,2026-03-04 11:21:23,WARN,"[W-3305] Slurry flow low (LOT=L26024, STEP=PC, value=10.07 unit)",RCP_PC_05,
PC01,2026-03-04 11:24:30,WARN,"[W-3306] Pad temperature drift (LOT=L26047, STEP=CBCMP, value=3.68 unit)",RCP_CBCMP_02,
PC01,2026-03-04 11:30:47,WARN,"[W-3305] Slurry flow low (LOT=L26118, STEP=ETCH, value=18.42 unit)",RCP_ETCH_03,
CMP02,2026-03-04 11:40:57,WARN,"[W-3305] Slurry flow low (LOT=L26040, STEP=PC, value=20.35 unit)",RCP_PC_01,
PC01,2026-03-04 12:02:01,ERROR,"[E-4102] Wafer transfer timeout (LOT=L26006, STEP=RMG, value=2.09 unit)",RCP_RMG_02,
CMP02,2026-03-04 12:22:43,ERROR,"[E-2011] RF power unstable (LOT=L26046, STEP=PHOTO, value=19.38 unit)",RCP_PHOTO_01,
CMP01,2026-03-04 12:32:44,ERROR,"[E-1023] Chamber pressure high (LOT=L26011, STEP=PHOTO, value=16.88 unit)",RCP_PHOTO_03,E886740
PHO01,2026-03-04 12:41:03,INFO,"[I-5000] Recipe changed by operator (LOT=L26079, STEP=PC, value=23.59 unit)",RCP_PC_04,E951149
PC01,2026-03-04 12:42:41,ERROR,"[E-4102] Wafer transfer timeout (LOT=L26011, STEP=ETCH, value=1.78 unit)",RCP_ETCH_04,
PC01,2026-03-04 12:45:40,ERROR,"[E-1023] Chamber pressure high (LOT=L26013, STEP=ETCH, value=16.47 unit)",RCP_ETCH_04,
ETC01,2026-03-04 12:56:12,ERROR,"[E-1023] Chamber pressure high (LOT=L26018, STEP=ETCH, value=24.81 unit)",RCP_ETCH_02,
CMP01,2026-03-04 13:16:34,ERROR,"[E-4102] Wafer transfer timeout (LOT=L26069, STEP=PC, value=6.63 unit)",RCP_PC_04,E104687
CMP02,2026-03-04 13:33:28,ERROR,"[E-1023] Chamber pressure high (LOT=L26075, STEP=ETCH, value=22.91 unit)",RCP_ETCH_03,
CMP01,2026-03-04 13:51:06,INFO,"[I-5000] Recipe changed by operator (LOT=L26073, STEP=ETCH, value=8.76 unit)",RCP_ETCH_03,E371172
ETC01,2026-03-04 13:59:27,ERROR,"[E-2011] RF power unstable (LOT=L26032, STEP=RMG, value=14.41 unit)",RCP_RMG_02,
ETC01,2026-03-04 14:32:48,ERROR,"[E-4102] Wafer transfer timeout (LOT=L26112, STEP=RMG, value=3.64 unit)",RCP_RMG_05,E885414
ETC02,2026-03-04 14:33:11,WARN,"[W-3305] Slurry flow low (LOT=L26057, STEP=PHOTO, value=23.75 unit)",RCP_PHOTO_02,
PC01,2026-03-04 14:43:10,WARN,"[W-3306] Pad temperature drift (LOT=L26006, STEP=RMG, value=5.72 unit)",RCP_RMG_04,
ETC02,2026-03-04 14:57:12,ERROR,"[E-4102] Wafer transfer timeout (LOT=L26045, STEP=ETCH, value=2.02 unit)",RCP_ETCH_05,
CMP01,2026-03-04 15:12:31,ERROR,"[E-4102] Wafer transfer timeout (LOT=L26057, STEP=ETCH, value=18.91 unit)",RCP_ETCH_02,
PHO01,2026-03-04 15:46:53,ERROR,"[E-4102] Wafer transfer timeout (LOT=L26093, STEP=CBCMP, value=4.7 unit)",RCP_CBCMP_01,
CMP01,2026-03-04 16:08:22,WARN,"[W-3305] Slurry flow low (LOT=L26107, STEP=PHOTO, value=4.8 unit)",RCP_PHOTO_05,
ETC01,2026-03-04 16:40:15,ERROR,"[E-1023] Chamber pressure high (LOT=L26025, STEP=PC, value=13.49 unit)",RCP_PC_05,E325437
PHO01,2026-03-04 16:49:19,WARN,"[W-3306] Pad temperature drift (LOT=L26029, STEP=ETCH, value=21.12 unit)",RCP_ETCH_03,
CMP02,2026-03-04 16:54:19,ERROR,"[E-2011] RF power unstable (LOT=L26060, STEP=RMG, value=15.09 unit)",RCP_RMG_04,
ETC01,2026-03-04 16:56:18,ERROR,"[E-2011] RF power unstable (LOT=L26069, STEP=ETCH, value=11.43 unit)",RCP_ETCH_05,E648014
PHO01,2026-03-04 17:24:51,WARN,"[W-3305] Slurry flow low (LOT=L26097, STEP=PC, value=8.5 unit)",RCP_PC_01,E475401
CMP02,2026-03-04 17:29:24,ERROR,"[E-4102] Wafer transfer timeout (LOT=L26013, STEP=PHOTO, value=22.19 unit)",RCP_PHOTO_04,
PHO01,2026-03-04 17:32:04,ERROR,"[E-4102] Wafer transfer timeout (LOT=L26023, STEP=ETCH, value=14.77 unit)",RCP_ETCH_01,E789023
CMP02,2026-03-04 17:35:48,INFO,"[I-5000] Recipe changed by operator (LOT=L26061, STEP=ETCH, value=16.14 unit)",RCP_ETCH_01,
CMP01,2026-03-04 18:01:03,ERROR,"[E-2011] RF power unstable (LOT=L26013, STEP=PC, value=8.24 unit)",RCP_PC_03,
CMP01,2026-03-04 18:09:03,ERROR,"[E-2011] RF power unstable (LOT=L26093, STEP=PC, value=13.45 unit)",RCP_PC_04,E877738
ETC02,2026-03-04 18:14:58,ERROR,"[E-1023] Chamber pressure high (LOT=L26062, STEP=RMG, value=19.67 unit)",RCP_RMG_03,E784254
ETC02,2026-03-04 18:24:04,ERROR,"[E-4102] Wafer transfer timeout (LOT=L26063, STEP=CBCMP, value=9.71 unit)",RCP_CBCMP_05,E108476
CMP01,2026-03-04 18:24:48,WARN,"[W-3305] Slurry flow low (LOT=L26012, STEP=CBCMP, value=24.34 unit)",RCP_CBCMP_03,
CMP02,2026-03-04 18:51:57,WARN,"[W-3306] Pad temperature drift (LOT=L26107, STEP=CBCMP, value=14.69 unit)",RCP_CBCMP_02,E414165
ETC01,2026-03-04 19:30:15,ERROR,"[E-2011] RF power unstable (LOT=L26039, STEP=CBCMP, value=20.36 unit)",RCP_CBCMP_04,E293395
CMP02,2026-03-04 19:47:23,WARN,"[W-3306] Pad temperature drift (LOT=L26044, STEP=CBCMP, value=23.41 unit)",RCP_CBCMP_04,
PHO01,2026-03-04 20:06:58,ERROR,"[E-1023] Chamber pressure high (LOT=L26041, STEP=PHOTO, value=20.17 unit)",RCP_PHOTO_02,
ETC02,2026-03-04 20:13:28,ERROR,"[E-1023] Chamber pressure high (LOT=L26091, STEP=PC, value=14.67 unit)",RCP_PC_05,
PHO01,2026-03-04 20:30:38,ERROR,"[E-2011] RF power unstable (LOT=L26118, STEP=RMG, value=5.37 unit)",RCP_RMG_02,
CMP02,2026-03-04 20:31:30,INFO,"[I-5000] Recipe changed by operator (LOT=L26022, STEP=ETCH, value=1.1 unit)",RCP_ETCH_04,
CMP01,2026-03-04 20:35:12,WARN,"[W-3306] Pad temperature drift (LOT=L26059, STEP=ETCH, value=7.46 unit)",RCP_ETCH_04,
CMP02,2026-03-04 20:36:55,ERROR,"[E-1023] Chamber pressure high (LOT=L26006, STEP=PC, value=0.88 unit)",RCP_PC_03,
CMP01,2026-03-04 20:37:59,INFO,"[I-5000] Recipe changed by operator (LOT=L26002, STEP=CBCMP, value=20.91 unit)",RCP_CBCMP_01,E470457
PC01,2026-03-04 21:02:51,ERROR,"[E-2011] RF power unstable (LOT=L26063, STEP=ETCH, value=3.25 unit)",RCP_ETCH_02,
ETC01,2026-03-04 21:04:03,ERROR,"[E-1023] Chamber pressure high (LOT=L26016, STEP=ETCH, value=8.65 unit)",RCP_ETCH_05,
CMP01,2026-03-04 21:12:59,INFO,"[I-5000] Recipe changed by operator (LOT=L26094, STEP=ETCH, value=20.21 unit)",RCP_ETCH_01,
CMP01,2026-03-04 21:22:49,WARN,"[W-3306] Pad temperature drift (LOT=L26032, STEP=CBCMP, value=15.77 unit)",RCP_CBCMP_05,
ETC02,2026-03-04 21:43:29,ERROR,"[E-1023] Chamber pressure high (LOT=L26062, STEP=ETCH, value=2.27 unit)",RCP_ETCH_02,E464887
ETC01,2026-03-04 21:56:37,ERROR,"[E-2011] RF power unstable (LOT=L26048, STEP=PHOTO, value=19.8 unit)",RCP_PHOTO_01,
PHO01,2026-03-04 22:10:07,ERROR,"[E-2011] RF power unstable (LOT=L26023, STEP=ETCH, value=22.88 unit)",RCP_ETCH_04,E464189
ETC02,2026-03-04 22:26:45,ERROR,"[E-4102] Wafer transfer timeout (LOT=L26041, STEP=ETCH, value=24.91 unit)",RCP_ETCH_05,E912553
CMP02,2026-03-04 22:33:37,ERROR,"[E-4102] Wafer transfer timeout (LOT=L26090, STEP=PHOTO, value=17.76 unit)",RCP_PHOTO_05,
PHO01,2026-03-04 22:40:01,ERROR,"[E-2011] RF power unstable (LOT=L26036, STEP=CBCMP, value=13.02 unit)",RCP_CBCMP_03,
CMP01,2026-03-04 22:43:37,ERROR,"[E-1023] Chamber pressure high (LOT=L26119, STEP=CBCMP, value=17.64 unit)",RCP_CBCMP_05,
ETC02,2026-03-04 23:01:15,WARN,"[W-3306] Pad temperature drift (LOT=L26057, STEP=PC, value=13.08 unit)",RCP_PC_03,
CMP02,2026-03-04 23:05:26,WARN,"[W-3305] Slurry flow low (LOT=L26017, STEP=CBCMP, value=3.72 unit)",RCP_CBCMP_01,
ETC02,2026-03-04 23:15:30,WARN,"[W-3306] Pad temperature drift (LOT=L26059, STEP=RMG, value=22.65 unit)",RCP_RMG_01,
PHO01,2026-03-04 23:31:23,WARN,"[W-3306] Pad temperature drift (LOT=L26092, STEP=PHOTO, value=20.57 unit)",RCP_PHOTO_03,
CMP01,2026-03-04 23:49:22,WARN,"[W-3306] Pad temperature drift (LOT=L26074, STEP=CBCMP, value=5.23 unit)",RCP_CBCMP_01,
CMP01,2026-03-04 23:56:23,ERROR,"[E-1023] Chamber pressure high (LOT=L26051, STEP=CBCMP, value=5.83 unit)",RCP_CBCMP_03,
PC01,2026-03-04 23:57:35,INFO,"[I-5000] Recipe changed by operator (LOT=L26079, STEP=PC, value=18.91 unit)",RCP_PC_01,
ETC02,2026-03-04 23:57:35,ERROR,"[E-1023] Chamber pressure high (LOT=L26032, STEP=ETCH, value=15.37 unit)",RCP_ETCH_05,E316292
CMP02,2026-03-05 00:10:04,ERROR,"[E-4102] Wafer transfer timeout (LOT=L26110, STEP=PC, value=8.57 unit)",RCP_PC_04,E426635
CMP02,2026-03-05 00:54:14,WARN,"[W-3306] Pad temperature drift (LOT=L26108, STEP=ETCH, value=20.63 unit)",RCP_ETCH_02,E490792
PHO01,2026-03-05 01:00:13,WARN,"[W-3305] Slurry flow low (LOT=L26118, STEP=CBCMP, value=19.96 unit)",RCP_CBCMP_01,E907377
PC01,2026-03-05 01:03:11,INFO,"[I-5000] Recipe changed by operator (LOT=L26009, STEP=CBCMP, value=7.0 unit)",RCP_CBCMP_01,
ETC01,2026-03-05 01:24:04,WARN,"[W-3305] Slurry flow low (LOT=L26039, STEP=PC, value=19.14 unit)",RCP_PC_02,
PHO01,2026-03-05 01:27:45,ERROR,"[E-1023] Chamber pressure high (LOT=L26090, STEP=CBCMP, value=11.5 unit)",RCP_CBCMP_02,E704807
ETC01,2026-03-05 01:28:35,ERROR,"[E-2011] RF power unstable (LOT=L26005, STEP=PHOTO, value=11.4 unit)",RCP_PHOTO_01,E472220
PC01,2026-03-05 01:41:02,WARN,"[W-3306] Pad temperature drift (LOT=L26036, STEP=ETCH, value=20.18 unit)",RCP_ETCH_05,
ETC02,2026-03-05 02:00:16,WARN,"[W-3305] Slurry flow low (LOT=L26064, STEP=ETCH, value=8.76 unit)",RCP_ETCH_02,
ETC02,2026-03-05 02:36:14,WARN,"[W-3306] Pad temperature drift (LOT=L26032, STEP=ETCH, value=4.3 unit)",RCP_ETCH_04,E416977
CMP01,2026-03-05 02:43:03,ERROR,"[E-4102] Wafer transfer timeout (LOT=L26031, STEP=PHOTO, value=19.16 unit)",RCP_PHOTO_05,
ETC01,2026-03-05 03:11:54,ERROR,"[E-4102] Wafer transfer timeout (LOT=L26011, STEP=ETCH, value=20.75 unit)",RCP_ETCH_03,
PHO01,2026-03-05 03:14:02,ERROR,"[E-4102] Wafer transfer timeout (LOT=L26062, STEP=PC, value=20.35 unit)",RCP_PC_04,
PHO01,2026-03-05 03:21:57,ERROR,"[E-1023] Chamber pressure high (LOT=L26099, STEP=PC, value=13.97 unit)",RCP_PC_04,E949402
ETC02,2026-03-05 03:52:23,ERROR,"[E-4102] Wafer transfer timeout (LOT=L26012, STEP=ETCH, value=10.86 unit)",RCP_ETCH_03,E524904
PHO01,2026-03-05 04:07:41,INFO,"[I-5000] Recipe changed by operator (LOT=L26078, STEP=PC, value=7.52 unit)",RCP_PC_05,E631209
PC01,2026-03-05 04:11:05,ERROR,"[E-4102] Wafer transfer timeout (LOT=L26043, STEP=PC, value=3.0 unit)",RCP_PC_03,
CMP02,2026-03-05 04:24:28,WARN,"[W-3305] Slurry flow low (LOT=L26040, STEP=ETCH, value=23.81 unit)",RCP_ETCH_01,
ETC02,2026-03-05 04:26:24,WARN,"[W-3305] Slurry flow low (LOT=L26091, STEP=RMG, value=14.55 unit)",RCP_RMG_01,E721928
CMP01,2026-03-05 04:49:47,ERROR,"[E-2011] RF power unstable (LOT=L26083, STEP=PHOTO, value=10.19 unit)",RCP_PHOTO_03,
PHO01,2026-03-05 05:15:23,ERROR,"[E-1023] Chamber pressure high (LOT=L26103, STEP=PC, value=15.2 unit)",RCP_PC_01,
CMP01,2026-03-05 05:20:05,WARN,"[W-3306] Pad temperature drift (LOT=L26111, STEP=ETCH, value=4.56 unit)",RCP_ETCH_04,
PC01,2026-03-05 05:30:57,ERROR,"[E-1023] Chamber pressure high (LOT=L26059, STEP=PHOTO, value=6.07 unit)",RCP_PHOTO_03,
PHO01,2026-03-05 05:31:15,ERROR,"[E-4102] Wafer transfer timeout (LOT=L26021, STEP=RMG, value=20.19 unit)",RCP_RMG_03,
ETC02,2026-03-05 06:00:09,ERROR,"[E-1023] Chamber pressure high (LOT=L26106, STEP=PC, value=19.96 unit)",RCP_PC_02,E200793
CMP01,2026-03-05 06:01:06,INFO,"[I-5000] Recipe changed by operator (LOT=L26102, STEP=PHOTO, value=20.2 unit)",RCP_PHOTO_05,
PC01,2026-03-05 06:01:37,WARN,"[W-3305] Slurry flow low (LOT=L26116, STEP=RMG, value=18.87 unit)",RCP_RMG_04,
ETC02,2026-03-05 06:10:13,WARN,"[W-3306] Pad temperature drift (LOT=L26071, STEP=PC, value=2.32 unit)",RCP_PC_01,
PC01,2026-03-05 06:17:21,ERROR,"[E-4102] Wafer transfer timeout (LOT=L26055, STEP=ETCH, value=8.8 unit)",RCP_ETCH_05,
CMP01,2026-03-05 06:23:27,ERROR,"[E-4102] Wafer transfer timeout (LOT=L26092, STEP=ETCH, value=24.3 unit)",RCP_ETCH_04,
PC01,2026-03-05 06:26:05,ERROR,"[E-2011] RF power unstable (LOT=L26080, STEP=ETCH, value=22.7 unit)",RCP_ETCH_04,E846336
PHO01,2026-03-05 06:34:11,ERROR,"[E-4102] Wafer transfer timeout (LOT=L26049, STEP=ETCH, value=9.0 unit)",RCP_ETCH_02,
PC01,2026-03-05 06:41:41,WARN,"[W-3305] Slurry flow low (LOT=L26005, STEP=CBCMP, value=10.98 unit)",RCP_CBCMP_04,
CMP02,2026-03-05 06:42:50,ERROR,"[E-1023] Chamber pressure high (LOT=L26117, STEP=PHOTO, value=7.63 unit)",RCP_PHOTO_03,E431903
ETC01,2026-03-05 06:47:38,ERROR,"[E-2011] RF power unstable (LOT=L26103, STEP=ETCH, value=14.0 unit)",RCP_ETCH_02,E365966
PHO01,2026-03-05 06:54:27,ERROR,"[E-4102] Wafer transfer timeout (LOT=L26103, STEP=PHOTO, value=1.67 unit)",RCP_PHOTO_05,
PHO01,2026-03-05 07:01:05,WARN,"[W-3305] Slurry flow low (LOT=L26104, STEP=ETCH, value=2.91 unit)",RCP_ETCH_02,E706715
ETC01,2026-03-05 07:01:44,ERROR,"[E-1023] Chamber pressure high (LOT=L26071, STEP=PHOTO, value=8.39 unit)",RCP_PHOTO_04,
PC01,2026-03-05 07:13:16,WARN,"[W-3305] Slurry flow low (LOT=L26025, STEP=CBCMP, value=1.53 unit)",RCP_CBCMP_02,
CMP01,2026-03-05 07:15:35,INFO,"[I-5000] Recipe changed by operator (LOT=L26050, STEP=CBCMP, value=18.1 unit)",RCP_CBCMP_03,
ETC02,2026-03-05 07:30:10,ERROR,"[E-4102] Wafer transfer timeout (LOT=L26000, STEP=PHOTO, value=16.82 unit)",RCP_PHOTO_03,E765348
PHO01,2026-03-05 07:49:17,ERROR,"[E-2011] RF power unstable (LOT=L26020, STEP=RMG, value=21.09 unit)",RCP_RMG_03,E944363
CMP02,2026-03-05 07:53:10,ERROR,"[E-2011] RF power unstable (LOT=L26003, STEP=PC, value=11.72 unit)",RCP_PC_01,
CMP01,2026-03-05 08:23:18,ERROR,"[E-4102] Wafer transfer timeout (LOT=L26062, STEP=PC, value=23.32 unit)",RCP_PC_04,E112419
ETC02,2026-03-05 08:23:43,WARN,"[W-3305] Slurry flow low (LOT=L26072, STEP=CBCMP, value=21.1 unit)",RCP_CBCMP_01,
CMP02,2026-03-05 08:25:46,WARN,"[W-3305] Slurry flow low (LOT=L26053, STEP=RMG, value=4.2 unit)",RCP_RMG_03,E154722
CMP02,2026-03-05 09:07:28,ERROR,"[E-4102] Wafer transfer timeout (LOT=L26110, STEP=PHOTO, value=22.93 unit)",RCP_PHOTO_01,E443974
PHO01,2026-03-05 09:22:56,ERROR,"[E-1023] Chamber pressure high (LOT=L26065, STEP=ETCH, value=24.62 unit)",RCP_ETCH_03,
PC01,2026-03-05 09:43:37,ERROR,"[E-1023] Chamber pressure high (LOT=L26008, STEP=PHOTO, value=23.71 unit)",RCP_PHOTO_03,
ETC02,2026-03-05 09:50:06,INFO,"[I-5000] Recipe changed by operator (LOT=L26072, STEP=CBCMP, value=10.66 unit)",RCP_CBCMP_01,
ETC01,2026-03-05 10:00:05,ERROR,"[E-2011] RF power unstable (LOT=L26052, STEP=CBCMP, value=17.22 unit)",RCP_CBCMP_03,
ETC01,2026-03-05 10:30:45,ERROR,"[E-4102] Wafer transfer timeout (LOT=L26114, STEP=PHOTO, value=10.81 unit)",RCP_PHOTO_02,
CMP01,2026-03-05 10:44:06,INFO,"[I-5000] Recipe changed by operator (LOT=L26060, STEP=RMG, value=3.02 unit)",RCP_RMG_01,
ETC02,2026-03-05 10:58:30,WARN,"[W-3305] Slurry flow low (LOT=L26027, STEP=PC, value=10.68 unit)",RCP_PC_02,E433092
PC01,2026-03-05 11:19:34,ERROR,"[E-4102] Wafer transfer timeout (LOT=L26023, STEP=PC, value=4.5 unit)",RCP_PC_03,
PC01,2026-03-05 11:22:26,INFO,"[I-5000] Recipe changed by operator (LOT=L26059, STEP=PHOTO, value=13.8 unit)",RCP_PHOTO_03,
CMP01,2026-03-05 11:48:26,ERROR,"[E-4102] Wafer transfer timeout (LOT=L26020, STEP=PHOTO, value=16.48 unit)",RCP_PHOTO_05,E324704
CMP02,2026-03-05 11:57:29,ERROR,"[E-1023] Chamber pressure high (LOT=L26033, STEP=ETCH, value=8.77 unit)",RCP_ETCH_02,E313057
PHO01,2026-03-05 12:18:22,ERROR,"[E-2011] RF power unstable (LOT=L26005, STEP=PC, value=4.3 unit)",RCP_PC_01,
ETC02,2026-03-05 12:31:37,WARN,"[W-3306] Pad temperature drift (LOT=L26102, STEP=PHOTO, value=9.64 unit)",RCP_PHOTO_03,E551481
PC01,2026-03-05 12:33:38,WARN,"[W-3305] Slurry flow low (LOT=L26045, STEP=RMG, value=13.11 unit)",RCP_RMG_02,E139849
PC01,2026-03-05 12:52:41,WARN,"[W-3306] Pad temperature drift (LOT=L26067, STEP=PC, value=8.29 unit)",RCP_PC_05,
CMP02,2026-03-05 13:35:26,WARN,"[W-3305] Slurry flow low (LOT=L26000, STEP=RMG, value=16.81 unit)",RCP_RMG_01,
CMP02,2026-03-05 13:35:34,WARN,"[W-3306] Pad temperature drift (LOT=L26106, STEP=CBCMP, value=17.95 unit)",RCP_CBCMP_02,E832722
CMP01,2026-03-05 13:38:25,INFO,"[I-5000] Recipe changed by operator (LOT=L26082, STEP=CBCMP, value=5.88 unit)",RCP_CBCMP_01,E428826
CMP02,2026-03-05 13:44:14,INFO,"[I-5000] Recipe changed by operator (LOT=L26040, STEP=RMG, value=18.59 unit)",RCP_RMG_01,
ETC01,2026-03-05 13:48:03,INFO,"[I-5000] Recipe changed by operator (LOT=L26091, STEP=RMG, value=15.84 unit)",RCP_RMG_05,
ETC01,2026-03-05 13:50:38,WARN,"[W-3306] Pad temperature drift (LOT=L26105, STEP=CBCMP, value=24.72 unit)",RCP_CBCMP_03,
PHO01,2026-03-05 13:56:12,INFO,"[I-5000] Recipe changed by operator (LOT=L26007, STEP=ETCH, value=1.08 unit)",RCP_ETCH_02,
CMP02,2026-03-05 13:56:16,ERROR,"[E-4102] Wafer transfer timeout (LOT=L26095, STEP=PHOTO, value=2.77 unit)",RCP_PHOTO_05,E558527
PC01,2026-03-05 14:05:46,WARN,"[W-3305] Slurry flow low (LOT=L26107, STEP=CBCMP, value=4.28 unit)",RCP_CBCMP_01,
PHO01,2026-03-05 14:08:44,ERROR,"[E-4102] Wafer transfer timeout (LOT=L26107, STEP=ETCH, value=22.89 unit)",RCP_ETCH_03,E638826
ETC01,2026-03-05 14:10:29,WARN,"[W-3306] Pad temperature drift (LOT=L26085, STEP=PHOTO, value=17.04 unit)",RCP_PHOTO_01,
ETC01,2026-03-05 14:22:41,ERROR,"[E-2011] RF power unstable (LOT=L26108, STEP=PHOTO, value=4.83 unit)",RCP_PHOTO_03,
PC01,2026-03-05 14:41:01,INFO,"[I-5000] Recipe changed by operator (LOT=L26035, STEP=ETCH, value=19.11 unit)",RCP_ETCH_03,
CMP01,2026-03-05 14:55:43,WARN,"[W-3305] Slurry flow low (LOT=L26117, STEP=PC, value=11.18 unit)",RCP_PC_03,
ETC01,2026-03-05 15:07:11,ERROR,"[E-4102] Wafer transfer timeout (LOT=L26106, STEP=CBCMP, value=21.65 unit)",RCP_CBCMP_03,
PHO01,2026-03-05 15:18:07,ERROR,"[E-1023] Chamber pressure high (LOT=L26094, STEP=PHOTO, value=11.11 unit)",RCP_PHOTO_04,
PC01,2026-03-05 15:27:00,ERROR,"[E-4102] Wafer transfer timeout (LOT=L26040, STEP=RMG, value=15.76 unit)",RCP_RMG_05,
PC01,2026-03-05 15:28:43,ERROR,"[E-2011] RF power unstable (LOT=L26018, STEP=PC, value=14.27 unit)",RCP_PC_02,E200030
CMP02,2026-03-05 15:34:08,ERROR,"[E-4102] Wafer transfer timeout (LOT=L26045, STEP=ETCH, value=4.03 unit)",RCP_ETCH_02,
ETC01,2026-03-05 15:37:58,WARN,"[W-3305] Slurry flow low (LOT=L26059, STEP=RMG, value=10.63 unit)",RCP_RMG_05,E804797
ETC02,2026-03-05 15:53:15,INFO,"[I-5000] Recipe changed by operator (LOT=L26009, STEP=ETCH, value=17.78 unit)",RCP_ETCH_05,
PHO01,2026-03-05 15:59:24,WARN,"[W-3305] Slurry flow low (LOT=L26069, STEP=PC, value=1.55 unit)",RCP_PC_05,
ETC01,2026-03-05 16:10:17,INFO,"[I-5000] Recipe changed by operator (LOT=L26109, STEP=ETCH, value=6.31 unit)",RCP_ETCH_01,
ETC02,2026-03-05 16:24:31,INFO,"[I-5000] Recipe changed by operator (LOT=L26075, STEP=CBCMP, value=4.54 unit)",RCP_CBCMP_04,
CMP01,2026-03-05 16:29:37,ERROR,"[E-2011] RF power unstable (LOT=L26048, STEP=ETCH, value=23.82 unit)",RCP_ETCH_01,
ETC01,2026-03-05 16:54:22,ERROR,"[E-1023] Chamber pressure high (LOT=L26079, STEP=RMG, value=23.78 unit)",RCP_RMG_01,
PHO01,2026-03-05 16:58:20,INFO,"[I-5000] Recipe changed by operator (LOT=L26014, STEP=PC, value=7.4 unit)",RCP_PC_03,
CMP01,2026-03-05 17:17:45,WARN,"[W-3305] Slurry flow low (LOT=L26112, STEP=ETCH, value=8.4 unit)",RCP_ETCH_03,E303316
ETC02,2026-03-05 17:29:04,WARN,"[W-3306] Pad temperature drift (LOT=L26111, STEP=PHOTO, value=23.72 unit)",RCP_PHOTO_04,
PHO01,2026-03-05 17:36:38,WARN,"[W-3305] Slurry flow low (LOT=L26043, STEP=CBCMP, value=22.24 unit)",RCP_CBCMP_05,
PC01,2026-03-05 17:52:43,ERROR,"[E-2011] RF power unstable (LOT=L26016, STEP=ETCH, value=5.63 unit)",RCP_ETCH_03,
PHO01,2026-03-05 17:59:21,WARN,"[W-3306] Pad temperature drift (LOT=L26001, STEP=ETCH, value=12.92 unit)",RCP_ETCH_03,E831772
CMP02,2026-03-05 18:04:08,WARN,"[W-3305] Slurry flow low (LOT=L26116, STEP=RMG, value=12.63 unit)",RCP_RMG_04,
CMP01,2026-03-05 18:04:25,ERROR,"[E-1023] Chamber pressure high (LOT=L26026, STEP=RMG, value=1.72 unit)",RCP_RMG_03,E491068
PC01,2026-03-05 18:05:22,WARN,"[W-3305] Slurry flow low (LOT=L26078, STEP=RMG, value=16.64 unit)",RCP_RMG_05,E396308
ETC01,2026-03-05 18:17:51,ERROR,"[E-2011] RF power unstable (LOT=L26047, STEP=RMG, value=15.77 unit)",RCP_RMG_04,
CMP02,2026-03-05 18:55:31,INFO,"[I-5000] Recipe changed by operator (LOT=L26026, STEP=PC, value=15.66 unit)",RCP_PC_05,
CMP01,2026-03-05 18:56:12,WARN,"[W-3306] Pad temperature drift (LOT=L26073, STEP=RMG, value=1.39 unit)",RCP_RMG_05,E173893
CMP02,2026-03-05 19:03:02,ERROR,"[E-4102] Wafer transfer timeout (LOT=L26032, STEP=PHOTO, value=20.57 unit)",RCP_PHOTO_01,E587817
CMP02,2026-03-05 19:23:31,INFO,"[I-5000] Recipe changed by operator (LOT=L26078, STEP=PHOTO, value=6.75 unit)",RCP_PHOTO_01,
ETC02,2026-03-05 19:29:03,INFO,"[I-5000] Recipe changed by operator (LOT=L26051, STEP=RMG, value=6.38 unit)",RCP_RMG_03,
CMP01,2026-03-05 19:41:01,ERROR,"[E-1023] Chamber pressure high (LOT=L26089, STEP=RMG, value=16.9 unit)",RCP_RMG_04,
PC01,2026-03-05 19:44:28,ERROR,"[E-1023] Chamber pressure high (LOT=L26025, STEP=RMG, value=3.23 unit)",RCP_RMG_05,E201050
PC01,2026-03-05 19:50:40,ERROR,"[E-1023] Chamber pressure high (LOT=L26111, STEP=PHOTO, value=6.66 unit)",RCP_PHOTO_05,
ETC01,2026-03-05 19:52:41,ERROR,"[E-2011] RF power unstable (LOT=L26076, STEP=PC, value=20.45 unit)",RCP_PC_05,
CMP01,2026-03-05 19:59:54,WARN,"[W-3306] Pad temperature drift (LOT=L26031, STEP=CBCMP, value=12.81 unit)",RCP_CBCMP_03,E934981
PHO01,2026-03-05 20:16:57,INFO,"[I-5000] Recipe changed by operator (LOT=L26006, STEP=PHOTO, value=10.93 unit)",RCP_PHOTO_04,
ETC01,2026-03-05 20:20:45,WARN,"[W-3306] Pad temperature drift (LOT=L26004, STEP=PC, value=15.58 unit)",RCP_PC_05,
ETC01,2026-03-05 20:33:41,ERROR,"[E-2011] RF power unstable (LOT=L26053, STEP=PHOTO, value=22.51 unit)",RCP_PHOTO_01,
PC01,2026-03-05 20:36:16,ERROR,"[E-2011] RF power unstable (LOT=L26047, STEP=ETCH, value=19.62 unit)",RCP_ETCH_02,
ETC02,2026-03-05 20:53:22,ERROR,"[E-1023] Chamber pressure high (LOT=L26011, STEP=RMG, value=8.08 unit)",RCP_RMG_03,E372445
CMP01,2026-03-05 20:59:34,INFO,"[I-5000] Recipe changed by operator (LOT=L26014, STEP=ETCH, value=7.55 unit)",RCP_ETCH_04,
PHO01,2026-03-05 21:00:22,WARN,"[W-3306] Pad temperature drift (LOT=L26108, STEP=CBCMP, value=17.03 unit)",RCP_CBCMP_03,
CMP02,2026-03-05 21:28:05,WARN,"[W-3305] Slurry flow low (LOT=L26040, STEP=PC, value=12.6 unit)",RCP_PC_02,
ETC02,2026-03-05 21:42:45,ERROR,"[E-4102] Wafer transfer timeout (LOT=L26052, STEP=ETCH, value=21.1 unit)",RCP_ETCH_03,
CMP02,2026-03-05 21:46:31,ERROR,"[E-2011] RF power unstable (LOT=L26106, STEP=PHOTO, value=19.04 unit)",RCP_PHOTO_02,
CMP01,2026-03-05 22:05:23,ERROR,"[E-2011] RF power unstable (LOT=L26033, STEP=RMG, value=10.54 unit)",RCP_RMG_01,E117203
CMP02,2026-03-05 22:28:54,INFO,"[I-5000] Recipe changed by operator (LOT=L26060, STEP=RMG, value=2.03 unit)",RCP_RMG_05,
PHO01,2026-03-05 22:42:13,WARN,"[W-3306] Pad temperature drift (LOT=L26061, STEP=PHOTO, value=1.01 unit)",RCP_PHOTO_01,
PC01,2026-03-05 22:54:45,ERROR,"[E-2011] RF power unstable (LOT=L26046, STEP=PHOTO, value=9.9 unit)",RCP_PHOTO_04,
PHO01,2026-03-05 23:12:33,INFO,"[I-5000] Recipe changed by operator (LOT=L26047, STEP=RMG, value=8.0 unit)",RCP_RMG_03,
CMP02,2026-03-05 23:36:31,WARN,"[W-3305] Slurry flow low (LOT=L26093, STEP=RMG, value=21.23 unit)",RCP_RMG_02,E406774
ETC01,2026-03-05 23:49:23,INFO,"[I-5000] Recipe changed by operator (LOT=L26096, STEP=RMG, value=16.15 unit)",RCP_RMG_05,
PC01,2026-03-06 00:05:28,ERROR,"[E-4102] Wafer transfer timeout (LOT=L26072, STEP=PC, value=16.28 unit)",RCP_PC_01,E415179
CMP02,2026-03-06 00:19:48,ERROR,"[E-4102] Wafer transfer timeout (LOT=L26028, STEP=PC, value=15.36 unit)",RCP_PC_03,E903973
CMP02,2026-03-06 00:27:05,WARN,"[W-3305] Slurry flow low (LOT=L26049, STEP=PHOTO, value=3.26 unit)",RCP_PHOTO_03,
PHO01,2026-03-06 00:51:17,ERROR,"[E-1023] Chamber pressure high (LOT=L26079, STEP=RMG, value=17.95 unit)",RCP_RMG_02,E100403
CMP01,2026-03-06 00:51:23,WARN,"[W-3306] Pad temperature drift (LOT=L26105, STEP=PC, value=5.3 unit)",RCP_PC_02,
ETC02,2026-03-06 00:53:01,WARN,"[W-3305] Slurry flow low (LOT=L26118, STEP=RMG, value=7.2 unit)",RCP_RMG_02,E799760
ETC02,2026-03-06 00:56:00,WARN,"[W-3306] Pad temperature drift (LOT=L26036, STEP=PHOTO, value=8.68 unit)",RCP_PHOTO_02,
ETC01,2026-03-06 01:04:34,WARN,"[W-3306] Pad temperature drift (LOT=L26059, STEP=CBCMP, value=2.41 unit)",RCP_CBCMP_03,E700868
ETC01,2026-03-06 01:08:12,ERROR,"[E-2011] RF power unstable (LOT=L26046, STEP=PC, value=5.98 unit)",RCP_PC_05,
CMP02,2026-03-06 01:24:43,ERROR,"[E-2011] RF power unstable (LOT=L26109, STEP=PHOTO, value=2.66 unit)",RCP_PHOTO_02,E697669
ETC01,2026-03-06 02:00:48,ERROR,"[E-2011] RF power unstable (LOT=L26096, STEP=ETCH, value=22.92 unit)",RCP_ETCH_04,
CMP02,2026-03-06 02:14:53,ERROR,"[E-4102] Wafer transfer timeout (LOT=L26021, STEP=RMG, value=18.64 unit)",RCP_RMG_02,
CMP02,2026-03-06 02:17:46,INFO,"[I-5000] Recipe changed by operator (LOT=L26097, STEP=CBCMP, value=15.92 unit)",RCP_CBCMP_02,
PHO01,2026-03-06 02:24:59,ERROR,"[E-2011] RF power unstable (LOT=L26095, STEP=PHOTO, value=7.0 unit)",RCP_PHOTO_02,
PHO01,2026-03-06 02:28:34,ERROR,"[E-1023] Chamber pressure high (LOT=L26110, STEP=PC, value=20.89 unit)",RCP_PC_05,E852637
CMP01,2026-03-06 02:48:25,WARN,"[W-3306] Pad temperature drift (LOT=L26007, STEP=CBCMP, value=24.59 unit)",RCP_CBCMP_02,E158366
CMP01,2026-03-06 02:57:19,ERROR,"[E-1023] Chamber pressure high (LOT=L26061, STEP=RMG, value=3.8 unit)",RCP_RMG_03,E896394
ETC02,2026-03-06 02:58:41,ERROR,"[E-2011] RF power unstable (LOT=L26039, STEP=PHOTO, value=23.56 unit)",RCP_PHOTO_04,
CMP02,2026-03-06 03:00:11,WARN,"[W-3305] Slurry flow low (LOT=L26111, STEP=CBCMP, value=15.29 unit)",RCP_CBCMP_03,E936478
ETC02,2026-03-06 03:00:16,WARN,"[W-3306] Pad temperature drift (LOT=L26007, STEP=ETCH, value=6.37 unit)",RCP_ETCH_05,
ETC02,2026-03-06 03:02:46,ERROR,"[E-4102] Wafer transfer timeout (LOT=L26026, STEP=PHOTO, value=22.88 unit)",RCP_PHOTO_04,
PHO01,2026-03-06 03:05:40,ERROR,"[E-4102] Wafer transfer timeout (LOT=L26042, STEP=PHOTO, value=6.89 unit)",RCP_PHOTO_04,E887183
ETC02,2026-03-06 03:19:16,INFO,"[I-5000] Recipe changed by operator (LOT=L26028, STEP=ETCH, value=22.07 unit)",RCP_ETCH_04,
ETC01,2026-03-06 03:35:23,ERROR,"[E-1023] Chamber pressure high (LOT=L26084, STEP=ETCH, value=23.42 unit)",RCP_ETCH_05,E331389
PHO01,2026-03-06 03:36:54,ERROR,"[E-4102] Wafer transfer timeout (LOT=L26071, STEP=ETCH, value=19.84 unit)",RCP_ETCH_02,E769479
ETC01,2026-03-06 04:05:30,WARN,"[W-3305] Slurry flow low (LOT=L26101, STEP=CBCMP, value=21.62 unit)",RCP_CBCMP_03,E431270
CMP01,2026-03-06 04:25:41,ERROR,"[E-2011] RF power unstable (LOT=L26110, STEP=CBCMP, value=22.75 unit)",RCP_CBCMP_01,E689535
PHO01,2026-03-06 04:46:56,ERROR,"[E-4102] Wafer transfer timeout (LOT=L26035, STEP=CBCMP, value=5.24 unit)",RCP_CBCMP_04,
PHO01,2026-03-06 05:28:57,WARN,"[W-3305] Slurry flow low (LOT=L26077, STEP=PHOTO, value=0.9 unit)",RCP_PHOTO_05,
ETC01,2026-03-06 05:29:44,INFO,"[I-5000] Recipe changed by operator (LOT=L26101, STEP=CBCMP, value=14.85 unit)",RCP_CBCMP_03,
ETC01,2026-03-06 05:34:55,INFO,"[I-5000] Recipe changed by operator (LOT=L26004, STEP=PC, value=4.33 unit)",RCP_PC_04,
PC01,2026-03-06 05:40:47,ERROR,"[E-4102] Wafer transfer timeout (LOT=L26050, STEP=PHOTO, value=13.02 unit)",RCP_PHOTO_01,
CMP02,2026-03-06 05:44:33,ERROR,"[E-1023] Chamber pressure high (LOT=L26013, STEP=ETCH, value=21.62 unit)",RCP_ETCH_01,
CMP02,2026-03-06 06:24:29,ERROR,"[E-2011] RF power unstable (LOT=L26064, STEP=PC, value=10.43 unit)",RCP_PC_01,
ETC02,2026-03-06 06:26:06,ERROR,"[E-4102] Wafer transfer timeout (LOT=L26074, STEP=PHOTO, value=1.43 unit)",RCP_PHOTO_01,
PC01,2026-03-06 07:10:59,ERROR,"[E-4102] Wafer transfer timeout (LOT=L26005, STEP=PC, value=6.24 unit)",RCP_PC_02,E949101
CMP01,2026-03-06 07:27:07,ERROR,"[E-1023] Chamber pressure high (LOT=L26057, STEP=RMG, value=4.34 unit)",RCP_RMG_04,
ETC02,2026-03-06 08:35:19,ERROR,"[E-2011] RF power unstable (LOT=L26070, STEP=CBCMP, value=22.92 unit)",RCP_CBCMP_03,E646998
PHO01,2026-03-06 08:41:33,ERROR,"[E-2011] RF power unstable (LOT=L26114, STEP=RMG, value=0.97 unit)",RCP_RMG_04,E366247
ETC02,2026-03-06 08:53:10,ERROR,"[E-4102] Wafer transfer timeout (LOT=L26097, STEP=ETCH, value=1.76 unit)",RCP_ETCH_05,E331332
PC01,2026-03-06 08:59:04,ERROR,"[E-1023] Chamber pressure high (LOT=L26042, STEP=RMG, value=18.24 unit)",RCP_RMG_05,
CMP02,2026-03-06 09:08:00,ERROR,"[E-4102] Wafer transfer timeout (LOT=L26117, STEP=ETCH, value=2.05 unit)",RCP_ETCH_03,
ETC01,2026-03-06 09:26:48,ERROR,"[E-4102] Wafer transfer timeout (LOT=L26105, STEP=PHOTO, value=4.4 unit)",RCP_PHOTO_02,E547578
PC01,2026-03-06 09:36:24,ERROR,"[E-1023] Chamber pressure high (LOT=L26008, STEP=PC, value=3.85 unit)",RCP_PC_05,E819034
ETC01,2026-03-06 09:42:58,INFO,"[I-5000] Recipe changed by operator (LOT=L26113, STEP=ETCH, value=10.82 unit)",RCP_ETCH_03,
ETC01,2026-03-06 09:50:37,WARN,"[W-3306] Pad temperature drift (LOT=L26100, STEP=ETCH, value=20.19 unit)",RCP_ETCH_03,E961250
PC01,2026-03-06 09:57:58,ERROR,"[E-1023] Chamber pressure high (LOT=L26064, STEP=ETCH, value=15.46 unit)",RCP_ETCH_02,E428737
ETC01,2026-03-06 10:25:03,ERROR,"[E-4102] Wafer transfer timeout (LOT=L26068, STEP=PHOTO, value=3.78 unit)",RCP_PHOTO_05,
PC01,2026-03-06 10:30:54,ERROR,"[E-2011] RF power unstable (LOT=L26114, STEP=ETCH, value=12.27 unit)",RCP_ETCH_05,E444752
PC01,2026-03-06 10:33:28,WARN,"[W-3306] Pad temperature drift (LOT=L26103, STEP=PHOTO, value=1.52 unit)",RCP_PHOTO_03,
CMP01,2026-03-06 10:35:03,WARN,"[W-3305] Slurry flow low (LOT=L26083, STEP=PC, value=18.66 unit)",RCP_PC_02,
CMP02,2026-03-06 10:38:33,ERROR,"[E-4102] Wafer transfer timeout (LOT=L26041, STEP=CBCMP, value=7.18 unit)",RCP_CBCMP_04,
PHO01,2026-03-06 11:07:57,WARN,"[W-3306] Pad temperature drift (LOT=L26010, STEP=ETCH, value=14.01 unit)",RCP_ETCH_02,
ETC02,2026-03-06 11:12:25,ERROR,"[E-1023] Chamber pressure high (LOT=L26023, STEP=ETCH, value=15.58 unit)",RCP_ETCH_01,
PHO01,2026-03-06 11:36:42,ERROR,"[E-2011] RF power unstable (LOT=L26116, STEP=PC, value=4.09 unit)",RCP_PC_03,
CMP01,2026-03-06 11:49:10,INFO,"[I-5000] Recipe changed by operator (LOT=L26045, STEP=RMG, value=8.68 unit)",RCP_RMG_03,
CMP02,2026-03-06 11:50:03,ERROR,"[E-2011] RF power unstable (LOT=L26041, STEP=PHOTO, value=7.05 unit)",RCP_PHOTO_04,
ETC01,2026-03-06 12:03:32,ERROR,"[E-1023] Chamber pressure high (LOT=L26025, STEP=PHOTO, value=7.54 unit)",RCP_PHOTO_02,
PHO01,2026-03-06 12:08:53,WARN,"[W-3305] Slurry flow low (LOT=L26032, STEP=RMG, value=13.37 unit)",RCP_RMG_03,
ETC02,2026-03-06 12:11:36,ERROR,"[E-4102] Wafer transfer timeout (LOT=L26063, STEP=CBCMP, value=8.72 unit)",RCP_CBCMP_02,E266495
ETC01,2026-03-06 12:11:42,INFO,"[I-5000] Recipe changed by operator (LOT=L26119, STEP=PHOTO, value=18.41 unit)",RCP_PHOTO_03,E272971
PHO01,2026-03-06 12:25:34,WARN,"[W-3305] Slurry flow low (LOT=L26096, STEP=RMG, value=9.47 unit)",RCP_RMG_05,
PHO01,2026-03-06 12:33:57,ERROR,"[E-1023] Chamber pressure high (LOT=L26031, STEP=PHOTO, value=22.8 unit)",RCP_PHOTO_01,
PC01,2026-03-06 12:37:53,ERROR,"[E-1023] Chamber pressure high (LOT=L26056, STEP=PC, value=16.26 unit)",RCP_PC_02,E685668
ETC02,2026-03-06 12:38:08,ERROR,"[E-4102] Wafer transfer timeout (LOT=L26088, STEP=PC, value=16.95 unit)",RCP_PC_02,E495134
PHO01,2026-03-06 12:55:49,INFO,"[I-5000] Recipe changed by operator (LOT=L26096, STEP=RMG, value=10.11 unit)",RCP_RMG_03,
CMP01,2026-03-06 12:56:33,INFO,"[I-5000] Recipe changed by operator (LOT=L26106, STEP=PC, value=1.22 unit)",RCP_PC_03,E884723
PHO01,2026-03-06 12:59:57,ERROR,"[E-2011] RF power unstable (LOT=L26015, STEP=RMG, value=22.63 unit)",RCP_RMG_04,E850314
CMP01,2026-03-06 13:17:02,INFO,"[I-5000] Recipe changed by operator (LOT=L26108, STEP=PC, value=16.38 unit)",RCP_PC_04,
ETC01,2026-03-06 13:25:10,ERROR,"[E-1023] Chamber pressure high (LOT=L26062, STEP=CBCMP, value=21.33 unit)",RCP_CBCMP_03,
ETC02,2026-03-06 13:34:33,INFO,"[I-5000] Recipe changed by operator (LOT=L26106, STEP=CBCMP, value=1.98 unit)",RCP_CBCMP_03,E897140
PHO01,2026-03-06 13:50:18,INFO,"[I-5000] Recipe changed by operator (LOT=L26111, STEP=PHOTO, value=5.07 unit)",RCP_PHOTO_03,
CMP02,2026-03-06 13:52:12,WARN,"[W-3306] Pad temperature drift (LOT=L26043, STEP=CBCMP, value=4.01 unit)",RCP_CBCMP_05,
CMP02,2026-03-06 13:55:55,ERROR,"[E-2011] RF power unstable (LOT=L26104, STEP=ETCH, value=18.93 unit)",RCP_ETCH_03,E690066
ETC02,2026-03-06 14:09:46,ERROR,"[E-2011] RF power unstable (LOT=L26006, STEP=ETCH, value=11.99 unit)",RCP_ETCH_03,E447870
CMP02,2026-03-06 14:22:41,WARN,"[W-3305] Slurry flow low (LOT=L26052, STEP=ETCH, value=19.87 unit)",RCP_ETCH_02,
ETC01,2026-03-06 14:46:17,ERROR,"[E-1023] Chamber pressure high (LOT=L26027, STEP=RMG, value=15.8 unit)",RCP_RMG_03,E921673
CMP02,2026-03-06 15:13:03,INFO,"[I-5000] Recipe changed by operator (LOT=L26043, STEP=PHOTO, value=11.07 unit)",RCP_PHOTO_03,E572962
PHO01,2026-03-06 15:33:00,WARN,"[W-3306] Pad temperature drift (LOT=L26101, STEP=RMG, value=3.95 unit)",RCP_RMG_05,
ETC01,2026-03-06 15:48:09,WARN,"[W-3305] Slurry flow low (LOT=L26083, STEP=PHOTO, value=17.83 unit)",RCP_PHOTO_01,E518969
ETC01,2026-03-06 15:55:04,ERROR,"[E-2011] RF power unstable (LOT=L26060, STEP=PC, value=5.23 unit)",RCP_PC_03,
ETC01,2026-03-06 15:57:04,INFO,"[I-5000] Recipe changed by operator (LOT=L26066, STEP=ETCH, value=1.15 unit)",RCP_ETCH_01,
CMP02,2026-03-06 16:11:07,INFO,"[I-5000] Recipe changed by operator (LOT=L26105, STEP=PHOTO, value=3.87 unit)",RCP_PHOTO_03,E972068
PC01,2026-03-06 16:26:50,ERROR,"[E-4102] Wafer transfer timeout (LOT=L26117, STEP=RMG, value=1.49 unit)",RCP_RMG_01,
CMP02,2026-03-06 16:32:15,ERROR,"[E-4102] Wafer transfer timeout (LOT=L26029, STEP=PHOTO, value=17.67 unit)",RCP_PHOTO_01,
CMP02,2026-03-06 16:32:25,ERROR,"[E-2011] RF power unstable (LOT=L26000, STEP=ETCH, value=2.98 unit)",RCP_ETCH_03,E779728
CMP01,2026-03-06 16:48:52,ERROR,"[E-2011] RF power unstable (LOT=L26115, STEP=CBCMP, value=8.05 unit)",RCP_CBCMP_05,
PC01,2026-03-06 16:56:52,ERROR,"[E-1023] Chamber pressure high (LOT=L26083, STEP=ETCH, value=24.93 unit)",RCP_ETCH_04,
ETC02,2026-03-06 17:04:29,WARN,"[W-3306] Pad temperature drift (LOT=L26071, STEP=PHOTO, value=14.75 unit)",RCP_PHOTO_04,
PC01,2026-03-06 17:09:29,WARN,"[W-3306] Pad temperature drift (LOT=L26108, STEP=CBCMP, value=7.06 unit)",RCP_CBCMP_03,
ETC01,2026-03-06 17:10:08,ERROR,"[E-4102] Wafer transfer timeout (LOT=L26046, STEP=PC, value=18.16 unit)",RCP_PC_02,
ETC01,2026-03-06 17:23:33,WARN,"[W-3306] Pad temperature drift (LOT=L26109, STEP=ETCH, value=24.31 unit)",RCP_ETCH_01,
CMP02,2026-03-06 17:25:19,WARN,"[W-3306] Pad temperature drift (LOT=L26010, STEP=CBCMP, value=18.48 unit)",RCP_CBCMP_01,E271616
ETC02,2026-03-06 17:46:37,WARN,"[W-3306] Pad temperature drift (LOT=L26051, STEP=PHOTO, value=18.1 unit)",RCP_PHOTO_05,
CMP02,2026-03-06 18:01:10,ERROR,"[E-2011] RF power unstable (LOT=L26009, STEP=PC, value=13.85 unit)",RCP_PC_05,
ETC02,2026-03-06 18:01:44,INFO,"[I-5000] Recipe changed by operator (LOT=L26070, STEP=PC, value=8.02 unit)",RCP_PC_02,E328104
CMP01,2026-03-06 18:22:47,ERROR,"[E-1023] Chamber pressure high (LOT=L26024, STEP=PC, value=10.88 unit)",RCP_PC_02,
ETC01,2026-03-06 18:31:12,ERROR,"[E-1023] Chamber pressure high (LOT=L26082, STEP=CBCMP, value=15.95 unit)",RCP_CBCMP_03,E440781
PC01,2026-03-06 18:36:44,WARN,"[W-3305] Slurry flow low (LOT=L26086, STEP=RMG, value=4.58 unit)",RCP_RMG_01,
CMP02,2026-03-06 18:57:53,ERROR,"[E-1023] Chamber pressure high (LOT=L26097, STEP=PHOTO, value=20.98 unit)",RCP_PHOTO_05,
CMP01,2026-03-06 18:59:28,WARN,"[W-3305] Slurry flow low (LOT=L26109, STEP=CBCMP, value=17.17 unit)",RCP_CBCMP_03,E432954
PC01,2026-03-06 19:32:10,ERROR,"[E-1023] Chamber pressure high (LOT=L26073, STEP=CBCMP, value=4.64 unit)",RCP_CBCMP_01,
PC01,2026-03-06 19:33:18,WARN,"[W-3305] Slurry flow low (LOT=L26060, STEP=CBCMP, value=2.92 unit)",RCP_CBCMP_02,
PHO01,2026-03-06 19:35:30,ERROR,"[E-1023] Chamber pressure high (LOT=L26106, STEP=PHOTO, value=19.74 unit)",RCP_PHOTO_05,
PC01,2026-03-06 19:46:48,ERROR,"[E-1023] Chamber pressure high (LOT=L26095, STEP=CBCMP, value=21.13 unit)",RCP_CBCMP_03,
PC01,2026-03-06 19:47:51,ERROR,"[E-2011] RF power unstable (LOT=L26066, STEP=ETCH, value=24.78 unit)",RCP_ETCH_02,E546631
CMP01,2026-03-06 19:51:46,WARN,"[W-3305] Slurry flow low (LOT=L26105, STEP=RMG, value=1.0 unit)",RCP_RMG_01,E132387
PC01,2026-03-06 20:30:18,WARN,"[W-3306] Pad temperature drift (LOT=L26037, STEP=RMG, value=22.17 unit)",RCP_RMG_03,E807818
CMP02,2026-03-06 20:33:16,INFO,"[I-5000] Recipe changed by operator (LOT=L26067, STEP=RMG, value=10.98 unit)",RCP_RMG_01,
CMP01,2026-03-06 20:46:29,ERROR,"[E-1023] Chamber pressure high (LOT=L26016, STEP=RMG, value=12.26 unit)",RCP_RMG_02,E352869
PHO01,2026-03-06 20:51:09,INFO,"[I-5000] Recipe changed by operator (LOT=L26079, STEP=CBCMP, value=7.16 unit)",RCP_CBCMP_02,
PC01,2026-03-06 21:04:28,INFO,"[I-5000] Recipe changed by operator (LOT=L26065, STEP=ETCH, value=19.68 unit)",RCP_ETCH_01,E498715
CMP01,2026-03-06 21:23:16,ERROR,"[E-4102] Wafer transfer timeout (LOT=L26059, STEP=ETCH, value=11.27 unit)",RCP_ETCH_05,E761808
PC01,2026-03-06 21:40:30,WARN,"[W-3306] Pad temperature drift (LOT=L26040, STEP=PC, value=19.28 unit)",RCP_PC_01,
CMP01,2026-03-06 21:46:02,WARN,"[W-3305] Slurry flow low (LOT=L26030, STEP=CBCMP, value=1.59 unit)",RCP_CBCMP_02,
CMP01,2026-03-06 21:48:35,WARN,"[W-3306] Pad temperature drift (LOT=L26100, STEP=PHOTO, value=19.58 unit)",RCP_PHOTO_05,
CMP01,2026-03-06 21:58:39,WARN,"[W-3305] Slurry flow low (LOT=L26088, STEP=PC, value=24.87 unit)",RCP_PC_05,E110204
CMP01,2026-03-06 21:59:53,INFO,"[I-5000] Recipe changed by operator (LOT=L26110, STEP=PC, value=13.18 unit)",RCP_PC_01,E217527
CMP01,2026-03-06 22:03:20,ERROR,"[E-2011] RF power unstable (LOT=L26009, STEP=RMG, value=13.83 unit)",RCP_RMG_04,
PC01,2026-03-06 22:09:12,ERROR,"[E-4102] Wafer transfer timeout (LOT=L26015, STEP=CBCMP, value=3.4 unit)",RCP_CBCMP_01,
ETC01,2026-03-06 22:11:44,INFO,"[I-5000] Recipe changed by operator (LOT=L26096, STEP=CBCMP, value=10.31 unit)",RCP_CBCMP_03,
ETC01,2026-03-06 22:16:16,ERROR,"[E-1023] Chamber pressure high (LOT=L26079, STEP=RMG, value=5.32 unit)",RCP_RMG_03,E269137
PC01,2026-03-06 22:26:30,WARN,"[W-3306] Pad temperature drift (LOT=L26105, STEP=PC, value=16.58 unit)",RCP_PC_05,
CMP01,2026-03-06 22:35:25,ERROR,"[E-1023] Chamber pressure high (LOT=L26026, STEP=ETCH, value=1.58 unit)",RCP_ETCH_05,
ETC02,2026-03-06 22:42:13,WARN,"[W-3306] Pad temperature drift (LOT=L26102, STEP=PC, value=19.94 unit)",RCP_PC_04,
PHO01,2026-03-06 23:09:05,WARN,"[W-3306] Pad temperature drift (LOT=L26013, STEP=PHOTO, value=4.88 unit)",RCP_PHOTO_03,
ETC02,2026-03-06 23:41:30,INFO,"[I-5000] Recipe changed by operator (LOT=L26094, STEP=ETCH, value=5.97 unit)",RCP_ETCH_02,
PHO01,2026-03-06 23:50:29,ERROR,"[E-1023] Chamber pressure high (LOT=L26025, STEP=RMG, value=20.47 unit)",RCP_RMG_01,E417739
PC01,2026-03-06 23:52:51,WARN,"[W-3306] Pad temperature drift (LOT=L26000, STEP=RMG, value=14.44 unit)",RCP_RMG_01,
PC01,2026-03-07 00:00:24,WARN,"[W-3306] Pad temperature drift (LOT=L26025, STEP=RMG, value=11.1 unit)",RCP_RMG_03,
CMP01,2026-03-07 00:10:16,INFO,"[I-5000] Recipe changed by operator (LOT=L26088, STEP=RMG, value=3.92 unit)",RCP_RMG_02,E440476
PC01,2026-03-07 00:24:40,ERROR,"[E-2011] RF power unstable (LOT=L26092, STEP=PHOTO, value=16.29 unit)",RCP_PHOTO_05,
PHO01,2026-03-07 00:29:39,WARN,"[W-3305] Slurry flow low (LOT=L26109, STEP=CBCMP, value=18.18 unit)",RCP_CBCMP_02,
CMP01,2026-03-07 00:38:12,ERROR,"[E-2011] RF power unstable (LOT=L26103, STEP=CBCMP, value=18.99 unit)",RCP_CBCMP_05,
ETC01,2026-03-07 00:40:32,ERROR,"[E-2011] RF power unstable (LOT=L26019, STEP=RMG, value=12.06 unit)",RCP_RMG_05,E532901
PC01,2026-03-07 00:50:46,WARN,"[W-3306] Pad temperature drift (LOT=L26058, STEP=ETCH, value=1.12 unit)",RCP_ETCH_03,
PHO01,2026-03-07 01:00:53,WARN,"[W-3305] Slurry flow low (LOT=L26112, STEP=CBCMP, value=9.64 unit)",RCP_CBCMP_02,E901458
CMP02,2026-03-07 01:03:09,WARN,"[W-3306] Pad temperature drift (LOT=L26119, STEP=RMG, value=7.09 unit)",RCP_RMG_01,
ETC01,2026-03-07 01:33:38,ERROR,"[E-1023] Chamber pressure high (LOT=L26054, STEP=PC, value=1.57 unit)",RCP_PC_02,
PHO01,2026-03-07 01:39:31,WARN,"[W-3306] Pad temperature drift (LOT=L26034, STEP=RMG, value=4.98 unit)",RCP_RMG_01,
CMP01,2026-03-07 01:46:00,ERROR,"[E-2011] RF power unstable (LOT=L26035, STEP=PHOTO, value=16.49 unit)",RCP_PHOTO_04,
PHO01,2026-03-07 01:48:01,ERROR,"[E-1023] Chamber pressure high (LOT=L26062, STEP=PHOTO, value=2.99 unit)",RCP_PHOTO_04,
CMP02,2026-03-07 01:52:36,ERROR,"[E-1023] Chamber pressure high (LOT=L26032, STEP=ETCH, value=0.67 unit)",RCP_ETCH_02,
CMP01,2026-03-07 02:07:46,ERROR,"[E-4102] Wafer transfer timeout (LOT=L26053, STEP=PC, value=11.58 unit)",RCP_PC_03,
CMP01,2026-03-07 02:09:51,ERROR,"[E-1023] Chamber pressure high (LOT=L26035, STEP=ETCH, value=11.17 unit)",RCP_ETCH_03,
ETC01,2026-03-07 02:24:05,ERROR,"[E-1023] Chamber pressure high (LOT=L26086, STEP=RMG, value=16.97 unit)",RCP_RMG_01,
ETC02,2026-03-07 02:25:51,WARN,"[W-3306] Pad temperature drift (LOT=L26029, STEP=ETCH, value=8.37 unit)",RCP_ETCH_04,
PC01,2026-03-07 02:38:01,WARN,"[W-3305] Slurry flow low (LOT=L26063, STEP=PHOTO, value=15.78 unit)",RCP_PHOTO_01,
PC01,2026-03-07 02:43:32,WARN,"[W-3306] Pad temperature drift (LOT=L26101, STEP=ETCH, value=16.62 unit)",RCP_ETCH_01,
ETC02,2026-03-07 02:45:01,ERROR,"[E-2011] RF power unstable (LOT=L26020, STEP=PHOTO, value=15.91 unit)",RCP_PHOTO_02,
ETC01,2026-03-07 03:32:40,WARN,"[W-3306] Pad temperature drift (LOT=L26113, STEP=PC, value=12.53 unit)",RCP_PC_05,
PHO01,2026-03-07 04:11:58,ERROR,"[E-4102] Wafer transfer timeout (LOT=L26051, STEP=RMG, value=1.51 unit)",RCP_RMG_04,E751089
CMP02,2026-03-07 04:12:08,WARN,"[W-3306] Pad temperature drift (LOT=L26057, STEP=RMG, value=20.28 unit)",RCP_RMG_03,
CMP02,2026-03-07 04:13:23,ERROR,"[E-1023] Chamber pressure high (LOT=L26013, STEP=ETCH, value=7.44 unit)",RCP_ETCH_05,
PHO01,2026-03-07 04:33:10,ERROR,"[E-4102] Wafer transfer timeout (LOT=L26067, STEP=PHOTO, value=3.37 unit)",RCP_PHOTO_04,E859552
CMP02,2026-03-07 04:33:19,WARN,"[W-3305] Slurry flow low (LOT=L26065, STEP=RMG, value=21.21 unit)",RCP_RMG_01,
ETC02,2026-03-07 04:52:03,ERROR,"[E-1023] Chamber pressure high (LOT=L26043, STEP=CBCMP, value=6.85 unit)",RCP_CBCMP_02,
CMP01,2026-03-07 05:09:18,ERROR,"[E-4102] Wafer transfer timeout (LOT=L26066, STEP=PHOTO, value=1.88 unit)",RCP_PHOTO_03,
PHO01,2026-03-07 05:36:19,ERROR,"[E-2011] RF power unstable (LOT=L26101, STEP=ETCH, value=18.8 unit)",RCP_ETCH_04,
CMP01,2026-03-07 05:39:17,ERROR,"[E-4102] Wafer transfer timeout (LOT=L26052, STEP=PC, value=5.83 unit)",RCP_PC_02,
CMP02,2026-03-07 05:50:23,ERROR,"[E-2011] RF power unstable (LOT=L26037, STEP=PHOTO, value=6.21 unit)",RCP_PHOTO_03,E187543
ETC01,2026-03-07 06:01:39,ERROR,"[E-4102] Wafer transfer timeout (LOT=L26112, STEP=CBCMP, value=15.58 unit)",RCP_CBCMP_05,
ETC01,2026-03-07 06:22:43,WARN,"[W-3306] Pad temperature drift (LOT=L26099, STEP=CBCMP, value=9.66 unit)",RCP_CBCMP_01,
ETC01,2026-03-07 06:24:58,INFO,"[I-5000] Recipe changed by operator (LOT=L26094, STEP=CBCMP, value=12.97 unit)",RCP_CBCMP_05,
CMP01,2026-03-07 06:31:57,ERROR,"[E-4102] Wafer transfer timeout (LOT=L26109, STEP=CBCMP, value=8.7 unit)",RCP_CBCMP_02,E137826
CMP01,2026-03-07 06:38:07,ERROR,"[E-4102] Wafer transfer timeout (LOT=L26057, STEP=CBCMP, value=24.73 unit)",RCP_CBCMP_03,E852711
PC01,2026-03-07 06:51:56,ERROR,"[E-2011] RF power unstable (LOT=L26054, STEP=PHOTO, value=17.28 unit)",RCP_PHOTO_04,E244186
CMP01,2026-03-07 06:58:00,WARN,"[W-3305] Slurry flow low (LOT=L26081, STEP=PHOTO, value=23.86 unit)",RCP_PHOTO_02,E231819
PHO01,2026-03-07 07:13:28,WARN,"[W-3306] Pad temperature drift (LOT=L26005, STEP=ETCH, value=20.75 unit)",RCP_ETCH_02,
CMP02,2026-03-07 07:17:30,INFO,"[I-5000] Recipe changed by operator (LOT=L26106, STEP=RMG, value=11.71 unit)",RCP_RMG_05,E465375
ETC01,2026-03-07 07:29:59,WARN,"[W-3306] Pad temperature drift (LOT=L26085, STEP=PHOTO, value=3.27 unit)",RCP_PHOTO_04,E448141
CMP02,2026-03-07 07:30:32,INFO,"[I-5000] Recipe changed by operator (LOT=L26048, STEP=RMG, value=12.03 unit)",RCP_RMG_02,E184934
ETC01,2026-03-07 07:41:32,ERROR,"[E-2011] RF power unstable (LOT=L26063, STEP=CBCMP, value=2.92 unit)",RCP_CBCMP_01,E674887
PHO01,2026-03-07 08:11:59,WARN,"[W-3305] Slurry flow low (LOT=L26005, STEP=RMG, value=23.01 unit)",RCP_RMG_05,E531143
CMP02,2026-03-07 08:43:05,WARN,"[W-3305] Slurry flow low (LOT=L26062, STEP=PC, value=24.66 unit)",RCP_PC_05,E629413
PC01,2026-03-07 08:44:01,ERROR,"[E-2011] RF power unstable (LOT=L26053, STEP=PC, value=8.96 unit)",RCP_PC_05,
PC01,2026-03-07 08:52:09,INFO,"[I-5000] Recipe changed by operator (LOT=L26068, STEP=PHOTO, value=15.86 unit)",RCP_PHOTO_02,
CMP01,2026-03-07 08:59:47,WARN,"[W-3305] Slurry flow low (LOT=L26114, STEP=PHOTO, value=11.75 unit)",RCP_PHOTO_02,
CMP02,2026-03-07 09:32:52,ERROR,"[E-2011] RF power unstable (LOT=L26118, STEP=ETCH, value=13.98 unit)",RCP_ETCH_01,
PC01,2026-03-07 09:35:51,ERROR,"[E-4102] Wafer transfer timeout (LOT=L26119, STEP=PC, value=15.48 unit)",RCP_PC_04,E672446
ETC02,2026-03-07 10:01:20,ERROR,"[E-2011] RF power unstable (LOT=L26010, STEP=ETCH, value=16.5 unit)",RCP_ETCH_02,
ETC01,2026-03-07 10:13:14,ERROR,"[E-1023] Chamber pressure high (LOT=L26063, STEP=PC, value=5.51 unit)",RCP_PC_01,E198563
CMP01,2026-03-07 10:29:06,ERROR,"[E-1023] Chamber pressure high (LOT=L26109, STEP=RMG, value=1.06 unit)",RCP_RMG_03,
CMP01,2026-03-07 10:32:22,ERROR,"[E-4102] Wafer transfer timeout (LOT=L26111, STEP=PHOTO, value=17.2 unit)",RCP_PHOTO_05,
PHO01,2026-03-07 10:34:24,WARN,"[W-3305] Slurry flow low (LOT=L26090, STEP=RMG, value=7.94 unit)",RCP_RMG_05,
CMP02,2026-03-07 10:45:20,WARN,"[W-3306] Pad temperature drift (LOT=L26114, STEP=ETCH, value=23.62 unit)",RCP_ETCH_01,
PHO01,2026-03-07 11:14:19,WARN,"[W-3306] Pad temperature drift (LOT=L26093, STEP=CBCMP, value=5.09 unit)",RCP_CBCMP_02,E692590
CMP01,2026-03-07 11:15:23,ERROR,"[E-1023] Chamber pressure high (LOT=L26098, STEP=PC, value=19.35 unit)",RCP_PC_05,E689716
CMP01,2026-03-07 11:24:29,WARN,"[W-3305] Slurry flow low (LOT=L26009, STEP=PHOTO, value=23.45 unit)",RCP_PHOTO_05,
ETC02,2026-03-07 11:50:27,WARN,"[W-3305] Slurry flow low (LOT=L26056, STEP=PHOTO, value=14.47 unit)",RCP_PHOTO_05,
PHO01,2026-03-07 11:52:42,WARN,"[W-3306] Pad temperature drift (LOT=L26066, STEP=CBCMP, value=15.05 unit)",RCP_CBCMP_04,
ETC02,2026-03-07 11:55:52,ERROR,"[E-4102] Wafer transfer timeout (LOT=L26118, STEP=CBCMP, value=22.0 unit)",RCP_CBCMP_05,E564385
CMP02,2026-03-07 12:04:02,ERROR,"[E-1023] Chamber pressure high (LOT=L26114, STEP=CBCMP, value=21.46 unit)",RCP_CBCMP_01,
CMP02,2026-03-07 12:04:25,WARN,"[W-3306] Pad temperature drift (LOT=L26058, STEP=CBCMP, value=7.96 unit)",RCP_CBCMP_05,
CMP02,2026-03-07 12:06:22,WARN,"[W-3305] Slurry flow low (LOT=L26098, STEP=CBCMP, value=6.92 unit)",RCP_CBCMP_02,
ETC01,2026-03-07 12:07:29,ERROR,"[E-4102] Wafer transfer timeout (LOT=L26031, STEP=ETCH, value=4.26 unit)",RCP_ETCH_04,
PC01,2026-03-07 12:07:33,ERROR,"[E-1023] Chamber pressure high (LOT=L26084, STEP=CBCMP, value=14.83 unit)",RCP_CBCMP_05,
CMP02,2026-03-07 12:15:41,INFO,"[I-5000] Recipe changed by operator (LOT=L26049, STEP=PC, value=6.32 unit)",RCP_PC_03,E142279
CMP02,2026-03-07 12:17:43,INFO,"[I-5000] Recipe changed by operator (LOT=L26056, STEP=ETCH, value=8.04 unit)",RCP_ETCH_02,
ETC02,2026-03-07 12:18:09,ERROR,"[E-1023] Chamber pressure high (LOT=L26002, STEP=PC, value=2.39 unit)",RCP_PC_05,
CMP01,2026-03-07 12:45:31,WARN,"[W-3306] Pad temperature drift (LOT=L26064, STEP=CBCMP, value=14.74 unit)",RCP_CBCMP_05,
PC01,2026-03-07 12:51:13,WARN,"[W-3306] Pad temperature drift (LOT=L26083, STEP=RMG, value=11.87 unit)",RCP_RMG_04,E673374
CMP02,2026-03-07 12:57:57,ERROR,"[E-1023] Chamber pressure high (LOT=L26027, STEP=PHOTO, value=1.22 unit)",RCP_PHOTO_04,
PHO01,2026-03-07 13:02:27,ERROR,"[E-2011] RF power unstable (LOT=L26117, STEP=PHOTO, value=19.87 unit)",RCP_PHOTO_01,
CMP02,2026-03-07 13:05:35,ERROR,"[E-2011] RF power unstable (LOT=L26034, STEP=PHOTO, value=12.6 unit)",RCP_PHOTO_05,
CMP02,2026-03-07 13:24:53,INFO,"[I-5000] Recipe changed by operator (LOT=L26002, STEP=ETCH, value=0.8 unit)",RCP_ETCH_05,
CMP02,2026-03-07 13:25:46,WARN,"[W-3306] Pad temperature drift (LOT=L26116, STEP=PHOTO, value=3.23 unit)",RCP_PHOTO_05,
CMP01,2026-03-07 13:50:10,ERROR,"[E-2011] RF power unstable (LOT=L26088, STEP=PC, value=20.16 unit)",RCP_PC_02,
CMP02,2026-03-07 14:16:54,ERROR,"[E-4102] Wafer transfer timeout (LOT=L26012, STEP=PC, value=7.02 unit)",RCP_PC_05,
ETC02,2026-03-07 14:20:49,ERROR,"[E-1023] Chamber pressure high (LOT=L26074, STEP=CBCMP, value=9.56 unit)",RCP_CBCMP_05,E600630
CMP02,2026-03-07 14:29:45,ERROR,"[E-4102] Wafer transfer timeout (LOT=L26074, STEP=RMG, value=2.82 unit)",RCP_RMG_02,
CMP01,2026-03-07 14:52:34,WARN,"[W-3306] Pad temperature drift (LOT=L26039, STEP=RMG, value=9.12 unit)",RCP_RMG_05,
PHO01,2026-03-07 14:56:18,WARN,"[W-3305] Slurry flow low (LOT=L26109, STEP=PHOTO, value=20.08 unit)",RCP_PHOTO_02,
ETC02,2026-03-07 15:37:24,INFO,"[I-5000] Recipe changed by operator (LOT=L26067, STEP=RMG, value=21.34 unit)",RCP_RMG_02,
PHO01,2026-03-07 15:47:55,WARN,"[W-3306] Pad temperature drift (LOT=L26022, STEP=RMG, value=17.31 unit)",RCP_RMG_01,
PHO01,2026-03-07 16:00:15,ERROR,"[E-1023] Chamber pressure high (LOT=L26086, STEP=RMG, value=5.82 unit)",RCP_RMG_05,E278698
CMP01,2026-03-07 16:19:56,ERROR,"[E-2011] RF power unstable (LOT=L26098, STEP=PC, value=15.82 unit)",RCP_PC_04,
PC01,2026-03-07 16:20:56,ERROR,"[E-4102] Wafer transfer timeout (LOT=L26084, STEP=PC, value=13.0 unit)",RCP_PC_01,E958681
PHO01,2026-03-07 16:39:49,WARN,"[W-3305] Slurry flow low (LOT=L26116, STEP=PC, value=15.53 unit)",RCP_PC_02,
ETC02,2026-03-07 16:58:55,WARN,"[W-3306] Pad temperature drift (LOT=L26102, STEP=PC, value=23.01 unit)",RCP_PC_03,E940144
ETC02,2026-03-07 17:06:21,ERROR,"[E-2011] RF power unstable (LOT=L26107, STEP=ETCH, value=9.97 unit)",RCP_ETCH_03,E391560
PC01,2026-03-07 17:14:07,WARN,"[W-3306] Pad temperature drift (LOT=L26066, STEP=PHOTO, value=3.4 unit)",RCP_PHOTO_01,
CMP02,2026-03-07 17:14:46,WARN,"[W-3306] Pad temperature drift (LOT=L26117, STEP=ETCH, value=23.58 unit)",RCP_ETCH_04,E581337
CMP01,2026-03-07 17:14:58,ERROR,"[E-1023] Chamber pressure high (LOT=L26100, STEP=CBCMP, value=9.71 unit)",RCP_CBCMP_01,
ETC02,2026-03-07 17:37:11,ERROR,"[E-1023] Chamber pressure high (LOT=L26005, STEP=PHOTO, value=16.34 unit)",RCP_PHOTO_03,E823418
PC01,2026-03-07 17:47:15,INFO,"[I-5000] Recipe changed by operator (LOT=L26108, STEP=ETCH, value=16.84 unit)",RCP_ETCH_03,
CMP01,2026-03-07 17:50:18,WARN,"[W-3305] Slurry flow low (LOT=L26055, STEP=CBCMP, value=6.19 unit)",RCP_CBCMP_01,
PHO01,2026-03-07 18:15:31,INFO,"[I-5000] Recipe changed by operator (LOT=L26017, STEP=RMG, value=10.68 unit)",RCP_RMG_05,
CMP02,2026-03-07 18:37:27,ERROR,"[E-4102] Wafer transfer timeout (LOT=L26110, STEP=RMG, value=18.84 unit)",RCP_RMG_03,E409768
PC01,2026-03-07 18:51:26,WARN,"[W-3306] Pad temperature drift (LOT=L26114, STEP=PC, value=0.61 unit)",RCP_PC_01,
CMP02,2026-03-07 19:01:02,ERROR,"[E-1023] Chamber pressure high (LOT=L26032, STEP=ETCH, value=11.1 unit)",RCP_ETCH_01,E772103
PHO01,2026-03-07 19:04:33,ERROR,"[E-1023] Chamber pressure high (LOT=L26040, STEP=ETCH, value=1.3 unit)",RCP_ETCH_02,
CMP02,2026-03-07 19:13:29,ERROR,"[E-1023] Chamber pressure high (LOT=L26026, STEP=RMG, value=22.5 unit)",RCP_RMG_01,E630079
ETC02,2026-03-07 19:30:16,WARN,"[W-3305] Slurry flow low (LOT=L26079, STEP=PC, value=8.93 unit)",RCP_PC_05,E368001
PC01,2026-03-07 19:40:50,INFO,"[I-5000] Recipe changed by operator (LOT=L26078, STEP=ETCH, value=7.91 unit)",RCP_ETCH_02,
ETC01,2026-03-07 20:04:45,WARN,"[W-3306] Pad temperature drift (LOT=L26005, STEP=RMG, value=7.38 unit)",RCP_RMG_04,
ETC02,2026-03-07 20:07:13,ERROR,"[E-1023] Chamber pressure high (LOT=L26016, STEP=PC, value=4.15 unit)",RCP_PC_02,
ETC01,2026-03-07 20:15:19,INFO,"[I-5000] Recipe changed by operator (LOT=L26102, STEP=PC, value=9.16 unit)",RCP_PC_05,
ETC02,2026-03-07 20:17:05,ERROR,"[E-1023] Chamber pressure high (LOT=L26116, STEP=RMG, value=5.51 unit)",RCP_RMG_04,
CMP02,2026-03-07 20:26:43,ERROR,"[E-1023] Chamber pressure high (LOT=L26044, STEP=RMG, value=5.7 unit)",RCP_RMG_03,E919386
CMP02,2026-03-07 20:40:59,INFO,"[I-5000] Recipe changed by operator (LOT=L26087, STEP=ETCH, value=12.55 unit)",RCP_ETCH_01,
CMP01,2026-03-07 20:45:49,INFO,"[I-5000] Recipe changed by operator (LOT=L26088, STEP=CBCMP, value=13.02 unit)",RCP_CBCMP_02,E847935
PHO01,2026-03-07 20:49:06,WARN,"[W-3305] Slurry flow low (LOT=L26109, STEP=PC, value=15.78 unit)",RCP_PC_01,E506360
ETC02,2026-03-07 21:05:51,ERROR,"[E-2011] RF power unstable (LOT=L26000, STEP=PC, value=13.9 unit)",RCP_PC_01,E779659
CMP01,2026-03-07 21:13:23,ERROR,"[E-4102] Wafer transfer timeout (LOT=L26050, STEP=PC, value=6.01 unit)",RCP_PC_05,
PC01,2026-03-07 21:21:31,INFO,"[I-5000] Recipe changed by operator (LOT=L26051, STEP=PC, value=1.97 unit)",RCP_PC_01,E362419
CMP02,2026-03-07 21:45:58,ERROR,"[E-2011] RF power unstable (LOT=L26052, STEP=ETCH, value=16.01 unit)",RCP_ETCH_04,
CMP01,2026-03-07 21:49:02,ERROR,"[E-2011] RF power unstable (LOT=L26099, STEP=CBCMP, value=24.27 unit)",RCP_CBCMP_01,
CMP01,2026-03-07 21:52:30,ERROR,"[E-4102] Wafer transfer timeout (LOT=L26105, STEP=CBCMP, value=13.14 unit)",RCP_CBCMP_02,
PHO01,2026-03-07 22:05:51,WARN,"[W-3306] Pad temperature drift (LOT=L26042, STEP=ETCH, value=5.42 unit)",RCP_ETCH_01,
PHO01,2026-03-07 22:22:53,ERROR,"[E-2011] RF power unstable (LOT=L26045, STEP=ETCH, value=7.17 unit)",RCP_ETCH_03,
CMP02,2026-03-07 22:30:44,ERROR,"[E-1023] Chamber pressure high (LOT=L26020, STEP=PC, value=8.99 unit)",RCP_PC_02,E594188
CMP02,2026-03-07 22:55:59,ERROR,"[E-4102] Wafer transfer timeout (LOT=L26054, STEP=ETCH, value=18.03 unit)",RCP_ETCH_01,
PC01,2026-03-07 23:03:51,ERROR,"[E-4102] Wafer transfer timeout (LOT=L26099, STEP=ETCH, value=18.33 unit)",RCP_ETCH_01,
ETC02,2026-03-07 23:11:20,INFO,"[I-5000] Recipe changed by operator (LOT=L26109, STEP=CBCMP, value=8.89 unit)",RCP_CBCMP_03,
PHO01,2026-03-07 23:17:07,WARN,"[W-3305] Slurry flow low (LOT=L26003, STEP=ETCH, value=0.72 unit)",RCP_ETCH_04,
ETC02,2026-03-07 23:26:22,ERROR,"[E-4102] Wafer transfer timeout (LOT=L26002, STEP=PC, value=10.63 unit)",RCP_PC_03,E749651
CMP02,2026-03-07 23:38:31,ERROR,"[E-4102] Wafer transfer timeout (LOT=L26028, STEP=PHOTO, value=20.96 unit)",RCP_PHOTO_04,
PC01,2026-03-07 23:39:10,WARN,"[W-3305] Slurry flow low (LOT=L26079, STEP=ETCH, value=24.22 unit)",RCP_ETCH_02,
ETC01,2026-03-07 23:41:01,WARN,"[W-3305] Slurry flow low (LOT=L26016, STEP=PHOTO, value=24.29 unit)",RCP_PHOTO_03,
PHO01,2026-03-07 23:48:25,ERROR,"[E-1023] Chamber pressure high (LOT=L26084, STEP=PHOTO, value=15.06 unit)",RCP_PHOTO_02,E900374
PC01,2026-03-07 23:51:13,ERROR,"[E-2011] RF power unstable (LOT=L26021, STEP=ETCH, value=14.56 unit)",RCP_ETCH_04,
CMP02,2026-03-08 00:00:53,WARN,"[W-3305] Slurry flow low (LOT=L26002, STEP=PC, value=0.99 unit)",RCP_PC_04,
CMP01,2026-03-08 00:05:52,WARN,"[W-3306] Pad temperature drift (LOT=L26098, STEP=PHOTO, value=3.26 unit)",RCP_PHOTO_04,
ETC01,2026-03-08 00:06:21,ERROR,"[E-1023] Chamber pressure high (LOT=L26046, STEP=CBCMP, value=12.56 unit)",RCP_CBCMP_01,
ETC01,2026-03-08 00:31:19,ERROR,"[E-2011] RF power unstable (LOT=L26039, STEP=PC, value=18.72 unit)",RCP_PC_05,
CMP02,2026-03-08 00:47:22,ERROR,"[E-4102] Wafer transfer timeout (LOT=L26028, STEP=CBCMP, value=22.3 unit)",RCP_CBCMP_04,E756602
ETC01,2026-03-08 01:05:31,ERROR,"[E-1023] Chamber pressure high (LOT=L26108, STEP=ETCH, value=16.55 unit)",RCP_ETCH_04,
ETC02,2026-03-08 01:19:58,ERROR,"[E-2011] RF power unstable (LOT=L26024, STEP=RMG, value=10.5 unit)",RCP_RMG_02,E351716
PC01,2026-03-08 01:21:23,WARN,"[W-3305] Slurry flow low (LOT=L26045, STEP=CBCMP, value=7.79 unit)",RCP_CBCMP_04,E971239
PHO01,2026-03-08 01:39:17,ERROR,"[E-4102] Wafer transfer timeout (LOT=L26112, STEP=ETCH, value=12.58 unit)",RCP_ETCH_03,
ETC01,2026-03-08 01:45:39,ERROR,"[E-2011] RF power unstable (LOT=L26100, STEP=PC, value=22.08 unit)",RCP_PC_01,
CMP02,2026-03-08 01:52:03,WARN,"[W-3305] Slurry flow low (LOT=L26107, STEP=RMG, value=24.71 unit)",RCP_RMG_04,E115723
ETC02,2026-03-08 02:21:04,INFO,"[I-5000] Recipe changed by operator (LOT=L26113, STEP=RMG, value=4.83 unit)",RCP_RMG_03,
CMP01,2026-03-08 02:36:00,ERROR,"[E-1023] Chamber pressure high (LOT=L26065, STEP=PC, value=13.26 unit)",RCP_PC_05,E278161
ETC01,2026-03-08 02:37:30,WARN,"[W-3305] Slurry flow low (LOT=L26013, STEP=CBCMP, value=6.94 unit)",RCP_CBCMP_02,
ETC01,2026-03-08 02:44:04,ERROR,"[E-2011] RF power unstable (LOT=L26063, STEP=RMG, value=20.52 unit)",RCP_RMG_03,E694106
ETC01,2026-03-08 02:49:41,WARN,"[W-3306] Pad temperature drift (LOT=L26065, STEP=ETCH, value=21.09 unit)",RCP_ETCH_02,E341554
PC01,2026-03-08 02:53:54,ERROR,"[E-2011] RF power unstable (LOT=L26001, STEP=CBCMP, value=7.55 unit)",RCP_CBCMP_01,E228547
CMP01,2026-03-08 03:02:38,ERROR,"[E-1023] Chamber pressure high (LOT=L26054, STEP=CBCMP, value=7.36 unit)",RCP_CBCMP_02,
CMP01,2026-03-08 03:24:31,INFO,"[I-5000] Recipe changed by operator (LOT=L26015, STEP=PHOTO, value=4.01 unit)",RCP_PHOTO_04,E253555
CMP02,2026-03-08 03:26:26,INFO,"[I-5000] Recipe changed by operator (LOT=L26039, STEP=ETCH, value=11.54 unit)",RCP_ETCH_04,E674998
CMP02,2026-03-08 03:27:34,WARN,"[W-3306] Pad temperature drift (LOT=L26088, STEP=ETCH, value=10.71 unit)",RCP_ETCH_04,
PC01,2026-03-08 03:35:46,WARN,"[W-3306] Pad temperature drift (LOT=L26023, STEP=PHOTO, value=17.25 unit)",RCP_PHOTO_03,
CMP01,2026-03-08 03:49:04,INFO,"[I-5000] Recipe changed by operator (LOT=L26061, STEP=PC, value=20.57 unit)",RCP_PC_02,
PHO01,2026-03-08 04:22:01,INFO,"[I-5000] Recipe changed by operator (LOT=L26006, STEP=PHOTO, value=6.69 unit)",RCP_PHOTO_04,
CMP02,2026-03-08 04:35:38,ERROR,"[E-1023] Chamber pressure high (LOT=L26036, STEP=RMG, value=23.23 unit)",RCP_RMG_02,E755036
PC01,2026-03-08 04:49:45,INFO,"[I-5000] Recipe changed by operator (LOT=L26093, STEP=RMG, value=2.44 unit)",RCP_RMG_01,
PHO01,2026-03-08 04:50:36,WARN,"[W-3306] Pad temperature drift (LOT=L26081, STEP=RMG, value=1.17 unit)",RCP_RMG_05,
CMP02,2026-03-08 05:12:07,WARN,"[W-3305] Slurry flow low (LOT=L26082, STEP=PHOTO, value=25.0 unit)",RCP_PHOTO_02,
ETC02,2026-03-08 05:26:40,ERROR,"[E-2011] RF power unstable (LOT=L26064, STEP=PC, value=20.57 unit)",RCP_PC_02,
ETC02,2026-03-08 05:37:25,INFO,"[I-5000] Recipe changed by operator (LOT=L26110, STEP=PHOTO, value=3.87 unit)",RCP_PHOTO_05,E542438
PC01,2026-03-08 05:39:41,INFO,"[I-5000] Recipe changed by operator (LOT=L26061, STEP=RMG, value=21.8 unit)",RCP_RMG_01,
CMP01,2026-03-08 05:43:59,WARN,"[W-3306] Pad temperature drift (LOT=L26085, STEP=CBCMP, value=22.83 unit)",RCP_CBCMP_03,E226140
ETC01,2026-03-08 06:02:28,WARN,"[W-3306] Pad temperature drift (LOT=L26000, STEP=CBCMP, value=6.15 unit)",RCP_CBCMP_03,E280107
PC01,2026-03-08 06:03:33,ERROR,"[E-1023] Chamber pressure high (LOT=L26117, STEP=RMG, value=10.11 unit)",RCP_RMG_02,
CMP02,2026-03-08 06:06:40,WARN,"[W-3306] Pad temperature drift (LOT=L26018, STEP=CBCMP, value=13.38 unit)",RCP_CBCMP_05,
PC01,2026-03-08 06:07:36,ERROR,"[E-2011] RF power unstable (LOT=L26052, STEP=CBCMP, value=20.62 unit)",RCP_CBCMP_02,E830263
CMP01,2026-03-08 06:29:59,WARN,"[W-3306] Pad temperature drift (LOT=L26064, STEP=CBCMP, value=13.92 unit)",RCP_CBCMP_03,E803838
CMP02,2026-03-08 06:33:15,ERROR,"[E-4102] Wafer transfer timeout (LOT=L26090, STEP=PHOTO, value=7.82 unit)",RCP_PHOTO_02,
ETC02,2026-03-08 06:33:32,ERROR,"[E-1023] Chamber pressure high (LOT=L26111, STEP=RMG, value=10.17 unit)",RCP_RMG_04,
CMP02,2026-03-08 06:36:36,WARN,"[W-3305] Slurry flow low (LOT=L26070, STEP=PHOTO, value=5.35 unit)",RCP_PHOTO_04,E564085
PHO01,2026-03-08 07:13:42,ERROR,"[E-1023] Chamber pressure high (LOT=L26080, STEP=PC, value=7.29 unit)",RCP_PC_02,
PHO01,2026-03-08 07:28:17,INFO,"[I-5000] Recipe changed by operator (LOT=L26047, STEP=PHOTO, value=16.55 unit)",RCP_PHOTO_05,
CMP02,2026-03-08 07:36:17,ERROR,"[E-1023] Chamber pressure high (LOT=L26012, STEP=ETCH, value=7.36 unit)",RCP_ETCH_02,E442645
PHO01,2026-03-08 07:43:23,ERROR,"[E-2011] RF power unstable (LOT=L26001, STEP=RMG, value=11.11 unit)",RCP_RMG_04,E262707
ETC01,2026-03-08 07:51:28,ERROR,"[E-4102] Wafer transfer timeout (LOT=L26117, STEP=PHOTO, value=15.65 unit)",RCP_PHOTO_02,
CMP02,2026-03-08 07:51:55,ERROR,"[E-2011] RF power unstable (LOT=L26091, STEP=PHOTO, value=7.99 unit)",RCP_PHOTO_02,
PC01,2026-03-08 08:01:57,ERROR,"[E-4102] Wafer transfer timeout (LOT=L26096, STEP=RMG, value=15.45 unit)",RCP_RMG_01,
CMP01,2026-03-08 08:16:15,ERROR,"[E-1023] Chamber pressure high (LOT=L26039, STEP=PHOTO, value=18.72 unit)",RCP_PHOTO_03,E992628
CMP02,2026-03-08 08:17:27,WARN,"[W-3306] Pad temperature drift (LOT=L26008, STEP=CBCMP, value=21.28 unit)",RCP_CBCMP_03,
CMP01,2026-03-08 08:19:05,ERROR,"[E-2011] RF power unstable (LOT=L26104, STEP=PC, value=7.5 unit)",RCP_PC_03,E328671
ETC01,2026-03-08 08:20:33,ERROR,"[E-1023] Chamber pressure high (LOT=L26000, STEP=PHOTO, value=11.25 unit)",RCP_PHOTO_03,
CMP02,2026-03-08 08:24:37,ERROR,"[E-1023] Chamber pressure high (LOT=L26050, STEP=RMG, value=5.19 unit)",RCP_RMG_01,E647284
ETC01,2026-03-08 08:25:59,WARN,"[W-3305] Slurry flow low (LOT=L26037, STEP=PC, value=3.48 unit)",RCP_PC_05,
CMP01,2026-03-08 08:29:41,ERROR,"[E-4102] Wafer transfer timeout (LOT=L26091, STEP=CBCMP, value=24.07 unit)",RCP_CBCMP_03,E990918
CMP01,2026-03-08 08:31:29,ERROR,"[E-2011] RF power unstable (LOT=L26010, STEP=CBCMP, value=4.15 unit)",RCP_CBCMP_02,
ETC01,2026-03-08 08:40:55,WARN,"[W-3306] Pad temperature drift (LOT=L26008, STEP=PC, value=16.24 unit)",RCP_PC_04,
CMP02,2026-03-08 08:59:39,WARN,"[W-3306] Pad temperature drift (LOT=L26078, STEP=PC, value=14.89 unit)",RCP_PC_05,
CMP02,2026-03-08 09:15:07,ERROR,"[E-2011] RF power unstable (LOT=L26002, STEP=ETCH, value=20.6 unit)",RCP_ETCH_04,E589035
PC01,2026-03-08 09:18:20,WARN,"[W-3305] Slurry flow low (LOT=L26092, STEP=PC, value=20.18 unit)",RCP_PC_03,
ETC02,2026-03-08 09:22:20,WARN,"[W-3305] Slurry flow low (LOT=L26082, STEP=PC, value=14.65 unit)",RCP_PC_05,
ETC01,2026-03-08 09:31:17,ERROR,"[E-4102] Wafer transfer timeout (LOT=L26020, STEP=CBCMP, value=1.88 unit)",RCP_CBCMP_01,
ETC02,2026-03-08 09:34:58,ERROR,"[E-2011] RF power unstable (LOT=L26036, STEP=PHOTO, value=4.33 unit)",RCP_PHOTO_03,
ETC01,2026-03-08 09:45:17,WARN,"[W-3306] Pad temperature drift (LOT=L26086, STEP=CBCMP, value=24.47 unit)",RCP_CBCMP_05,
CMP02,2026-03-08 09:57:04,ERROR,"[E-2011] RF power unstable (LOT=L26032, STEP=RMG, value=8.62 unit)",RCP_RMG_03,
CMP01,2026-03-08 10:02:20,ERROR,"[E-1023] Chamber pressure high (LOT=L26004, STEP=ETCH, value=21.15 unit)",RCP_ETCH_02,
ETC02,2026-03-08 10:18:12,ERROR,"[E-1023] Chamber pressure high (LOT=L26100, STEP=PHOTO, value=15.93 unit)",RCP_PHOTO_03,
ETC01,2026-03-08 10:33:23,INFO,"[I-5000] Recipe changed by operator (LOT=L26003, STEP=PHOTO, value=18.42 unit)",RCP_PHOTO_01,E606085
PHO01,2026-03-08 10:46:28,INFO,"[I-5000] Recipe changed by operator (LOT=L26116, STEP=CBCMP, value=13.52 unit)",RCP_CBCMP_03,
CMP01,2026-03-08 11:46:08,ERROR,"[E-2011] RF power unstable (LOT=L26052, STEP=PHOTO, value=10.09 unit)",RCP_PHOTO_01,
ETC02,2026-03-08 11:54:24,ERROR,"[E-2011] RF power unstable (LOT=L26074, STEP=ETCH, value=24.42 unit)",RCP_ETCH_05,
CMP02,2026-03-08 12:05:03,ERROR,"[E-1023] Chamber pressure high (LOT=L26071, STEP=RMG, value=3.76 unit)",RCP_RMG_05,
PHO01,2026-03-08 12:32:34,WARN,"[W-3306] Pad temperature drift (LOT=L26097, STEP=ETCH, value=15.38 unit)",RCP_ETCH_02,
CMP02,2026-03-08 12:33:03,WARN,"[W-3305] Slurry flow low (LOT=L26086, STEP=PC, value=7.22 unit)",RCP_PC_02,
ETC02,2026-03-08 13:09:08,ERROR,"[E-4102] Wafer transfer timeout (LOT=L26056, STEP=RMG, value=10.29 unit)",RCP_RMG_02,
CMP01,2026-03-08 13:17:37,WARN,"[W-3305] Slurry flow low (LOT=L26069, STEP=CBCMP, value=20.54 unit)",RCP_CBCMP_04,
CMP01,2026-03-08 13:20:55,ERROR,"[E-1023] Chamber pressure high (LOT=L26024, STEP=PHOTO, value=11.37 unit)",RCP_PHOTO_03,
ETC01,2026-03-08 13:32:41,ERROR,"[E-1023] Chamber pressure high (LOT=L26004, STEP=PHOTO, value=18.92 unit)",RCP_PHOTO_03,E438947
ETC02,2026-03-08 13:32:59,INFO,"[I-5000] Recipe changed by operator (LOT=L26051, STEP=CBCMP, value=9.66 unit)",RCP_CBCMP_02,
ETC02,2026-03-08 13:47:24,ERROR,"[E-4102] Wafer transfer timeout (LOT=L26111, STEP=PHOTO, value=11.96 unit)",RCP_PHOTO_05,
ETC02,2026-03-08 13:57:34,ERROR,"[E-4102] Wafer transfer timeout (LOT=L26084, STEP=PHOTO, value=1.27 unit)",RCP_PHOTO_05,
ETC01,2026-03-08 14:01:31,ERROR,"[E-1023] Chamber pressure high (LOT=L26110, STEP=PHOTO, value=21.97 unit)",RCP_PHOTO_03,
PHO01,2026-03-08 14:05:53,ERROR,"[E-1023] Chamber pressure high (LOT=L26056, STEP=PC, value=10.14 unit)",RCP_PC_04,
ETC02,2026-03-08 14:11:26,ERROR,"[E-1023] Chamber pressure high (LOT=L26033, STEP=PHOTO, value=12.37 unit)",RCP_PHOTO_03,E881518
PHO01,2026-03-08 14:12:10,WARN,"[W-3305] Slurry flow low (LOT=L26079, STEP=CBCMP, value=15.22 unit)",RCP_CBCMP_04,E573714
CMP01,2026-03-08 14:13:34,WARN,"[W-3306] Pad temperature drift (LOT=L26114, STEP=PHOTO, value=3.88 unit)",RCP_PHOTO_04,E897799
PHO01,2026-03-08 14:20:30,WARN,"[W-3305] Slurry flow low (LOT=L26023, STEP=PHOTO, value=18.38 unit)",RCP_PHOTO_01,E527045
PHO01,2026-03-08 14:22:53,INFO,"[I-5000] Recipe changed by operator (LOT=L26074, STEP=PHOTO, value=24.35 unit)",RCP_PHOTO_02,
ETC01,2026-03-08 14:23:47,WARN,"[W-3305] Slurry flow low (LOT=L26065, STEP=ETCH, value=10.15 unit)",RCP_ETCH_01,
PC01,2026-03-08 14:26:35,WARN,"[W-3306] Pad temperature drift (LOT=L26007, STEP=ETCH, value=4.9 unit)",RCP_ETCH_04,E996078
CMP01,2026-03-08 14:33:25,INFO,"[I-5000] Recipe changed by operator (LOT=L26065, STEP=PHOTO, value=15.19 unit)",RCP_PHOTO_05,
CMP02,2026-03-08 14:40:51,INFO,"[I-5000] Recipe changed by operator (LOT=L26067, STEP=RMG, value=16.23 unit)",RCP_RMG_05,
ETC02,2026-03-08 14:48:22,ERROR,"[E-1023] Chamber pressure high (LOT=L26044, STEP=PHOTO, value=11.44 unit)",RCP_PHOTO_03,E913638
PHO01,2026-03-08 14:58:47,ERROR,"[E-2011] RF power unstable (LOT=L26091, STEP=RMG, value=13.88 unit)",RCP_RMG_02,E363158
ETC01,2026-03-08 14:59:00,INFO,"[I-5000] Recipe changed by operator (LOT=L26054, STEP=PC, value=12.97 unit)",RCP_PC_01,E581311
ETC01,2026-03-08 15:13:34,ERROR,"[E-4102] Wafer transfer timeout (LOT=L26056, STEP=PHOTO, value=15.17 unit)",RCP_PHOTO_01,
CMP01,2026-03-08 15:31:13,ERROR,"[E-1023] Chamber pressure high (LOT=L26111, STEP=ETCH, value=14.03 unit)",RCP_ETCH_04,E128265
CMP01,2026-03-08 15:45:02,WARN,"[W-3305] Slurry flow low (LOT=L26056, STEP=CBCMP, value=11.63 unit)",RCP_CBCMP_01,E850461
PHO01,2026-03-08 15:46:39,ERROR,"[E-1023] Chamber pressure high (LOT=L26072, STEP=RMG, value=24.78 unit)",RCP_RMG_02,E119415
ETC02,2026-03-08 15:47:13,ERROR,"[E-1023] Chamber pressure high (LOT=L26102, STEP=ETCH, value=8.89 unit)",RCP_ETCH_05,E898926
ETC02,2026-03-08 15:53:22,ERROR,"[E-2011] RF power unstable (LOT=L26028, STEP=PHOTO, value=18.88 unit)",RCP_PHOTO_02,E449759
PC01,2026-03-08 16:03:25,ERROR,"[E-4102] Wafer transfer timeout (LOT=L26055, STEP=ETCH, value=21.49 unit)",RCP_ETCH_02,
PC01,2026-03-08 16:21:13,ERROR,"[E-2011] RF power unstable (LOT=L26104, STEP=PC, value=0.65 unit)",RCP_PC_02,
PC01,2026-03-08 17:01:27,WARN,"[W-3305] Slurry flow low (LOT=L26037, STEP=ETCH, value=8.38 unit)",RCP_ETCH_01,E703231
PC01,2026-03-08 17:16:27,ERROR,"[E-4102] Wafer transfer timeout (LOT=L26067, STEP=CBCMP, value=7.5 unit)",RCP_CBCMP_05,
CMP02,2026-03-08 17:28:23,ERROR,"[E-1023] Chamber pressure high (LOT=L26026, STEP=RMG, value=4.52 unit)",RCP_RMG_01,E292736
CMP02,2026-03-08 17:37:36,WARN,"[W-3305] Slurry flow low (LOT=L26010, STEP=RMG, value=6.12 unit)",RCP_RMG_03,
CMP02,2026-03-08 17:55:46,ERROR,"[E-1023] Chamber pressure high (LOT=L26111, STEP=PHOTO, value=1.94 unit)",RCP_PHOTO_03,
CMP01,2026-03-08 18:13:28,ERROR,"[E-4102] Wafer transfer timeout (LOT=L26049, STEP=PC, value=16.64 unit)",RCP_PC_03,
CMP01,2026-03-08 18:19:16,ERROR,"[E-4102] Wafer transfer timeout (LOT=L26026, STEP=RMG, value=13.91 unit)",RCP_RMG_04,
PHO01,2026-03-08 18:27:19,WARN,"[W-3306] Pad temperature drift (LOT=L26110, STEP=PC, value=14.36 unit)",RCP_PC_05,E576872
PC01,2026-03-08 18:28:17,WARN,"[W-3306] Pad temperature drift (LOT=L26089, STEP=PHOTO, value=15.49 unit)",RCP_PHOTO_02,E999715
PHO01,2026-03-08 18:35:51,ERROR,"[E-4102] Wafer transfer timeout (LOT=L26034, STEP=RMG, value=8.64 unit)",RCP_RMG_02,
CMP02,2026-03-08 18:42:18,ERROR,"[E-1023] Chamber pressure high (LOT=L26113, STEP=RMG, value=15.78 unit)",RCP_RMG_04,
ETC01,2026-03-08 19:03:13,INFO,"[I-5000] Recipe changed by operator (LOT=L26110, STEP=RMG, value=8.72 unit)",RCP_RMG_01,
CMP01,2026-03-08 19:15:00,ERROR,"[E-1023] Chamber pressure high (LOT=L26072, STEP=PC, value=21.11 unit)",RCP_PC_02,
CMP01,2026-03-08 19:25:04,WARN,"[W-3305] Slurry flow low (LOT=L26043, STEP=PC, value=8.55 unit)",RCP_PC_05,E573680
ETC02,2026-03-08 19:36:51,ERROR,"[E-4102] Wafer transfer timeout (LOT=L26048, STEP=PC, value=7.16 unit)",RCP_PC_02,
CMP01,2026-03-08 19:40:59,WARN,"[W-3306] Pad temperature drift (LOT=L26000, STEP=PHOTO, value=11.38 unit)",RCP_PHOTO_03,
CMP01,2026-03-08 19:43:58,INFO,"[I-5000] Recipe changed by operator (LOT=L26070, STEP=PC, value=6.93 unit)",RCP_PC_04,
PC01,2026-03-08 19:52:14,ERROR,"[E-1023] Chamber pressure high (LOT=L26019, STEP=PHOTO, value=0.91 unit)",RCP_PHOTO_03,E172051
ETC01,2026-03-08 20:01:03,ERROR,"[E-1023] Chamber pressure high (LOT=L26067, STEP=PHOTO, value=20.95 unit)",RCP_PHOTO_01,
PHO01,2026-03-08 20:08:36,ERROR,"[E-2011] RF power unstable (LOT=L26011, STEP=ETCH, value=17.27 unit)",RCP_ETCH_05,
PHO01,2026-03-08 20:10:01,INFO,"[I-5000] Recipe changed by operator (LOT=L26062, STEP=PC, value=2.75 unit)",RCP_PC_02,
PC01,2026-03-08 20:10:56,ERROR,"[E-2011] RF power unstable (LOT=L26072, STEP=CBCMP, value=9.94 unit)",RCP_CBCMP_05,
