TIMESTAMP,EQP_ID,S001,S002,S003,S004,S005,S006,S007,S008,S009,S010,S011,S012,S013,S014,S015,S016,S017,S018,S019,S020
2026-03-02 06:00:00,ETC01,57.234,44.81,47.055,46.631,47.022,48.678,,47.08,61.585,49.35,44.515,48.884,55.001,44.08,53.449,52.166,42.889,39.797,42.652,50.176
2026-03-02 06:30:00,ETC01,57.345,44.723,47.075,46.646,47.09,48.609,46.46,47.066,61.721,49.243,44.579,49.001,54.952,43.976,53.44,52.122,,39.761,42.682,50.234
2026-03-02 07:00:00,ETC01,57.411,44.725,47.067,46.727,47.039,48.622,46.458,47.034,61.805,49.243,44.661,49.031,54.854,44.03,53.392,52.149,42.905,39.73,42.667,50.175
2026-03-02 07:30:00,ETC01,57.266,44.665,47.002,46.663,47.066,48.594,46.527,47.026,61.877,49.287,44.631,49.042,54.871,44.03,53.43,52.102,42.845,39.685,42.676,50.043
2026-03-02 08:00:00,ETC01,57.176,44.673,46.958,46.696,47.101,48.582,46.373,47.044,61.972,49.313,44.59,49.133,54.873,44.001,53.488,52.238,42.863,39.586,42.684,50.026
2026-03-02 08:30:00,ETC01,57.234,44.764,46.983,46.802,47.138,48.59,46.44,47.056,61.953,49.367,44.54,49.078,54.829,43.988,53.499,52.317,42.819,39.659,42.673,50.017
2026-03-02 09:00:00,ETC01,57.295,44.763,46.858,46.76,47.112,48.645,46.484,47.032,61.973,49.387,44.553,49.091,54.865,43.917,53.544,52.344,42.757,39.681,42.706,50.057
2026-03-02 09:30:00,ETC01,57.324,44.802,46.875,46.824,47.042,48.668,46.409,46.997,61.947,49.407,44.524,49.126,54.834,43.875,53.534,52.378,42.719,39.725,42.828,50.086
2026-03-02 10:00:00,ETC01,57.495,44.774,46.811,46.785,46.995,48.741,46.407,46.872,62.018,49.5,44.516,49.089,54.864,43.887,53.609,52.272,42.741,39.739,42.908,50.109
2026-03-02 10:30:00,ETC01,57.48,44.762,46.842,46.779,47.074,48.82,46.413,46.852,62.049,49.466,44.443,49.156,54.844,43.802,53.595,52.237,42.701,39.794,42.874,50.008
2026-03-02 11:00:00,ETC01,57.501,44.849,46.812,46.737,47.074,48.792,46.385,46.904,62.073,49.489,44.478,49.182,54.749,43.738,53.597,52.187,42.694,39.831,42.809,49.942
2026-03-02 11:30:00,ETC01,57.517,44.801,46.87,46.672,47.037,48.729,46.287,46.811,62.054,49.479,44.515,49.239,54.887,43.856,53.509,52.226,42.663,39.799,42.821,49.945
2026-03-02 12:00:00,ETC01,57.636,44.747,46.868,46.619,47.123,48.716,46.335,46.864,62.021,49.474,44.614,49.263,54.859,43.852,53.642,52.166,42.66,39.84,42.811,49.96
2026-03-02 12:30:00,ETC01,57.689,44.805,46.862,46.65,47.161,48.706,46.435,46.905,61.884,49.515,44.643,49.35,54.858,43.941,53.728,52.164,42.669,39.809,42.732,49.888
2026-03-02 13:00:00,ETC01,57.676,44.744,46.891,46.652,47.217,48.66,46.379,46.893,61.818,49.573,44.601,49.429,54.892,43.849,53.798,52.288,42.739,39.802,42.743,49.864
2026-03-02 13:30:00,ETC01,57.626,44.799,46.844,46.661,47.303,48.6,46.405,46.879,61.834,49.532,44.738,49.329,54.867,43.839,53.754,52.3,42.778,39.714,42.702,49.836
2026-03-02 14:00:00,ETC01,57.56,44.867,46.799,46.752,47.246,48.574,46.436,46.833,61.846,49.599,44.783,49.354,54.755,43.854,53.767,52.263,42.806,39.602,42.697,49.852
2026-03-02 14:30:00,ETC01,57.599,44.916,46.843,46.803,47.207,48.52,46.393,46.845,61.88,49.583,44.761,49.434,54.674,43.87,53.738,52.163,42.79,39.595,42.829,49.891
2026-03-02 15:00:00,ETC01,57.727,44.917,46.845,46.765,47.088,48.523,46.337,46.838,61.879,49.627,44.848,49.452,54.662,43.91,53.658,52.072,42.785,39.545,42.773,49.762
2026-03-02 15:30:00,ETC01,57.731,44.859,46.886,46.803,47.125,48.433,46.298,46.689,61.951,49.644,44.825,49.427,54.608,44.016,53.728,52.054,42.77,39.482,42.866,49.785
2026-03-02 16:00:00,ETC01,57.639,44.86,46.927,46.802,47.115,48.44,46.329,46.714,61.921,49.625,44.893,49.383,54.601,43.998,53.738,52.056,42.753,39.474,42.789,49.827
2026-03-02 16:30:00,ETC01,57.566,44.826,46.886,46.817,47.106,48.446,46.299,46.772,61.966,49.593,44.935,49.475,54.559,43.996,53.711,52.108,42.792,39.584,42.884,49.79
2026-03-02 17:00:00,ETC01,57.49,44.811,46.933,46.788,47.12,48.531,46.308,46.77,61.962,,44.971,49.405,54.582,43.991,53.623,52.163,42.794,39.587,42.83,49.691
2026-03-02 17:30:00,ETC01,57.565,44.816,46.913,46.75,47.079,48.486,46.232,46.758,62.0,49.612,44.967,49.457,54.546,44.124,53.413,52.07,42.792,39.493,42.922,49.748
2026-03-02 18:00:00,ETC01,57.611,44.783,47.013,46.757,47.009,48.55,46.173,46.776,62.052,49.664,44.871,49.514,54.577,44.115,53.429,52.092,42.774,39.419,42.862,49.728
2026-03-02 18:30:00,ETC01,57.629,44.773,,46.706,46.975,48.526,46.164,46.849,62.015,49.705,44.872,49.482,54.558,43.94,53.434,52.036,42.657,39.358,42.803,49.716
2026-03-02 19:00:00,ETC01,57.601,44.818,46.983,46.792,47.002,48.472,46.205,46.783,62.047,49.686,44.939,49.397,54.535,44.09,53.451,52.07,42.614,39.418,42.82,49.721
2026-03-02 19:30:00,ETC01,57.511,44.731,47.079,46.847,46.969,48.546,46.271,46.877,61.963,49.766,45.019,49.439,54.524,44.111,53.37,52.126,42.617,39.474,42.877,49.679
2026-03-02 20:00:00,ETC01,57.421,44.721,47.044,46.774,46.925,48.522,46.339,46.799,61.915,49.846,45.046,49.382,54.541,44.122,53.375,52.087,42.6,39.421,42.831,49.66
2026-03-02 20:30:00,ETC01,57.294,44.809,47.072,46.849,46.922,48.551,46.242,46.872,61.963,49.796,45.01,49.406,54.537,43.97,53.357,52.177,42.736,39.396,42.697,49.723
2026-03-02 21:00:00,ETC01,57.371,44.792,47.148,46.868,46.894,48.402,46.233,46.931,61.9,49.698,44.908,49.312,54.431,43.982,53.472,52.217,42.834,39.38,42.894,49.72
2026-03-02 21:30:00,ETC01,57.424,44.781,47.103,46.81,47.078,48.264,46.217,46.906,61.857,49.749,44.887,49.376,54.433,44.036,53.479,52.265,42.84,39.499,42.96,49.725
2026-03-02 22:00:00,ETC01,57.441,44.761,47.124,46.825,47.101,48.269,46.246,46.856,61.905,49.779,44.891,49.384,54.468,43.931,53.394,52.214,42.765,39.594,42.955,49.559
2026-03-02 22:30:00,ETC01,57.436,44.766,47.173,46.782,47.077,48.23,46.245,46.901,61.888,49.702,44.981,49.456,54.373,43.911,53.442,,42.692,39.58,43.046,49.561
2026-03-02 23:00:00,ETC01,57.432,44.698,47.184,46.795,47.03,48.197,46.172,46.876,61.915,49.747,44.977,49.441,54.479,43.917,53.413,52.269,42.681,39.616,42.992,49.453
2026-03-02 23:30:00,ETC01,57.421,44.702,47.335,46.749,47.005,48.181,46.131,46.89,62.018,49.642,44.942,49.485,54.421,43.832,53.428,52.225,42.707,39.589,43.035,49.48
2026-03-03 00:00:00,ETC01,57.446,44.641,47.328,46.692,46.954,48.142,46.045,46.868,61.961,49.699,45.01,49.457,54.451,43.814,53.329,52.208,42.722,39.6,43.058,49.554
2026-03-03 00:30:00,ETC01,57.471,44.633,47.456,46.792,47.023,48.237,46.076,46.923,61.935,49.604,45.025,49.38,54.404,43.836,53.302,52.178,42.742,39.449,43.02,49.428
2026-03-03 01:00:00,ETC01,57.562,44.655,47.412,46.817,47.016,48.219,45.987,46.953,61.851,49.612,44.914,49.258,54.301,43.831,53.375,52.089,42.688,39.417,,49.413
2026-03-03 01:30:00,ETC01,57.521,44.659,47.479,46.853,46.995,48.275,45.948,46.985,61.73,49.597,44.957,49.274,54.341,43.786,53.311,52.073,42.607,39.51,43.056,49.436
2026-03-03 02:00:00,ETC01,57.579,44.658,47.535,46.942,46.999,48.26,45.997,46.926,61.706,49.718,44.932,49.197,54.418,43.859,53.292,52.055,42.638,39.489,43.057,49.41
2026-03-03 02:30:00,ETC01,57.617,44.58,47.553,47.004,46.917,48.136,45.992,46.915,61.621,49.637,44.957,49.213,54.481,43.798,53.348,52.03,42.704,39.489,43.156,49.489
2026-03-03 03:00:00,ETC01,57.619,44.699,47.512,46.996,46.912,48.054,45.96,47.028,61.504,49.619,44.908,49.282,54.509,43.843,53.299,52.088,42.838,39.494,43.177,49.598
2026-03-03 03:30:00,ETC01,57.799,44.699,47.599,47.086,46.962,48.059,45.99,47.05,61.485,49.614,44.952,49.404,54.533,43.781,53.244,51.997,42.808,39.541,43.236,49.573
2026-03-03 04:00:00,ETC01,57.842,44.653,47.592,47.028,47.057,48.084,46.067,47.12,61.497,49.533,45.051,49.494,54.494,43.826,53.309,52.062,42.816,39.487,43.201,49.525
2026-03-03 04:30:00,ETC01,57.833,44.634,47.67,47.111,47.055,47.991,46.041,47.103,61.442,49.597,45.058,49.555,54.526,43.74,53.29,52.075,42.771,39.506,43.336,49.472
2026-03-03 05:00:00,ETC01,57.887,44.626,47.639,47.14,47.044,48.071,45.991,47.095,61.448,49.602,45.111,49.493,54.468,43.688,53.254,52.076,42.754,39.562,43.376,49.456
2026-03-03 05:30:00,ETC01,57.922,44.572,47.662,47.12,47.081,48.052,45.982,47.089,61.544,49.548,45.251,49.455,54.343,43.689,53.264,52.052,42.706,39.627,43.379,49.39
2026-03-03 06:00:00,ETC01,58.034,44.593,47.764,47.056,47.074,48.029,45.988,47.172,61.661,49.456,45.274,49.569,54.398,43.77,53.309,52.01,42.723,39.586,43.366,49.448
2026-03-03 06:30:00,ETC01,58.084,44.714,47.661,46.975,,48.007,45.935,47.067,61.721,49.439,45.202,49.562,54.273,43.662,53.201,51.985,42.74,39.558,43.352,49.42
2026-03-03 07:00:00,ETC01,58.002,44.804,47.716,47.106,47.116,48.06,45.933,47.065,61.679,49.427,45.151,49.594,54.404,43.708,53.209,51.999,42.727,39.548,43.24,49.415
2026-03-03 07:30:00,ETC01,58.079,44.83,47.715,47.15,47.09,48.032,46.007,47.016,61.784,49.405,45.148,49.556,54.366,43.669,53.278,51.923,42.761,39.482,43.183,49.414
2026-03-03 08:00:00,ETC01,58.088,44.859,47.714,47.086,47.14,48.044,45.988,47.008,61.838,49.384,45.043,49.556,54.355,43.683,53.275,51.919,,39.427,43.14,49.413
2026-03-03 08:30:00,ETC01,58.118,44.927,47.661,46.981,47.138,47.96,46.053,46.985,61.751,49.477,45.019,49.429,54.25,43.712,53.237,51.881,42.786,39.421,43.116,49.289
2026-03-03 09:00:00,ETC01,58.102,44.88,47.609,47.012,47.154,48.056,46.113,46.999,61.731,49.488,44.96,49.364,54.308,43.759,53.162,51.969,42.836,39.32,43.133,49.409
2026-03-03 09:30:00,ETC01,58.073,44.848,47.648,47.059,47.182,48.014,46.078,47.012,61.675,49.488,44.901,49.352,54.346,43.697,53.118,52.115,42.827,39.32,43.237,49.388
2026-03-03 10:00:00,ETC01,58.065,44.77,47.574,47.124,47.238,47.979,46.065,47.051,61.656,49.462,44.939,49.362,54.365,43.775,53.054,52.264,42.818,39.376,43.296,49.476
2026-03-03 10:30:00,ETC01,58.005,44.721,47.54,47.08,47.195,47.831,46.045,47.092,61.676,49.535,44.913,49.369,54.334,43.883,53.072,52.283,42.953,39.276,43.349,49.439
2026-03-03 11:00:00,ETC01,58.116,44.63,47.441,47.15,47.117,47.861,46.069,47.082,61.677,49.527,44.909,49.369,54.318,43.92,53.06,52.242,42.899,39.227,43.417,49.444
2026-03-03 11:30:00,ETC01,58.163,44.612,47.449,47.16,47.133,47.855,46.147,47.014,61.618,49.516,44.851,49.372,54.301,43.846,53.142,52.108,42.986,39.295,43.331,49.402
2026-03-03 12:00:00,ETC01,58.172,44.651,47.484,47.117,47.198,47.786,46.094,47.061,61.59,49.615,44.793,49.268,54.351,43.832,53.301,52.119,42.956,,43.326,49.403
2026-03-03 12:30:00,ETC01,58.19,44.694,47.483,,47.072,47.809,46.186,47.098,61.549,49.687,44.796,49.335,54.326,43.945,53.277,52.088,43.003,39.219,43.346,49.292
2026-03-03 13:00:00,ETC01,58.207,44.705,47.483,47.0,47.102,47.87,46.192,47.153,61.597,49.692,44.781,49.291,54.326,43.968,53.255,52.194,43.022,39.212,43.185,49.373
2026-03-03 13:30:00,ETC01,58.146,44.726,47.457,46.936,47.137,47.927,46.044,47.147,61.57,49.613,44.76,49.381,54.429,43.909,53.291,52.21,43.074,39.162,,49.407
2026-03-03 14:00:00,ETC01,58.151,44.628,47.425,46.861,47.127,47.981,46.141,47.062,61.56,49.628,44.712,49.478,54.445,43.91,53.206,52.254,43.076,39.233,43.229,49.325
2026-03-03 14:30:00,ETC01,58.114,44.639,47.507,46.7,47.1,47.91,46.165,47.086,61.509,49.634,44.662,49.473,54.44,43.977,53.154,52.247,43.059,39.282,43.141,49.316
2026-03-03 15:00:00,ETC01,58.119,44.62,47.554,46.797,47.142,48.01,46.292,47.026,61.508,49.723,44.64,49.349,54.444,43.965,53.065,52.201,42.978,39.339,43.168,49.412
2026-03-03 15:30:00,ETC01,58.097,44.575,47.664,46.85,47.082,47.926,46.281,47.097,61.5,49.757,44.688,49.406,54.461,43.935,53.158,52.212,42.928,39.344,43.223,49.516
2026-03-03 16:00:00,ETC01,58.077,44.525,47.54,46.803,47.078,47.95,46.274,47.044,61.496,49.79,44.809,49.45,54.329,43.912,53.231,52.175,42.962,39.346,43.277,49.585
2026-03-03 16:30:00,ETC01,57.995,44.501,47.467,46.771,47.022,47.823,46.295,46.935,61.547,49.753,44.899,49.532,54.334,43.942,53.263,52.071,42.995,39.358,43.209,49.624
2026-03-03 17:00:00,ETC01,57.963,44.494,47.407,46.692,47.025,47.851,46.402,47.062,61.544,49.718,44.979,49.485,54.327,,53.257,52.147,42.939,39.445,43.268,49.584
2026-03-03 17:30:00,ETC01,57.95,44.548,47.456,46.701,46.962,47.766,46.424,47.108,61.558,49.633,44.936,49.403,54.265,43.858,53.238,52.074,42.874,39.515,43.351,49.529
2026-03-03 18:00:00,ETC01,57.92,44.562,47.442,46.824,46.983,47.917,46.493,47.01,61.48,49.753,45.005,49.421,54.32,43.804,53.274,52.193,42.853,39.599,43.328,49.46
2026-03-03 18:30:00,ETC01,57.939,44.586,47.435,46.845,47.036,48.012,46.497,46.895,61.358,49.766,45.039,49.338,54.391,43.849,53.247,52.209,42.89,39.64,43.28,49.436
2026-03-03 19:00:00,ETC01,57.864,44.496,47.449,46.805,47.014,47.995,46.565,46.965,61.401,49.778,45.024,49.339,54.393,43.85,53.153,52.222,42.915,39.628,43.181,49.491
2026-03-03 19:30:00,ETC01,57.846,44.387,47.469,46.736,46.914,48.021,46.616,47.009,61.284,49.733,44.925,49.311,54.436,43.826,53.19,52.206,42.959,39.624,43.158,49.44
2026-03-03 20:00:00,ETC01,57.868,44.405,47.458,46.77,46.893,48.029,46.606,47.005,61.258,49.706,44.965,49.31,54.373,43.914,53.251,52.36,42.903,39.572,43.198,49.479
2026-03-03 20:30:00,ETC01,57.896,44.388,47.517,46.794,46.956,48.012,46.627,47.04,61.331,49.739,44.995,,54.325,43.849,53.222,52.349,42.917,39.652,43.259,49.495
2026-03-03 21:00:00,ETC01,57.933,44.361,47.55,46.844,46.921,48.042,46.677,46.99,61.312,49.679,44.97,49.274,54.302,43.804,53.252,52.427,42.836,39.605,43.224,49.513
2026-03-03 21:30:00,ETC01,57.999,44.313,47.581,46.809,46.998,48.106,46.678,47.021,61.317,49.702,44.911,49.226,54.36,43.91,53.289,52.338,42.859,39.752,43.229,49.434
2026-03-03 22:00:00,ETC01,58.06,44.301,47.625,46.71,46.978,48.088,46.671,47.022,61.335,49.704,44.943,49.16,54.332,44.028,53.326,52.295,42.84,39.866,43.176,49.307
2026-03-03 22:30:00,ETC01,58.089,44.278,47.605,46.71,47.016,48.088,46.632,47.018,61.319,,45.077,49.186,54.316,44.017,53.21,52.255,42.878,39.888,43.197,49.271
2026-03-03 23:00:00,ETC01,58.155,44.256,47.641,46.668,46.968,48.064,46.532,47.145,61.301,49.866,44.996,49.13,54.346,44.011,53.205,52.357,42.94,39.868,43.284,49.392
2026-03-03 23:30:00,ETC01,58.167,44.248,47.722,46.621,46.95,48.027,46.599,47.149,61.361,49.904,44.957,49.19,54.328,43.996,53.18,52.377,42.99,39.917,43.335,49.397
2026-03-04 00:00:00,ETC01,58.103,44.301,47.844,46.558,46.979,47.991,46.674,47.082,61.295,49.895,44.957,49.227,54.264,43.982,53.247,52.416,43.064,39.874,43.305,49.488
2026-03-04 00:30:00,ETC01,58.159,44.351,47.899,46.417,47.053,48.001,46.698,47.076,61.255,49.961,44.927,49.2,54.392,43.914,53.358,52.433,43.104,39.924,43.293,49.541
2026-03-04 01:00:00,ETC01,58.104,44.353,47.828,46.37,,48.062,46.669,47.119,61.266,49.954,44.932,49.162,54.399,43.915,53.289,52.341,42.978,39.941,43.239,49.488
2026-03-04 01:30:00,ETC01,58.096,44.409,47.767,46.452,47.163,48.086,46.758,47.111,61.281,49.975,44.946,49.187,54.48,43.871,53.306,52.298,43.025,39.892,43.231,49.527
2026-03-04 02:00:00,ETC01,58.131,44.479,47.79,46.277,47.189,48.001,46.768,47.046,61.301,49.928,44.969,49.16,54.52,43.84,53.285,52.236,42.988,39.848,43.258,49.52
2026-03-04 02:30:00,ETC01,58.159,44.452,47.95,46.251,47.146,48.058,46.685,46.999,61.22,49.832,45.019,49.103,54.559,43.831,53.265,52.252,42.868,39.921,43.156,49.428
2026-03-04 03:00:00,ETC01,58.151,44.518,47.945,46.256,47.111,47.963,46.702,47.08,61.213,49.791,44.987,49.059,54.517,43.925,53.286,52.125,42.964,39.837,43.191,49.492
2026-03-04 03:30:00,ETC01,58.132,44.435,47.96,46.255,47.016,47.854,46.82,47.037,61.217,49.9,45.035,49.041,54.446,43.917,53.386,52.102,42.887,39.822,43.243,49.536
2026-03-04 04:00:00,ETC01,57.996,44.346,48.053,46.196,47.046,47.895,46.916,46.908,61.237,49.911,45.06,49.076,54.455,43.841,53.321,52.044,42.918,39.951,43.257,49.617
2026-03-04 04:30:00,ETC01,57.976,44.393,48.078,46.178,47.013,47.939,46.993,46.98,,49.985,45.12,49.037,54.445,43.831,53.28,52.037,42.891,39.97,43.3,49.539
2026-03-04 05:00:00,ETC01,57.976,44.489,48.03,46.059,47.058,47.825,46.968,46.97,61.317,49.924,45.056,49.111,54.455,43.855,53.189,51.906,42.862,39.946,43.331,49.464
2026-03-04 05:30:00,ETC01,57.963,,47.982,46.11,47.065,47.881,47.024,46.856,61.366,49.899,45.012,49.157,54.414,43.836,53.251,51.809,42.842,40.004,43.327,49.45
2026-03-04 06:00:00,ETC01,57.984,44.569,47.989,46.212,47.049,,46.953,46.827,61.408,49.915,44.946,49.215,54.335,43.761,53.247,51.842,42.765,40.125,43.339,49.444
2026-03-04 06:30:00,ETC01,58.057,44.563,48.066,46.095,47.227,48.011,46.888,46.766,61.397,49.821,44.957,49.265,54.266,43.666,53.249,51.943,42.775,40.158,43.408,49.435
2026-03-04 07:00:00,ETC01,58.025,44.512,48.042,46.142,47.195,48.053,46.831,46.797,61.368,49.75,45.054,49.271,54.262,43.74,53.23,51.992,42.761,40.102,43.35,49.367
2026-03-04 07:30:00,ETC01,58.06,44.564,48.07,46.128,47.209,48.072,46.827,46.787,61.372,49.714,44.987,49.237,54.289,43.772,53.299,51.905,42.811,40.079,43.306,49.368
2026-03-04 08:00:00,ETC01,58.076,44.57,48.081,46.042,47.234,48.07,46.733,46.735,61.376,49.791,45.034,49.234,54.298,43.799,53.303,51.905,42.724,40.082,43.403,49.316
2026-03-04 08:30:00,ETC01,58.114,44.476,48.072,46.077,47.215,48.064,46.631,46.755,61.484,49.907,44.994,49.139,54.24,43.96,53.354,51.845,42.841,40.069,43.371,49.363
2026-03-04 09:00:00,ETC01,58.078,44.416,48.081,46.12,47.123,48.007,46.65,46.762,61.595,49.903,44.881,49.139,54.249,43.925,53.264,51.87,42.8,40.139,43.346,49.476
2026-03-04 09:30:00,ETC01,58.047,44.445,48.105,46.096,47.148,47.973,46.689,46.744,61.637,49.883,44.839,49.321,54.218,43.897,53.327,51.922,42.83,40.159,43.211,49.529
2026-03-04 10:00:00,ETC01,58.028,44.451,48.059,46.115,47.184,48.027,46.663,46.723,61.656,49.92,44.816,49.24,54.195,43.89,53.427,51.879,42.838,,43.248,49.545
2026-03-04 10:30:00,ETC01,57.969,44.314,48.07,46.111,47.262,48.022,46.706,46.732,61.592,49.871,44.769,49.134,54.216,43.865,53.39,51.851,42.755,40.107,43.254,49.533
2026-03-04 11:00:00,ETC01,57.937,44.186,48.07,46.134,47.227,48.043,46.771,46.643,61.706,49.854,44.724,49.078,54.247,43.827,53.353,51.865,42.826,40.046,43.137,49.558
2026-03-04 11:30:00,ETC01,57.916,44.201,48.184,46.155,47.387,48.058,46.723,46.738,61.727,49.844,44.677,49.114,54.202,43.76,53.313,51.976,42.813,40.099,43.029,49.567
2026-03-04 12:00:00,ETC01,57.955,44.168,48.177,46.126,47.394,48.061,46.719,46.742,61.771,49.765,44.65,49.089,54.207,43.846,53.334,52.014,42.796,40.013,43.044,49.568
2026-03-04 12:30:00,ETC01,57.966,44.16,48.165,46.078,47.417,47.966,46.658,46.719,61.644,49.874,44.69,49.087,54.239,43.93,53.245,52.117,42.849,40.061,43.06,49.468
2026-03-04 13:00:00,ETC01,57.887,44.117,48.177,46.064,47.408,47.94,46.684,46.805,61.545,49.92,44.764,49.116,54.141,43.83,53.298,,42.779,40.006,43.091,49.481
2026-03-04 13:30:00,ETC01,57.932,44.085,48.255,46.017,47.412,48.044,46.604,46.787,61.585,49.917,44.794,49.157,54.124,43.81,53.319,52.007,42.765,40.029,43.049,49.437
2026-03-04 14:00:00,ETC01,57.897,44.114,48.305,45.966,47.37,48.12,46.709,46.759,61.662,49.822,44.801,49.132,54.148,43.733,53.264,51.923,42.785,40.009,43.021,49.298
2026-03-04 14:30:00,ETC01,57.881,44.147,48.414,45.895,47.317,48.243,46.689,46.823,61.819,49.825,44.79,49.224,54.249,43.686,53.145,51.919,42.754,40.024,43.034,49.203
2026-03-04 15:00:00,ETC01,57.833,44.14,48.438,45.843,47.374,48.165,46.775,46.811,61.813,49.799,44.794,49.297,54.231,43.795,53.17,51.999,42.779,40.011,43.154,49.103
2026-03-04 15:30:00,ETC01,57.817,44.174,48.397,45.932,47.384,48.295,46.732,46.798,61.751,49.811,44.713,49.261,54.154,43.838,53.054,52.054,42.734,40.001,43.266,49.086
2026-03-04 16:00:00,ETC01,57.945,44.146,48.358,45.862,47.339,48.417,46.779,46.692,61.777,49.852,44.786,49.243,54.118,43.939,53.121,52.075,42.794,40.005,43.177,49.129
2026-03-04 16:30:00,ETC01,57.884,44.223,48.491,45.835,47.379,48.472,46.798,46.649,61.84,49.824,44.766,49.206,54.192,43.919,53.14,52.021,42.768,40.007,43.161,49.138
2026-03-04 17:00:00,ETC01,57.868,44.23,48.491,45.763,47.449,48.478,46.768,46.702,61.931,49.946,44.705,49.292,54.233,44.016,53.085,52.058,42.764,40.061,43.145,49.034
2026-03-04 17:30:00,ETC01,57.919,44.219,48.498,45.761,47.533,48.506,46.827,46.57,61.977,49.91,44.733,49.266,54.193,44.043,53.098,,42.805,40.066,43.105,49.106
2026-03-04 18:00:00,ETC01,57.98,44.281,48.443,45.841,47.526,48.458,46.799,46.53,62.101,49.938,44.744,49.148,54.165,44.09,53.243,52.106,42.845,40.03,43.162,48.983
2026-03-04 18:30:00,ETC01,57.959,44.183,48.505,45.891,47.633,48.514,46.805,46.491,62.049,49.943,44.764,49.095,54.143,44.078,53.257,52.147,42.786,39.942,43.237,49.046
2026-03-04 19:00:00,ETC01,58.002,44.156,48.513,45.959,47.528,48.554,46.866,46.433,62.059,49.993,44.784,49.026,54.109,44.06,53.227,52.223,42.876,39.908,43.204,49.011
2026-03-04 19:30:00,ETC01,58.04,44.183,48.469,45.996,47.539,48.571,46.837,46.378,62.038,50.028,44.814,49.002,54.082,44.04,53.299,52.156,42.866,39.797,43.234,49.1
2026-03-04 20:00:00,ETC01,58.049,44.168,48.418,45.976,47.499,48.53,46.752,46.389,62.001,50.035,44.76,49.03,53.982,43.996,53.329,52.243,42.892,39.771,43.21,49.113
2026-03-04 20:30:00,ETC01,58.018,44.087,48.434,46.0,47.572,48.508,46.813,46.452,61.978,50.046,44.747,49.068,54.005,43.997,53.367,52.362,43.049,39.789,43.174,49.104
2026-03-04 21:00:00,ETC01,58.077,44.097,48.486,46.006,47.631,48.453,46.902,46.505,62.038,49.991,44.853,49.205,54.104,44.069,53.284,52.375,43.081,39.828,43.18,49.066
2026-03-04 21:30:00,ETC01,58.025,44.069,48.527,46.045,47.699,48.395,46.863,46.33,61.981,49.976,44.75,49.11,54.083,44.072,53.272,52.268,43.143,39.843,43.142,49.123
2026-03-04 22:00:00,ETC01,58.168,44.024,48.58,46.016,47.758,48.394,46.853,46.378,61.847,50.042,44.706,49.042,54.031,44.088,53.225,52.346,43.208,39.735,43.218,49.085
2026-03-04 22:30:00,ETC01,58.071,44.053,48.556,46.069,47.77,,46.953,46.364,61.795,50.12,44.796,49.026,53.993,44.155,53.266,52.337,43.167,39.747,43.266,49.084
2026-03-04 23:00:00,ETC01,58.101,44.152,48.656,46.124,47.813,48.467,47.013,46.347,61.756,50.151,44.713,49.065,54.04,44.041,53.331,52.32,43.12,39.713,43.273,49.064
2026-03-04 23:30:00,ETC01,58.164,44.13,48.536,45.957,47.76,48.392,47.068,46.333,61.69,50.165,44.626,49.096,53.99,44.061,53.278,52.243,43.173,39.701,43.256,49.123
2026-03-05 00:00:00,ETC01,58.219,44.092,48.565,45.929,47.741,48.315,47.091,,61.714,50.207,44.628,49.096,53.976,44.132,53.264,52.315,43.098,39.664,43.305,49.046
2026-03-05 00:30:00,ETC01,58.205,44.083,48.636,45.909,47.731,48.391,47.057,46.236,61.72,50.18,44.643,49.042,53.927,44.23,53.304,52.273,43.123,39.743,43.316,49.036
2026-03-05 01:00:00,ETC01,58.158,44.095,48.724,45.918,47.731,48.355,47.025,46.175,61.797,50.269,44.638,49.054,53.89,44.141,53.235,52.3,43.033,39.805,43.337,49.085
2026-03-05 01:30:00,ETC01,58.131,,48.709,45.981,47.816,,47.022,46.203,61.791,50.205,44.5,49.067,53.982,44.183,53.309,52.247,43.014,39.788,43.258,48.938
2026-03-05 02:00:00,ETC01,58.066,43.969,48.78,45.926,47.842,48.326,47.07,46.201,61.735,50.19,44.496,48.968,54.007,44.257,53.185,52.22,42.982,39.757,43.225,48.888
2026-03-05 02:30:00,ETC01,57.989,,48.78,45.941,47.743,48.274,47.024,46.195,61.755,50.269,44.474,48.998,54.055,44.271,53.054,52.138,42.956,39.643,43.188,48.8
2026-03-05 03:00:00,ETC01,57.988,43.865,48.766,46.063,47.695,48.27,47.028,46.165,61.781,50.208,44.565,49.046,54.052,44.325,53.143,52.106,43.12,39.577,43.259,48.848
2026-03-05 03:30:00,ETC01,58.008,43.872,48.647,46.056,47.651,48.224,47.032,46.167,61.795,50.163,44.559,49.108,53.963,44.381,53.141,52.074,43.028,39.611,43.299,48.897
2026-03-05 04:00:00,ETC01,57.938,43.833,48.574,46.058,47.589,48.15,47.067,46.176,61.868,50.162,44.559,49.058,54.047,44.398,53.12,51.943,43.018,39.688,43.389,48.954
2026-03-05 04:30:00,ETC01,57.944,43.854,48.628,46.159,47.568,48.224,47.043,46.242,61.878,50.167,44.486,49.039,54.01,44.406,53.183,51.971,43.055,39.72,43.326,49.003
2026-03-05 05:00:00,ETC01,57.977,43.854,48.572,46.144,47.563,48.341,47.047,46.234,61.868,50.124,44.585,49.123,54.029,44.429,53.271,51.862,43.169,39.763,43.328,48.989
2026-03-05 05:30:00,ETC01,57.963,43.914,48.555,46.126,47.517,48.364,47.071,46.23,61.87,50.119,44.665,49.071,54.114,44.433,53.377,51.763,43.196,39.694,43.37,49.016
2026-03-05 06:00:00,ETC01,57.954,43.934,48.596,46.141,47.588,48.281,47.043,46.289,61.819,50.164,44.706,49.085,54.066,44.394,53.378,51.783,43.278,39.627,43.33,48.975
2026-03-05 06:30:00,ETC01,57.921,43.825,48.58,46.184,47.491,48.295,47.001,46.237,61.788,50.134,44.766,49.094,54.137,44.331,53.34,51.811,43.263,39.689,43.328,48.946
2026-03-05 07:00:00,ETC01,57.862,43.752,48.697,46.2,47.468,48.241,47.107,46.265,61.8,50.093,44.72,49.1,54.157,44.424,53.296,51.719,43.215,39.758,43.207,49.028
2026-03-05 07:30:00,ETC01,57.869,43.744,48.591,46.192,47.448,48.287,47.11,46.24,61.821,50.235,44.686,49.045,54.164,44.376,53.277,51.716,43.175,39.719,43.226,49.0
2026-03-05 08:00:00,ETC01,57.871,43.808,48.535,46.17,47.379,48.307,,46.33,61.816,50.314,44.728,49.068,54.237,44.313,53.253,51.735,,39.664,43.209,48.91
2026-03-05 08:30:00,ETC01,57.813,43.77,48.507,46.139,47.46,48.251,47.064,46.368,61.932,50.339,44.715,48.989,54.185,44.33,53.292,51.744,43.195,39.773,43.14,48.999
2026-03-05 09:00:00,ETC01,57.865,43.727,48.569,46.098,47.496,48.317,47.026,46.327,61.869,50.417,44.651,48.944,54.166,44.304,53.274,51.701,43.268,39.809,43.056,49.023
2026-03-05 09:30:00,ETC01,57.942,43.659,48.509,46.052,47.44,48.278,46.946,46.389,61.884,50.568,44.646,48.855,54.089,44.265,53.23,51.674,43.304,39.782,43.167,48.996
2026-03-05 10:00:00,ETC01,57.919,43.641,48.576,46.03,47.36,48.177,46.963,46.438,61.797,50.602,44.62,48.804,54.146,44.309,53.216,51.684,43.223,39.766,43.135,48.888
2026-03-05 10:30:00,ETC01,57.851,43.573,48.545,46.041,47.363,48.258,46.959,46.356,61.799,50.583,44.707,48.853,54.101,44.218,53.258,51.642,43.176,39.749,43.126,49.011
2026-03-05 11:00:00,ETC01,57.795,43.523,48.627,46.104,47.417,48.252,46.938,46.391,61.843,50.581,44.659,48.92,53.992,44.197,53.298,51.569,43.172,39.737,43.125,48.921
2026-03-05 11:30:00,ETC01,57.798,43.509,48.593,46.124,47.457,48.298,46.832,46.372,61.794,50.548,44.63,48.95,53.922,44.233,53.356,51.595,43.225,39.782,43.103,49.004
2026-03-05 12:00:00,ETC01,57.868,43.624,48.712,46.179,47.478,48.219,46.803,46.366,61.773,50.52,44.648,48.924,54.01,44.202,53.356,51.603,43.194,39.865,42.992,49.017
2026-03-05 12:30:00,ETC01,57.894,43.551,48.741,46.071,47.483,48.211,46.777,46.413,61.858,50.564,44.624,48.924,54.084,44.19,53.321,51.632,43.25,39.843,42.951,49.068
2026-03-05 13:00:00,ETC01,57.901,43.61,48.812,45.985,47.485,48.175,46.719,,61.869,50.564,44.728,48.952,54.09,44.172,53.445,51.644,43.222,39.823,42.984,49.045
2026-03-05 13:30:00,ETC01,57.971,43.581,48.883,46.052,47.573,48.118,46.781,46.315,61.833,50.571,44.648,48.921,54.049,44.119,53.519,51.582,43.291,39.81,43.077,49.079
2026-03-05 14:00:00,ETC01,57.981,43.6,48.911,46.08,47.633,48.165,46.809,46.298,61.757,50.583,44.702,48.89,54.003,44.18,53.471,51.612,,39.832,43.075,49.075
2026-03-05 14:30:00,ETC01,57.981,43.51,48.831,46.123,47.611,48.187,46.902,46.353,61.708,50.54,44.649,48.796,54.009,44.119,53.52,51.704,43.396,39.887,42.968,49.141
2026-03-05 15:00:00,ETC01,57.849,43.642,48.692,46.122,47.618,48.259,46.901,46.381,61.709,50.425,44.583,48.859,54.049,44.112,53.431,51.697,43.307,39.866,42.986,49.089
2026-03-05 15:30:00,ETC01,57.872,43.64,48.57,46.124,47.617,48.209,46.929,46.366,61.658,50.462,44.6,48.88,53.969,44.223,53.42,51.639,43.346,39.91,42.908,49.109
2026-03-05 16:00:00,ETC01,57.886,43.574,48.592,46.188,47.618,48.172,47.046,46.259,61.669,50.384,44.522,48.989,54.093,44.236,53.382,51.724,43.433,39.949,42.916,49.117
2026-03-05 16:30:00,ETC01,57.844,43.61,48.586,46.179,47.545,48.115,47.168,46.28,61.756,50.459,44.546,48.971,54.134,44.285,53.343,51.667,43.483,40.01,42.921,49.199
2026-03-05 17:00:00,ETC01,57.86,43.552,48.586,46.112,47.517,48.195,47.115,46.232,61.727,50.368,44.556,48.955,54.079,44.274,53.304,51.587,43.433,40.086,43.008,49.298
2026-03-05 17:30:00,ETC01,57.876,43.561,48.625,46.143,47.577,48.255,47.032,46.267,61.636,50.41,44.511,48.995,54.131,44.365,53.285,51.606,43.326,39.998,,49.288
2026-03-05 18:00:00,ETC01,57.851,43.556,48.69,46.25,47.534,48.169,47.081,46.307,61.806,50.342,44.406,48.891,54.175,44.447,53.165,51.65,43.458,39.942,42.983,49.281
2026-03-05 18:30:00,ETC01,57.891,43.561,48.76,46.312,47.599,48.228,47.008,46.289,61.815,50.403,44.462,48.782,54.082,44.537,53.116,51.761,43.531,39.988,42.989,49.184
2026-03-05 19:00:00,ETC01,57.934,43.566,48.863,46.345,47.702,48.183,46.963,46.335,61.77,50.407,44.425,48.75,54.129,44.358,53.201,51.691,43.562,39.972,43.017,49.147
2026-03-05 19:30:00,ETC01,57.929,43.698,48.866,46.379,47.671,48.151,46.956,46.38,61.761,50.414,44.485,48.783,54.176,44.368,53.125,51.663,43.646,39.953,43.0,49.151
2026-03-05 20:00:00,ETC01,57.997,43.806,48.95,46.356,47.678,48.145,46.87,46.306,61.748,50.367,44.402,48.725,54.142,44.357,53.21,51.654,43.632,39.958,42.947,49.25
2026-03-05 20:30:00,ETC01,57.949,43.865,48.9,46.272,47.743,48.093,46.822,46.207,61.825,50.462,44.352,48.802,54.141,44.297,53.17,51.54,43.566,39.957,42.929,49.288
2026-03-05 21:00:00,ETC01,57.862,43.847,48.942,46.313,47.687,48.085,46.781,46.206,61.795,50.412,44.45,48.762,54.078,44.333,53.136,51.557,43.624,39.955,42.825,
2026-03-05 21:30:00,ETC01,57.861,43.942,48.91,46.306,47.609,48.131,46.718,46.108,61.733,50.343,44.502,48.857,54.063,44.408,53.229,51.491,43.511,39.895,42.817,49.397
2026-03-05 22:00:00,ETC01,57.829,43.948,48.936,46.308,47.75,48.185,46.671,46.121,61.646,50.439,44.475,48.794,54.048,44.343,53.191,51.443,43.467,39.907,42.935,49.41
2026-03-05 22:30:00,ETC01,57.814,44.091,48.912,46.258,47.785,48.204,46.63,46.072,61.656,50.43,44.541,48.784,54.071,44.347,53.286,51.37,43.47,39.914,42.934,49.406
2026-03-05 23:00:00,ETC01,57.921,44.113,48.876,46.347,47.755,48.242,46.743,46.124,61.608,50.308,44.593,48.847,54.092,44.395,53.369,51.385,43.484,39.915,42.82,49.459
2026-03-05 23:30:00,ETC01,58.087,44.186,48.739,46.4,47.8,48.193,46.625,46.129,61.615,50.283,44.615,48.79,54.1,44.392,53.337,51.389,43.5,39.989,42.808,49.47
2026-03-06 00:00:00,ETC01,58.072,44.21,48.695,46.392,47.81,48.168,46.666,,61.608,50.343,44.586,48.791,54.049,44.323,53.341,51.401,43.574,39.903,42.879,49.427
2026-03-06 00:30:00,ETC01,58.016,44.163,48.759,46.36,47.887,48.102,46.65,46.207,61.643,50.362,44.488,48.725,54.022,44.35,53.309,51.356,43.484,39.808,42.931,49.374
2026-03-06 01:00:00,ETC01,58.037,44.164,48.797,46.351,47.888,47.991,46.683,46.242,61.746,50.326,44.45,48.827,54.028,44.363,53.331,51.364,43.553,39.74,42.904,49.386
2026-03-06 01:30:00,ETC01,58.095,44.188,48.739,46.392,47.817,47.962,46.669,46.294,61.723,50.291,44.527,48.845,54.004,44.337,53.268,51.283,43.572,39.643,42.92,
2026-03-06 02:00:00,ETC01,58.059,44.217,48.829,46.304,47.891,47.995,46.684,46.181,61.738,50.168,44.575,48.828,53.934,44.285,53.266,51.273,43.598,39.559,42.78,49.528
2026-03-06 02:30:00,ETC01,58.159,44.234,48.884,46.318,47.918,48.052,46.649,46.2,61.75,50.201,44.542,48.867,53.964,44.248,53.271,51.232,43.611,39.572,42.822,49.447
2026-03-06 03:00:00,ETC01,58.139,44.199,48.957,46.357,47.841,48.112,46.645,46.179,61.726,50.192,44.532,48.836,54.075,44.294,53.118,51.193,43.627,39.528,42.767,49.397
2026-03-06 03:30:00,ETC01,58.125,44.195,48.928,46.394,47.906,48.232,46.721,46.181,61.719,50.136,44.586,48.705,54.076,44.318,53.102,51.174,43.701,39.545,42.65,49.239
2026-03-06 04:00:00,ETC01,58.201,44.231,48.972,46.416,47.977,48.282,46.857,46.288,61.714,50.218,44.546,48.761,54.071,44.296,53.084,51.175,43.739,39.595,42.634,49.182
2026-03-06 04:30:00,ETC01,58.103,44.181,48.974,46.418,47.996,48.28,46.893,46.299,61.668,50.137,44.545,48.804,54.14,44.257,53.002,51.263,43.818,39.65,42.617,49.17
2026-03-06 05:00:00,ETC01,58.123,44.12,49.018,46.505,47.974,48.273,46.914,46.274,61.697,50.108,44.483,48.782,54.099,44.203,53.006,51.205,43.752,39.643,42.637,49.114
2026-03-06 05:30:00,ETC01,58.093,44.052,49.044,46.484,47.88,48.253,46.897,46.294,61.702,50.09,44.496,48.869,54.039,44.186,53.068,51.164,43.718,39.7,42.556,49.169
2026-03-06 06:00:00,ETC01,58.177,44.019,49.072,46.594,47.923,48.322,46.868,46.294,61.752,50.084,44.501,48.929,54.067,44.214,52.957,51.253,43.726,39.603,42.561,49.073
2026-03-06 06:30:00,ETC01,58.257,44.063,49.055,46.62,48.008,48.385,46.826,46.306,61.725,50.087,44.504,48.887,54.077,44.236,52.996,51.279,43.694,39.715,42.626,49.032
2026-03-06 07:00:00,ETC01,58.255,44.107,49.11,46.562,47.976,48.41,46.834,46.286,61.695,50.02,44.459,48.994,54.213,44.211,53.042,51.288,43.858,39.68,42.668,49.097
2026-03-06 07:30:00,ETC01,58.24,44.131,49.161,46.523,48.062,48.391,46.804,46.204,61.724,50.149,44.505,48.978,54.138,44.259,53.115,51.314,43.876,39.633,42.578,49.22
2026-03-06 08:00:00,ETC01,58.253,44.145,49.18,46.524,48.06,48.369,46.757,45.987,61.752,50.129,44.484,48.973,54.115,44.294,53.128,51.347,43.818,39.604,42.564,49.169
2026-03-06 08:30:00,ETC01,58.082,44.137,49.038,46.584,48.089,48.371,46.745,45.992,61.723,50.116,44.503,48.952,54.08,44.316,53.169,51.174,43.776,39.559,42.557,49.186
2026-03-06 09:00:00,ETC01,58.127,44.083,48.963,46.59,48.104,48.428,46.725,46.032,61.705,50.086,44.543,48.998,54.088,44.35,53.206,51.184,43.866,39.501,42.54,49.183
2026-03-06 09:30:00,ETC01,58.129,44.116,49.0,46.568,48.013,48.379,46.689,46.122,61.691,50.166,44.603,48.964,54.112,44.335,53.171,51.12,43.874,39.619,42.588,49.241
2026-03-06 10:00:00,ETC01,58.164,44.104,49.113,46.539,48.064,48.484,46.741,46.21,61.682,50.182,,48.973,54.082,44.299,53.195,51.239,43.91,39.632,42.637,49.161
2026-03-06 10:30:00,ETC01,58.229,44.12,49.119,46.551,48.086,48.512,46.853,46.233,61.685,50.235,44.811,49.091,54.047,44.256,53.261,51.238,43.965,39.651,42.514,49.174
2026-03-06 11:00:00,ETC01,58.218,44.204,49.216,46.442,48.119,48.466,46.95,46.176,61.689,50.273,44.837,48.967,54.086,44.252,53.324,51.247,43.904,39.594,42.608,49.172
2026-03-06 11:30:00,ETC01,58.221,44.213,49.276,46.48,48.069,48.512,46.971,46.186,61.681,50.308,44.687,48.975,54.06,44.152,53.438,51.185,43.895,39.592,42.523,49.194
2026-03-06 12:00:00,ETC01,58.145,44.15,49.302,46.483,48.134,48.449,47.02,46.246,61.787,50.227,44.629,49.005,54.106,44.168,53.475,51.221,43.797,39.455,42.485,49.153
2026-03-06 12:30:00,ETC01,58.069,44.185,49.353,46.455,48.105,48.505,46.943,46.216,61.643,50.191,44.704,48.898,54.129,44.199,53.364,51.124,43.88,39.526,42.455,49.207
2026-03-06 13:00:00,ETC01,58.135,44.193,49.366,46.486,48.103,48.504,47.036,46.26,61.626,50.311,44.624,48.996,54.077,44.171,53.338,51.178,43.868,39.578,42.488,49.142
2026-03-06 13:30:00,ETC01,58.118,44.247,49.371,46.461,48.012,48.429,47.022,46.315,61.619,50.317,44.654,49.046,53.98,44.154,53.333,51.045,43.844,39.517,42.504,49.139
2026-03-06 14:00:00,ETC01,58.088,44.253,49.245,46.508,48.076,48.338,47.022,46.231,61.693,50.332,44.761,49.117,54.053,44.148,53.327,51.044,43.851,39.53,42.499,49.156
2026-03-06 14:30:00,ETC01,58.123,44.36,49.128,46.575,48.144,48.192,47.096,46.274,61.658,50.389,44.772,49.194,54.084,44.122,53.367,51.074,43.886,39.423,42.526,49.139
2026-03-06 15:00:00,ETC01,58.134,44.404,49.192,46.604,48.025,48.151,47.179,46.255,61.726,50.335,44.767,49.193,,44.079,53.352,50.969,43.842,39.523,42.573,49.184
2026-03-06 15:30:00,ETC01,58.136,44.407,49.308,46.558,47.983,48.151,,46.312,61.643,50.249,44.741,49.219,53.969,44.065,53.348,51.018,43.873,39.65,42.531,49.209
2026-03-06 16:00:00,ETC01,58.093,44.31,49.322,46.604,47.956,48.185,47.057,46.253,61.591,50.285,44.801,49.243,53.96,44.109,53.444,51.042,43.839,39.586,42.516,49.11
2026-03-06 16:30:00,ETC01,58.048,44.337,49.361,46.602,47.96,48.207,47.041,46.278,61.624,50.258,44.783,49.2,54.022,44.043,53.264,50.979,43.848,39.566,42.586,49.101
2026-03-06 17:00:00,ETC01,57.891,44.269,49.298,46.65,48.003,48.187,47.149,46.371,61.595,50.283,44.738,49.145,54.073,44.077,53.278,50.937,43.927,39.583,42.558,49.106
2026-03-06 17:30:00,ETC01,57.892,44.381,49.278,46.662,47.973,48.17,47.203,46.285,61.59,50.259,44.706,49.156,54.103,44.073,53.21,50.98,43.923,39.524,42.619,49.168
2026-03-06 18:00:00,ETC01,57.868,44.402,49.245,46.579,48.026,48.151,47.156,46.333,61.673,50.356,44.645,49.105,53.935,44.153,53.264,51.053,43.953,39.563,42.609,49.182
2026-03-06 18:30:00,ETC01,57.902,44.396,49.176,46.494,47.965,48.18,47.118,46.318,61.674,50.365,44.698,49.093,53.894,44.114,53.227,51.026,43.958,39.506,42.6,49.079
2026-03-06 19:00:00,ETC01,57.991,44.531,49.143,46.493,47.987,48.203,47.114,46.292,61.704,50.35,44.682,49.078,53.882,44.075,53.24,51.185,43.938,39.512,42.569,49.148
2026-03-06 19:30:00,ETC01,58.017,44.552,49.122,46.426,48.013,48.16,47.084,46.33,61.724,50.404,44.668,49.045,53.86,44.07,53.237,51.225,43.951,39.527,42.531,49.144
2026-03-06 20:00:00,ETC01,58.069,44.475,49.09,46.373,48.007,48.108,47.1,46.303,61.764,50.501,44.696,49.096,53.831,44.115,53.326,51.258,43.82,39.559,42.537,49.161
2026-03-06 20:30:00,ETC01,58.075,44.524,49.051,46.39,48.014,48.122,47.084,46.265,61.723,50.49,44.669,49.162,53.769,44.04,53.266,51.24,43.745,39.53,42.471,49.202
2026-03-06 21:00:00,ETC01,58.182,44.476,49.089,46.44,48.102,48.173,47.072,46.313,61.71,50.598,44.715,49.17,53.731,44.061,53.275,51.222,43.681,39.69,42.579,49.234
2026-03-06 21:30:00,ETC01,58.184,44.43,49.106,46.449,48.195,48.27,47.08,46.388,61.899,50.573,44.631,49.039,53.801,43.877,53.278,51.283,43.626,39.67,42.491,49.122
2026-03-06 22:00:00,ETC01,,44.34,49.073,46.444,48.182,48.326,47.113,46.481,61.918,50.568,,49.04,53.825,43.821,53.32,51.318,43.647,39.593,42.509,49.044
2026-03-06 22:30:00,ETC01,58.234,44.379,48.989,46.404,48.188,48.331,47.127,46.481,61.868,50.618,44.629,49.027,53.915,43.823,53.359,51.363,43.559,39.616,42.377,49.111
2026-03-06 23:00:00,ETC01,58.281,44.321,49.048,46.371,48.181,48.351,47.193,46.511,61.787,50.663,44.744,49.033,53.935,43.836,53.362,51.329,43.576,39.472,42.326,49.139
2026-03-06 23:30:00,ETC01,58.26,44.427,49.069,46.348,48.18,48.399,47.267,46.618,61.74,50.614,44.702,49.068,54.024,43.792,53.404,51.266,43.583,39.507,42.273,49.076
2026-03-07 00:00:00,ETC01,58.305,44.439,49.229,46.34,48.177,48.499,47.308,46.523,61.784,50.549,44.724,49.059,54.024,43.758,53.426,51.261,43.576,39.46,42.146,49.122
2026-03-07 00:30:00,ETC01,58.276,44.485,49.165,46.35,48.119,48.597,47.329,46.531,61.804,50.585,44.814,49.137,54.021,43.781,53.383,51.186,43.53,39.39,42.119,49.089
2026-03-07 01:00:00,ETC01,58.277,44.468,49.25,46.306,48.166,48.531,47.389,46.614,61.813,50.684,44.873,49.098,54.057,43.726,53.425,51.231,43.46,39.35,42.152,49.069
2026-03-07 01:30:00,ETC01,58.255,44.452,49.24,46.273,48.265,48.467,47.398,46.613,61.77,50.737,44.887,49.185,54.018,43.678,53.459,51.278,43.464,39.24,42.261,49.079
2026-03-07 02:00:00,ETC01,58.353,44.382,49.308,46.369,48.335,48.465,47.445,46.599,61.683,50.739,44.9,49.157,54.032,43.698,53.401,51.241,43.46,39.276,42.212,49.003
2026-03-07 02:30:00,ETC01,58.339,44.386,49.218,46.407,48.353,48.43,47.419,46.66,61.586,50.707,44.835,49.218,54.143,43.805,53.39,51.365,43.403,39.237,42.289,48.964
2026-03-07 03:00:00,ETC01,58.412,44.403,49.26,46.415,48.38,48.407,47.456,46.755,61.521,50.662,44.872,49.263,54.142,43.78,53.3,51.322,43.396,39.216,42.295,48.935
2026-03-07 03:30:00,ETC01,58.499,44.542,49.259,46.304,48.446,48.409,47.547,46.672,61.479,50.693,44.9,49.25,54.263,43.815,53.288,51.257,43.386,39.121,42.329,48.926
2026-03-07 04:00:00,ETC01,58.407,,49.17,46.287,48.428,48.368,47.525,46.665,61.477,50.738,44.877,49.241,54.328,43.807,53.272,51.32,43.416,39.136,42.316,48.946
2026-03-07 04:30:00,ETC01,58.417,44.54,49.17,46.255,48.465,48.431,47.502,46.785,61.394,50.676,44.801,49.244,54.331,43.67,53.268,51.288,43.412,39.112,42.293,48.877
2026-03-07 05:00:00,ETC01,58.468,44.571,49.138,46.258,48.405,48.362,47.461,46.805,61.45,50.657,44.704,49.286,54.349,43.652,53.317,51.307,43.443,39.138,42.31,48.853
2026-03-07 05:30:00,ETC01,58.516,44.472,49.16,46.265,48.461,48.285,47.387,46.769,61.586,50.719,44.675,49.241,54.423,43.659,53.278,51.198,43.441,39.13,42.295,48.874
2026-03-07 06:00:00,ETC01,58.577,44.478,49.165,46.257,48.456,48.196,47.414,46.773,61.715,50.723,44.727,49.296,54.453,43.705,53.248,51.278,43.424,39.108,42.211,48.809
2026-03-07 06:30:00,ETC01,58.575,44.346,49.107,46.24,48.413,48.194,47.42,46.817,61.667,50.75,44.635,49.379,54.469,43.623,53.206,51.19,43.558,39.173,42.19,48.842
2026-03-07 07:00:00,ETC01,,44.37,49.174,46.304,48.431,48.116,47.45,46.811,61.648,50.773,44.611,49.362,54.429,43.581,53.165,51.182,43.529,39.139,42.151,48.71
2026-03-07 07:30:00,ETC01,58.551,44.432,49.265,46.288,48.48,48.119,47.426,46.749,61.56,50.741,44.629,49.45,54.429,43.486,53.136,51.074,43.497,39.058,42.064,48.708
2026-03-07 08:00:00,ETC01,58.588,44.476,49.294,46.25,48.64,48.194,47.473,46.777,61.468,,44.686,49.439,54.41,43.545,53.123,51.01,43.551,39.145,42.019,48.665
2026-03-07 08:30:00,ETC01,58.709,44.442,49.282,46.275,48.67,48.235,47.449,46.713,61.608,50.597,44.751,49.328,54.355,43.652,53.066,51.01,43.604,39.171,42.016,48.69
2026-03-07 09:00:00,ETC01,58.631,44.335,49.243,46.379,48.712,48.13,47.367,46.738,61.604,50.667,44.797,49.351,54.401,43.708,53.065,51.178,43.628,39.283,41.962,48.656
2026-03-07 09:30:00,ETC01,58.579,44.271,49.276,46.405,48.797,48.068,47.351,46.817,61.549,50.655,44.841,49.191,54.314,43.718,53.033,51.158,43.638,39.286,41.91,48.679
2026-03-07 10:00:00,ETC01,58.498,44.377,49.154,46.423,48.923,48.028,47.333,46.683,61.652,50.768,44.84,49.157,,43.751,53.018,51.154,43.638,39.309,41.886,48.746
2026-03-07 10:30:00,ETC01,58.478,44.289,49.113,46.429,49.038,48.046,47.402,46.696,61.721,50.809,44.815,49.169,54.34,43.807,53.032,51.07,43.713,39.35,41.926,48.813
2026-03-07 11:00:00,ETC01,58.484,44.288,49.177,46.315,49.069,48.079,47.422,46.823,61.686,50.768,44.771,49.133,54.36,43.754,53.051,51.103,43.715,39.335,41.895,48.776
2026-03-07 11:30:00,ETC01,58.501,44.265,49.147,46.359,,48.104,47.432,46.798,61.648,50.662,44.759,49.028,54.449,43.771,52.975,51.117,43.72,39.294,41.976,48.793
2026-03-07 12:00:00,ETC01,58.474,44.26,49.129,46.39,48.888,48.209,47.477,46.757,61.744,50.702,44.808,49.113,54.459,43.801,52.928,51.208,43.726,39.243,42.032,48.734
2026-03-07 12:30:00,ETC01,58.485,44.241,49.16,46.415,48.818,48.171,47.461,46.78,61.764,50.499,44.765,49.173,54.492,43.79,52.883,51.246,43.681,39.213,42.096,48.735
2026-03-07 13:00:00,ETC01,58.401,44.268,49.189,46.331,48.889,48.106,47.491,46.916,61.789,50.51,44.75,49.17,54.511,43.829,52.779,51.275,43.889,39.096,42.141,48.634
2026-03-07 13:30:00,ETC01,58.41,44.229,49.179,46.344,48.866,48.163,47.514,47.042,61.697,50.52,44.634,49.131,54.47,43.778,52.744,51.239,43.87,39.115,42.126,48.739
2026-03-07 14:00:00,ETC01,58.421,44.325,49.159,46.369,48.828,48.183,47.509,46.989,61.675,50.506,44.593,49.075,54.447,43.654,52.749,51.249,43.927,39.205,42.203,48.696
2026-03-07 14:30:00,ETC01,58.431,44.287,49.122,46.348,48.903,47.939,47.35,47.036,61.708,50.518,44.586,49.102,54.536,43.519,52.727,51.279,43.999,39.187,42.14,48.744
2026-03-07 15:00:00,ETC01,58.553,44.383,49.096,46.308,48.819,47.984,47.384,46.931,61.714,50.382,44.569,49.16,54.414,43.605,52.751,51.272,44.06,39.203,42.143,48.842
2026-03-07 15:30:00,ETC01,58.49,44.272,49.138,46.322,48.747,48.038,47.46,46.948,61.715,50.434,44.573,49.173,54.479,43.574,52.769,51.171,44.072,39.143,42.24,48.847
2026-03-07 16:00:00,ETC01,58.485,44.23,49.07,46.313,48.674,48.079,47.488,46.902,61.768,50.482,44.681,49.117,54.51,43.622,52.855,51.161,44.077,39.199,42.194,48.87
2026-03-07 16:30:00,ETC01,58.478,44.21,49.019,46.378,48.733,48.017,47.502,46.987,61.663,50.541,44.832,48.998,54.595,43.644,52.742,51.151,44.133,39.138,42.266,48.732
2026-03-07 17:00:00,ETC01,58.435,44.284,49.112,46.411,48.809,48.006,47.496,46.882,61.591,50.544,44.835,48.89,54.656,43.616,52.728,51.142,44.19,39.149,42.324,48.773
2026-03-07 17:30:00,ETC01,58.45,44.298,49.001,46.406,48.809,48.04,47.475,46.827,61.661,50.56,44.904,48.893,54.67,43.572,52.674,51.141,44.188,39.171,42.282,48.671
2026-03-07 18:00:00,ETC01,58.416,44.463,49.041,46.418,48.834,48.131,47.549,46.804,61.827,50.521,44.939,48.824,54.663,43.679,52.644,51.143,44.184,39.205,42.341,48.659
2026-03-07 18:30:00,ETC01,58.382,44.587,49.117,46.423,48.851,48.196,47.622,46.761,61.729,50.454,44.999,48.809,54.674,43.767,52.68,51.112,44.155,39.12,42.458,48.767
2026-03-07 19:00:00,ETC01,58.444,44.666,49.072,46.337,48.824,48.25,47.613,46.747,61.749,50.466,44.953,48.798,54.607,43.78,52.696,51.221,44.136,39.105,42.478,48.705
2026-03-07 19:30:00,ETC01,58.559,44.611,48.981,46.278,48.799,48.201,47.716,46.727,61.777,50.461,44.996,48.7,54.496,43.815,52.692,51.241,44.135,38.929,42.473,48.765
2026-03-07 20:00:00,ETC01,58.465,44.606,48.946,46.36,48.886,48.215,47.661,46.707,61.68,50.505,45.029,48.816,54.535,43.818,52.75,51.321,44.158,38.957,42.58,48.714
2026-03-07 20:30:00,ETC01,58.494,44.584,48.919,46.289,48.918,48.188,47.613,46.698,61.786,50.514,45.056,48.717,54.565,43.782,52.783,51.287,44.192,38.977,42.569,48.675
2026-03-07 21:00:00,ETC01,58.519,44.615,48.929,46.347,48.888,48.206,47.718,46.702,61.706,50.539,45.131,48.618,54.599,43.698,52.826,51.259,44.203,39.042,42.585,48.681
2026-03-07 21:30:00,ETC01,58.523,44.702,48.94,46.423,48.887,48.17,47.712,46.681,61.787,50.508,45.199,48.661,54.814,43.664,52.79,51.239,44.292,38.923,42.663,48.712
2026-03-07 22:00:00,ETC01,58.451,44.726,49.008,46.466,48.822,48.253,47.803,46.627,61.864,50.534,45.221,48.654,54.879,43.666,52.664,51.24,44.255,38.867,42.701,48.767
2026-03-07 22:30:00,ETC01,58.42,44.754,48.999,46.534,48.75,48.199,47.703,46.707,61.833,50.493,45.231,48.765,54.88,43.616,52.704,51.352,44.262,38.904,42.764,48.841
2026-03-07 23:00:00,ETC01,58.408,44.765,49.05,46.496,48.763,48.137,47.692,46.776,61.791,50.447,45.293,48.711,54.919,43.535,52.737,51.38,44.258,39.025,42.717,48.751
2026-03-07 23:30:00,ETC01,58.413,44.822,49.057,46.506,48.875,48.161,47.653,46.659,61.787,50.492,45.212,48.741,54.936,43.483,52.761,51.382,44.255,39.068,42.711,48.714
2026-03-08 00:00:00,ETC01,58.44,44.866,,46.522,48.868,48.117,47.615,46.679,61.83,50.506,45.213,48.732,54.864,43.446,52.75,51.341,44.224,39.111,42.72,48.691
2026-03-08 00:30:00,ETC01,58.469,44.856,49.08,46.461,48.834,48.142,47.695,46.695,61.83,50.562,45.32,48.695,54.824,43.398,52.684,51.372,44.203,39.075,42.743,48.718
2026-03-08 01:00:00,ETC01,58.394,44.761,49.211,46.458,48.854,48.197,,46.708,61.913,50.562,45.395,48.72,54.812,43.443,52.602,51.425,44.114,39.091,42.673,48.66
2026-03-08 01:30:00,ETC01,58.411,44.849,49.265,46.43,48.913,48.145,47.737,46.727,61.985,50.493,45.408,48.789,54.757,43.374,52.595,51.374,44.118,39.024,42.66,48.584
2026-03-08 02:00:00,ETC01,58.403,44.87,49.29,46.39,48.943,48.197,47.837,46.772,61.942,50.529,45.382,48.893,54.87,43.389,52.532,51.33,44.097,38.937,42.616,48.64
2026-03-08 02:30:00,ETC01,58.296,44.909,49.405,46.346,49.003,48.148,47.854,46.802,61.89,50.61,45.358,48.921,54.827,43.37,52.44,51.323,44.155,39.043,42.601,48.555
2026-03-08 03:00:00,ETC01,58.315,44.903,49.478,46.411,49.084,48.036,47.915,46.768,61.943,50.537,45.406,48.935,54.844,43.253,52.349,51.213,44.203,39.052,42.668,48.493
2026-03-08 03:30:00,ETC01,58.405,44.813,49.511,46.415,49.049,48.093,47.776,46.797,61.886,50.557,45.51,48.955,54.794,43.327,52.335,51.184,44.292,38.948,42.692,48.489
2026-03-08 04:00:00,ETC01,58.428,44.928,49.521,46.323,49.057,48.024,47.678,46.742,61.848,50.564,45.39,48.981,54.781,43.242,52.325,51.135,44.339,38.953,42.782,48.614
2026-03-08 04:30:00,ETC01,58.424,44.89,49.475,46.403,49.015,47.969,47.656,46.782,61.934,50.564,45.35,48.906,54.853,43.319,52.38,51.101,44.338,38.884,42.785,48.642
2026-03-08 05:00:00,ETC01,58.434,44.901,49.459,46.519,49.01,47.997,47.649,46.739,61.875,50.616,45.322,49.008,54.841,43.285,52.416,51.088,44.282,,42.781,
2026-03-08 05:30:00,ETC01,58.393,44.881,49.419,46.572,49.042,47.926,47.63,46.727,61.915,50.616,45.357,49.026,54.905,43.222,52.476,51.043,44.261,38.875,42.665,48.682
2026-03-08 06:00:00,ETC01,58.403,44.823,49.417,46.579,49.041,47.863,47.656,46.817,61.926,50.657,45.337,48.958,54.988,43.251,52.585,51.072,44.336,38.817,42.661,48.634
2026-03-08 06:30:00,ETC01,58.411,44.883,49.337,46.514,49.075,47.941,47.725,46.883,61.966,50.674,45.35,48.943,54.947,43.285,52.571,51.119,44.42,38.75,42.58,48.642
2026-03-08 07:00:00,ETC01,58.447,44.983,49.335,46.516,49.046,47.944,47.743,46.845,62.012,50.764,45.434,48.898,54.856,43.367,52.561,51.164,44.429,38.75,42.555,48.662
2026-03-08 07:30:00,ETC01,58.5,44.915,49.41,46.507,49.001,47.961,47.697,46.735,62.105,50.792,45.419,49.021,54.772,43.347,52.569,51.235,44.481,38.721,42.571,48.645
2026-03-08 08:00:00,ETC01,58.495,44.793,49.331,46.553,49.073,47.912,47.736,46.732,62.083,,45.397,49.035,54.799,43.376,52.531,51.294,44.457,38.647,42.532,48.629
2026-03-08 08:30:00,ETC01,58.508,44.836,49.395,46.562,49.088,48.02,47.71,46.775,62.067,50.825,45.463,49.138,54.811,43.417,52.487,51.375,44.485,38.691,42.48,48.711
2026-03-08 09:00:00,ETC01,58.528,44.808,49.363,46.605,49.15,48.073,47.701,46.797,62.071,50.81,,49.18,54.889,43.467,52.627,51.338,44.532,38.675,42.578,48.655
2026-03-08 09:30:00,ETC01,58.504,44.75,49.393,46.588,49.149,48.008,47.722,46.841,62.014,50.755,45.452,49.06,54.867,43.488,52.7,51.299,44.751,38.699,42.606,48.631
2026-03-08 10:00:00,ETC01,58.498,44.774,49.306,46.495,49.185,47.861,47.666,46.882,62.028,50.789,45.513,49.037,54.915,43.548,52.704,51.382,44.798,38.729,42.625,48.638
2026-03-08 10:30:00,ETC01,58.663,44.769,49.203,46.401,49.249,47.952,47.656,46.93,62.125,50.827,45.587,48.906,54.774,43.506,52.645,51.428,44.839,38.752,42.591,48.703
2026-03-08 11:00:00,ETC01,58.663,44.749,49.258,46.471,49.229,48.079,47.755,47.032,62.098,50.88,45.583,48.884,54.841,43.536,52.576,51.324,44.877,38.811,42.632,48.693
2026-03-08 11:30:00,ETC01,58.743,44.806,49.266,46.488,49.252,48.005,47.777,47.128,61.998,50.833,45.723,48.882,54.829,43.539,52.529,51.438,44.766,38.796,42.69,48.716
2026-03-08 12:00:00,ETC01,58.654,44.753,49.294,46.482,49.281,48.116,47.914,47.108,62.021,50.766,45.67,48.908,54.858,43.542,52.523,51.408,44.75,38.919,42.679,48.677
2026-03-08 12:30:00,ETC01,58.682,44.735,49.29,46.451,49.149,48.187,47.857,47.003,62.03,50.878,45.623,48.812,54.907,43.503,52.505,51.387,44.731,38.855,42.688,48.668
2026-03-08 13:00:00,ETC01,58.688,44.751,49.275,46.493,49.225,48.123,47.767,47.011,61.97,50.828,45.649,48.86,54.954,43.502,52.529,51.384,44.652,38.87,42.694,48.602
2026-03-08 13:30:00,ETC01,58.697,44.796,49.273,46.525,49.229,48.075,47.813,46.976,61.98,50.789,45.679,48.981,55.023,43.571,52.599,51.317,44.689,38.824,42.764,48.51
2026-03-08 14:00:00,ETC01,58.638,44.787,49.307,46.54,49.196,48.132,47.922,46.999,61.973,50.826,45.609,49.083,55.043,43.517,52.489,51.385,44.683,38.768,42.8,48.585
2026-03-08 14:30:00,ETC01,58.765,44.681,49.322,46.59,49.178,48.236,47.892,46.899,61.946,50.887,45.607,,55.002,43.468,52.598,51.336,44.763,38.756,42.821,48.67
2026-03-08 15:00:00,ETC01,58.73,44.756,49.307,46.57,49.272,48.265,47.926,46.807,61.991,50.956,45.601,49.076,54.932,43.387,52.498,51.367,44.798,38.762,42.836,48.745
2026-03-08 15:30:00,ETC01,58.747,44.822,49.338,46.567,49.28,48.275,47.913,46.749,62.035,50.925,45.527,49.074,54.979,43.511,52.421,51.345,44.796,38.703,42.794,48.848
2026-03-08 16:00:00,ETC01,58.797,44.822,49.338,46.579,49.269,48.328,47.878,46.831,61.934,50.965,45.528,49.125,55.051,43.651,52.374,,44.761,38.768,42.759,48.84
2026-03-08 16:30:00,ETC01,58.8,44.849,49.318,46.702,49.205,48.28,47.854,46.852,62.095,50.958,45.488,49.198,54.9,43.613,52.348,51.311,44.685,38.676,42.735,48.821
2026-03-08 17:00:00,ETC01,58.766,44.82,49.347,46.696,49.327,48.24,47.877,46.948,62.065,50.971,45.482,,54.911,43.642,52.287,51.366,44.677,38.599,42.76,48.821
2026-03-08 17:30:00,ETC01,58.752,44.832,49.222,46.67,49.326,48.19,47.83,46.976,62.14,50.926,45.497,49.216,54.805,43.699,52.204,51.306,44.592,38.644,42.751,48.677
2026-03-08 18:00:00,ETC01,58.725,44.856,49.232,46.63,49.31,48.188,47.851,46.901,62.227,50.886,45.431,49.202,54.754,43.65,52.154,51.329,44.529,38.628,42.721,48.822
2026-03-08 18:30:00,ETC01,58.624,44.747,,46.714,49.257,48.202,47.88,46.932,62.21,50.865,45.483,49.16,54.701,43.659,52.23,51.387,44.518,38.615,42.683,48.836
2026-03-08 19:00:00,ETC01,58.686,44.789,49.294,46.658,49.168,48.163,48.021,46.872,62.215,50.907,45.389,49.222,54.698,43.693,52.284,51.459,44.512,38.596,42.736,48.791
2026-03-08 19:30:00,ETC01,58.717,44.739,49.384,46.719,49.152,48.085,48.004,46.803,62.348,50.888,45.483,49.204,54.624,43.675,52.328,51.569,44.633,38.663,42.754,48.712
2026-03-08 20:00:00,ETC01,58.702,44.716,49.402,46.69,49.097,48.044,48.026,46.817,62.355,50.807,45.412,49.217,54.606,43.69,52.271,51.52,44.721,38.659,42.806,48.695
2026-03-08 20:30:00,ETC01,58.702,44.694,49.416,46.698,49.181,48.019,47.941,46.781,62.359,50.959,,49.1,54.604,43.674,52.254,51.458,44.714,38.626,42.936,48.736
2026-03-08 21:00:00,ETC01,58.727,44.73,49.427,46.64,49.285,47.901,47.919,46.791,62.388,50.903,45.431,49.12,54.638,43.659,52.326,51.464,44.657,38.761,42.908,48.75
2026-03-08 21:30:00,ETC01,58.789,44.781,49.442,46.634,49.264,47.916,48.002,46.818,62.357,50.973,45.422,49.063,54.624,43.683,52.429,51.422,44.632,38.732,43.018,48.743
2026-03-08 22:00:00,ETC01,58.772,44.707,49.434,46.675,49.331,47.847,48.075,46.807,62.324,51.05,45.413,49.064,54.555,43.638,52.56,51.356,44.707,38.68,43.048,48.875
2026-03-08 22:30:00,ETC01,58.839,44.757,49.417,46.755,49.356,47.81,48.021,46.873,62.338,51.053,45.451,49.095,54.63,43.586,52.492,51.397,44.728,38.712,43.119,48.872
2026-03-08 23:00:00,ETC01,58.805,44.63,49.416,46.62,49.386,47.824,48.113,46.787,62.368,51.044,,49.133,54.7,43.573,52.369,51.464,44.705,38.616,43.189,48.839
2026-03-08 23:30:00,ETC01,58.848,44.721,49.448,46.606,49.43,47.743,48.055,46.891,62.294,51.14,45.424,49.208,54.712,43.621,52.411,51.482,,38.59,43.16,48.801
2026-03-09 00:00:00,ETC01,58.733,44.77,49.455,46.606,49.418,47.679,48.012,46.936,62.255,51.19,45.367,49.28,54.764,43.531,52.323,51.483,44.486,38.594,43.063,48.81
2026-03-09 00:30:00,ETC01,58.685,44.644,49.46,46.664,49.434,47.607,47.963,46.955,62.202,51.232,45.387,49.261,54.785,43.504,52.296,51.518,44.543,38.657,43.126,48.8
2026-03-09 01:00:00,ETC01,58.647,44.688,49.541,46.719,49.294,47.645,47.888,47.068,62.219,51.144,45.4,49.364,54.698,43.422,52.382,51.618,44.555,38.761,43.186,48.783
2026-03-09 01:30:00,ETC01,58.83,44.626,49.667,46.79,49.248,47.71,47.821,46.988,62.242,51.169,45.482,49.337,54.687,43.477,52.317,51.624,44.612,38.768,43.139,48.644
2026-03-09 02:00:00,ETC01,58.75,44.597,49.606,46.864,49.2,47.748,47.805,47.032,62.188,51.188,45.467,49.347,54.691,43.433,52.412,51.662,44.602,38.771,43.109,48.624
2026-03-09 02:30:00,ETC01,58.754,44.586,49.708,46.965,49.237,47.723,47.894,46.948,62.251,51.132,45.408,49.316,54.763,43.498,52.447,51.785,44.632,38.828,43.067,48.65
2026-03-09 03:00:00,ETC01,58.879,44.522,49.699,47.008,49.217,47.654,47.896,47.02,62.307,51.093,45.398,49.402,54.827,43.498,52.445,51.806,44.657,38.933,43.166,48.7
2026-03-09 03:30:00,ETC01,58.946,44.39,49.645,46.955,49.261,47.772,47.884,46.938,62.259,51.114,45.343,49.472,54.691,43.535,52.425,51.794,44.655,38.91,43.169,48.672
2026-03-09 04:00:00,ETC01,58.981,44.447,49.672,47.005,49.303,47.852,47.935,46.96,62.23,51.026,45.369,49.567,54.666,43.557,52.354,51.794,,38.928,43.049,48.592
2026-03-09 04:30:00,ETC01,58.952,44.438,49.709,46.981,49.4,47.813,47.936,46.985,62.176,51.076,45.312,49.549,54.664,43.492,52.308,51.824,44.708,38.869,42.988,48.531
2026-03-09 05:00:00,ETC01,58.979,44.419,49.628,47.024,49.274,47.756,47.911,47.022,62.186,51.061,45.372,49.597,54.556,43.392,52.346,51.785,44.815,38.826,42.919,48.542
2026-03-09 05:30:00,ETC01,58.957,44.396,49.66,47.075,49.174,47.728,47.776,47.038,62.184,51.142,45.217,49.512,54.547,43.295,52.357,51.84,44.786,38.844,42.917,48.547
2026-03-02 06:00:00,ETC02,54.68,42.722,50.747,48.655,58.596,55.343,51.441,49.325,44.542,53.975,45.105,51.105,50.697,56.202,56.403,49.952,52.614,50.788,51.532,58.762
2026-03-02 06:30:00,ETC02,54.666,42.706,50.796,48.594,,55.377,51.37,49.292,44.452,53.99,45.086,50.952,50.679,56.2,56.381,49.864,52.622,50.747,51.544,58.882
2026-03-02 07:00:00,ETC02,54.657,,50.656,48.605,58.547,55.466,51.255,49.293,44.608,53.937,44.98,50.942,50.657,56.259,56.445,49.853,52.661,50.84,,58.817
2026-03-02 07:30:00,ETC02,54.671,42.829,50.679,48.647,58.571,55.415,51.168,49.229,44.587,53.946,45.028,50.994,50.654,56.318,56.417,49.876,52.682,50.858,51.661,58.688
2026-03-02 08:00:00,ETC02,54.663,42.794,50.628,48.696,58.523,55.385,51.144,49.289,44.584,53.855,45.054,50.977,50.659,56.339,56.345,49.755,52.647,50.85,51.618,58.652
2026-03-02 08:30:00,ETC02,54.673,42.85,50.604,48.727,58.555,55.418,51.153,49.303,44.52,53.859,44.929,51.026,50.729,56.326,56.427,49.682,52.597,50.84,51.627,58.659
2026-03-02 09:00:00,ETC02,54.712,42.916,50.553,48.696,58.503,55.291,51.078,49.413,44.538,53.748,44.958,50.905,50.737,56.466,56.415,49.642,52.649,50.806,51.724,58.623
2026-03-02 09:30:00,ETC02,54.681,42.911,50.567,48.646,58.608,55.361,51.046,49.406,44.449,53.854,45.054,50.811,50.795,56.46,56.385,49.663,52.697,50.839,51.828,58.657
2026-03-02 10:00:00,ETC02,54.714,42.89,50.554,48.711,58.621,55.382,51.153,49.369,44.52,53.783,45.102,50.8,50.777,56.478,56.309,49.644,52.643,50.893,51.828,58.625
2026-03-02 10:30:00,ETC02,54.769,42.957,50.575,48.816,58.641,55.419,51.139,49.36,44.516,53.773,45.113,50.721,50.799,56.413,56.452,49.698,52.663,50.89,51.746,58.74
2026-03-02 11:00:00,ETC02,54.874,42.917,50.505,48.861,58.737,55.394,51.267,49.313,44.388,53.797,45.099,50.711,50.751,56.344,56.406,49.762,52.689,50.888,51.782,58.675
2026-03-02 11:30:00,ETC02,54.943,42.884,50.429,48.885,58.637,55.397,51.185,49.292,44.412,53.789,45.164,50.621,50.708,56.33,56.485,49.623,52.691,50.824,51.788,58.629
2026-03-02 12:00:00,ETC02,54.882,42.94,50.412,48.932,58.637,55.447,51.154,49.266,44.441,53.875,45.139,50.712,50.733,56.321,56.509,49.58,52.525,50.846,51.765,58.781
2026-03-02 12:30:00,ETC02,54.988,42.993,50.338,49.021,58.69,55.553,51.232,49.174,44.381,53.801,45.037,50.602,50.726,56.341,56.452,49.5,52.586,50.822,51.866,58.811
2026-03-02 13:00:00,ETC02,54.975,43.018,50.313,49.079,58.703,55.524,51.158,49.151,44.369,53.803,45.116,50.613,50.703,56.368,56.433,49.534,52.578,50.823,52.037,58.935
2026-03-02 13:30:00,ETC02,55.009,43.046,50.294,49.08,58.691,55.545,51.214,49.175,44.249,53.76,45.212,50.616,50.728,56.414,56.448,49.58,52.565,50.883,52.098,58.897
2026-03-02 14:00:00,ETC02,55.078,43.057,50.373,49.224,58.731,55.625,51.223,49.232,44.325,53.568,45.295,50.636,50.676,,56.428,49.559,52.523,50.941,52.091,
2026-03-02 14:30:00,ETC02,55.104,43.071,50.37,49.198,58.717,55.58,51.232,49.174,44.344,53.479,45.237,50.708,50.682,56.296,56.515,49.594,52.686,50.946,52.011,58.916
2026-03-02 15:00:00,ETC02,55.156,42.953,50.291,49.219,58.569,55.553,51.188,49.264,44.301,53.468,45.238,50.793,50.719,56.347,56.523,49.624,52.659,51.0,51.991,58.869
2026-03-02 15:30:00,ETC02,55.211,43.004,50.348,49.204,58.585,55.586,51.171,49.348,44.364,53.526,45.258,50.859,50.672,56.323,56.525,,52.705,50.947,52.018,58.88
2026-03-02 16:00:00,ETC02,55.269,42.984,50.348,49.275,58.496,55.476,51.162,49.416,44.301,53.507,45.221,50.846,50.678,56.261,56.527,49.739,52.647,50.888,52.121,58.772
2026-03-02 16:30:00,ETC02,55.277,42.936,50.247,49.254,58.497,55.491,51.032,49.518,44.31,53.529,45.262,50.776,50.577,56.333,56.491,49.749,52.628,51.018,52.145,58.643
2026-03-02 17:00:00,ETC02,,42.819,50.233,49.233,58.573,55.524,51.072,49.451,44.336,53.678,45.242,50.772,50.553,56.37,56.405,49.747,52.636,51.003,52.164,58.573
2026-03-02 17:30:00,ETC02,55.238,42.836,50.178,49.267,58.592,55.522,51.112,49.466,44.304,53.64,45.265,50.637,50.519,56.424,56.423,49.701,52.731,51.061,52.124,58.539
2026-03-02 18:00:00,ETC02,55.289,42.796,50.21,49.281,58.459,55.558,51.061,49.526,44.348,53.574,45.259,50.627,50.496,56.448,56.528,49.782,52.742,50.954,52.097,58.56
2026-03-02 18:30:00,ETC02,55.428,42.848,50.124,49.231,58.485,55.606,51.046,49.491,44.288,53.611,45.325,50.6,50.483,56.509,56.555,49.757,52.809,50.905,52.069,58.57
2026-03-02 19:00:00,ETC02,55.426,42.801,50.158,49.24,58.559,55.615,50.943,49.469,44.277,53.54,45.346,50.595,50.556,56.488,56.534,49.743,52.76,50.865,52.163,58.603
2026-03-02 19:30:00,ETC02,55.476,42.862,50.252,49.226,58.542,55.646,50.94,49.502,44.443,53.539,45.283,50.621,50.604,56.414,56.568,49.724,52.831,50.885,52.041,58.677
2026-03-02 20:00:00,ETC02,55.362,42.851,50.35,49.15,58.502,55.624,50.933,49.528,44.426,53.516,45.356,50.649,50.526,56.427,56.599,49.766,52.836,50.956,52.025,58.712
2026-03-02 20:30:00,ETC02,55.292,42.911,50.389,49.119,58.474,55.658,50.88,49.444,44.413,53.569,45.311,50.647,50.538,56.458,56.594,49.642,52.669,50.955,52.076,58.719
2026-03-02 21:00:00,ETC02,55.305,42.935,50.333,,58.463,55.628,50.839,49.396,44.478,53.56,45.25,50.573,50.578,56.48,56.631,49.61,52.683,50.894,52.14,58.634
2026-03-02 21:30:00,ETC02,55.277,42.949,50.21,49.232,58.421,55.641,50.736,49.466,44.496,53.445,45.299,50.604,50.601,56.492,56.687,49.622,52.597,50.878,52.211,58.725
2026-03-02 22:00:00,ETC02,55.208,42.95,50.061,49.285,58.428,55.649,50.696,49.435,44.487,53.47,45.337,50.548,50.583,56.501,56.628,49.674,52.701,50.829,52.152,58.715
2026-03-02 22:30:00,ETC02,55.181,42.907,50.059,49.289,58.378,55.683,50.735,49.491,44.409,53.573,45.417,50.587,50.541,56.49,56.66,49.701,52.632,50.899,52.091,58.694
2026-03-02 23:00:00,ETC02,55.187,42.977,49.971,49.347,58.299,55.626,50.753,49.507,44.404,53.57,45.363,50.615,50.568,56.483,56.673,49.652,52.57,50.833,52.036,58.688
2026-03-02 23:30:00,ETC02,55.09,42.947,49.921,49.416,58.235,55.554,50.724,49.451,44.376,53.58,,50.531,50.505,56.555,56.637,49.722,52.572,50.772,52.058,58.736
2026-03-03 00:00:00,ETC02,55.059,42.956,49.986,49.553,58.204,55.463,50.678,49.514,44.417,53.65,45.425,50.457,50.603,56.556,56.625,49.775,52.549,50.787,52.125,58.67
2026-03-03 00:30:00,ETC02,54.98,42.854,50.061,49.654,58.228,55.386,50.723,49.645,44.437,53.677,45.383,50.557,50.7,56.585,56.645,49.81,52.558,50.849,52.216,58.772
2026-03-03 01:00:00,ETC02,54.991,42.871,49.99,49.725,58.279,55.344,50.669,49.771,44.474,53.662,45.284,50.707,50.723,56.585,56.612,49.805,52.549,50.872,52.269,58.695
2026-03-03 01:30:00,ETC02,55.006,42.848,50.103,49.633,58.339,55.352,50.7,49.734,44.506,53.553,45.343,50.654,50.551,56.536,56.597,49.839,,50.861,52.369,58.653
2026-03-03 02:00:00,ETC02,55.107,42.718,50.059,49.55,58.306,55.449,50.665,49.649,44.408,53.446,45.341,50.709,50.484,56.561,56.525,49.839,52.613,50.959,52.337,58.697
2026-03-03 02:30:00,ETC02,55.105,42.743,50.101,49.54,58.2,55.351,50.775,49.615,44.334,53.384,45.465,50.647,50.399,56.699,56.599,49.906,52.606,50.922,52.307,58.68
2026-03-03 03:00:00,ETC02,55.045,42.74,50.131,49.525,58.24,55.309,50.762,49.67,44.253,53.328,45.375,50.695,50.397,56.825,56.652,49.931,52.538,50.971,52.378,58.673
2026-03-03 03:30:00,ETC02,55.078,42.782,50.096,49.512,58.238,55.375,50.766,49.734,44.277,53.325,45.431,50.628,50.429,56.838,56.779,49.991,52.555,50.924,52.45,58.575
2026-03-03 04:00:00,ETC02,55.011,42.795,50.016,49.597,58.192,55.398,50.757,49.936,44.3,53.354,45.419,50.674,50.436,56.806,56.742,49.923,52.6,50.904,52.403,58.595
2026-03-03 04:30:00,ETC02,55.052,42.748,50.029,49.635,58.173,55.389,50.647,49.92,44.157,53.393,45.511,50.777,50.381,56.833,56.85,49.839,52.606,50.975,52.405,58.605
2026-03-03 05:00:00,ETC02,55.06,42.708,50.008,49.704,58.205,55.411,50.669,49.854,44.079,53.445,45.449,50.725,50.397,56.87,56.907,49.927,52.565,50.965,52.315,58.613
2026-03-03 05:30:00,ETC02,54.98,42.734,50.029,49.707,58.154,55.444,50.667,49.825,44.091,53.428,45.493,50.688,50.411,56.906,56.872,49.982,52.569,51.103,52.276,58.612
2026-03-03 06:00:00,ETC02,54.964,42.655,50.045,49.704,58.122,55.45,50.755,49.823,43.972,53.419,45.538,50.766,50.52,56.965,56.83,49.979,52.445,51.132,52.225,58.605
2026-03-03 06:30:00,ETC02,54.99,42.651,50.096,49.612,58.119,55.417,50.778,49.819,43.998,53.407,45.668,50.673,50.502,56.858,56.901,49.95,52.474,51.09,52.203,58.658
2026-03-03 07:00:00,ETC02,54.993,42.791,50.076,49.741,58.152,55.482,50.767,49.927,43.933,53.435,45.603,50.6,50.411,56.894,56.765,49.952,52.539,51.04,52.207,58.679
2026-03-03 07:30:00,ETC02,54.902,42.716,50.072,49.667,58.14,55.462,50.79,49.875,43.939,53.602,45.598,50.56,50.466,56.928,56.838,49.838,52.644,51.044,52.164,58.756
2026-03-03 08:00:00,ETC02,54.802,42.606,50.02,49.802,58.089,55.466,50.781,49.823,43.855,53.638,45.579,50.53,50.512,56.891,56.816,49.846,52.707,50.983,52.079,58.659
2026-03-03 08:30:00,ETC02,54.782,42.51,49.947,49.706,58.074,55.427,50.721,49.81,43.784,53.514,45.562,50.524,50.609,56.95,56.761,49.842,52.642,50.929,52.064,58.513
2026-03-03 09:00:00,ETC02,54.747,42.477,49.997,49.807,58.165,55.453,50.721,49.838,43.874,53.557,45.638,50.522,50.677,56.91,56.709,49.886,52.63,50.985,52.0,58.47
2026-03-03 09:30:00,ETC02,54.685,42.372,50.087,49.807,58.111,55.585,50.762,49.825,43.841,53.551,45.644,50.496,50.592,56.951,56.743,49.847,52.646,51.016,52.065,58.402
2026-03-03 10:00:00,ETC02,54.651,42.331,50.135,49.745,58.151,55.604,50.647,49.823,43.875,53.582,45.535,50.482,50.734,56.87,56.669,49.842,52.675,51.022,52.075,58.486
2026-03-03 10:30:00,ETC02,54.735,42.355,50.032,49.763,58.158,55.584,50.513,49.912,43.847,53.616,45.537,50.445,50.647,56.843,56.643,49.725,52.637,50.938,51.974,58.554
2026-03-03 11:00:00,ETC02,54.671,42.377,49.998,49.84,58.16,55.616,50.59,49.972,43.818,53.603,45.506,50.352,50.505,56.856,56.623,49.763,52.627,51.126,51.972,58.529
2026-03-03 11:30:00,ETC02,54.639,42.352,49.956,49.876,58.188,55.637,50.593,49.989,43.799,53.571,45.369,50.264,50.509,56.825,56.629,49.749,52.629,51.11,51.915,58.626
2026-03-03 12:00:00,ETC02,54.566,42.298,49.888,49.839,58.199,55.612,50.505,49.942,43.844,53.487,45.352,50.154,50.571,56.864,56.721,49.781,52.615,51.052,51.974,58.616
2026-03-03 12:30:00,ETC02,54.485,42.364,49.951,49.883,58.26,55.615,50.469,49.989,43.891,53.488,45.403,50.107,50.542,56.8,56.722,49.844,52.663,51.079,51.898,58.628
2026-03-03 13:00:00,ETC02,54.595,42.281,49.907,49.886,58.324,55.629,50.45,49.971,43.853,53.475,45.476,50.074,,56.732,56.71,49.743,52.773,51.151,51.944,58.574
2026-03-03 13:30:00,ETC02,54.657,42.284,49.995,49.881,58.361,55.652,50.37,49.979,43.807,53.524,45.548,50.18,50.51,56.705,56.743,49.828,52.799,51.191,52.039,58.541
2026-03-03 14:00:00,ETC02,54.647,42.263,50.02,49.995,58.329,55.753,50.323,49.882,43.746,53.652,45.67,50.085,50.569,56.685,56.704,49.749,52.727,51.172,52.016,58.51
2026-03-03 14:30:00,ETC02,54.594,42.252,49.953,49.859,58.35,55.779,50.405,49.83,43.78,53.702,45.659,50.055,50.605,56.767,56.623,49.713,52.752,51.217,52.018,58.547
2026-03-03 15:00:00,ETC02,54.602,42.313,50.052,49.851,58.29,55.787,50.539,49.801,43.798,53.603,45.643,50.075,,56.771,56.725,49.724,52.709,,52.054,58.556
2026-03-03 15:30:00,ETC02,54.709,42.221,49.943,49.792,58.279,55.8,50.541,,43.775,53.549,45.683,50.137,50.724,56.788,56.772,49.703,52.866,51.239,52.028,58.479
2026-03-03 16:00:00,ETC02,54.749,42.337,49.955,49.849,58.357,55.74,50.594,49.729,43.729,53.508,45.744,50.076,50.618,56.799,56.846,49.692,52.911,51.126,52.003,58.472
2026-03-03 16:30:00,ETC02,54.861,42.334,49.976,49.854,58.334,55.755,50.627,49.82,43.731,53.535,45.648,50.076,50.508,56.854,56.808,49.74,52.793,51.132,52.079,58.433
2026-03-03 17:00:00,ETC02,54.788,42.32,49.977,49.842,58.289,55.789,50.656,49.816,43.711,53.478,45.7,50.108,50.55,56.875,56.722,49.746,52.761,51.172,52.178,58.55
2026-03-03 17:30:00,ETC02,54.776,42.386,50.014,49.825,58.214,55.718,50.7,49.739,43.734,53.407,45.627,50.217,50.622,56.868,56.731,49.789,52.681,51.262,52.252,58.65
2026-03-03 18:00:00,ETC02,54.736,42.371,49.981,49.749,58.131,55.677,50.67,49.844,43.762,53.409,45.579,50.25,50.57,56.857,56.69,49.707,52.713,,52.208,58.685
2026-03-03 18:30:00,ETC02,54.708,42.387,49.87,49.611,58.107,,50.696,49.839,43.621,53.289,45.692,50.331,50.476,56.92,56.673,49.751,52.769,51.283,52.204,58.698
2026-03-03 19:00:00,ETC02,54.762,42.404,49.779,49.736,58.072,55.663,50.674,49.934,43.58,53.269,45.658,50.269,50.447,56.997,56.759,49.781,52.76,51.21,52.213,58.671
2026-03-03 19:30:00,ETC02,54.752,42.401,49.702,49.743,57.886,55.707,50.694,49.939,43.515,53.276,45.597,50.262,50.446,56.928,56.766,49.769,52.73,51.216,52.266,58.594
2026-03-03 20:00:00,ETC02,54.763,42.44,49.66,49.722,57.812,55.666,50.782,49.929,43.552,53.425,45.686,50.239,50.517,56.961,56.739,49.63,52.707,51.203,52.344,58.616
2026-03-03 20:30:00,ETC02,54.727,42.432,49.722,49.778,57.745,55.673,50.864,49.942,43.575,53.531,45.73,50.222,50.444,56.991,56.743,49.498,52.604,51.17,52.291,58.673
2026-03-03 21:00:00,ETC02,54.764,42.36,49.752,49.87,57.784,55.628,50.816,50.008,43.575,53.513,45.83,50.171,50.456,56.892,56.831,49.51,52.594,51.184,52.3,58.607
2026-03-03 21:30:00,ETC02,54.857,42.323,49.742,49.841,57.792,55.658,50.792,50.076,43.672,53.607,45.762,50.095,50.399,56.886,56.882,49.491,52.68,51.335,52.312,58.575
2026-03-03 22:00:00,ETC02,54.842,42.29,49.74,49.819,57.773,55.73,50.801,50.03,43.618,53.608,45.871,50.057,50.487,56.861,56.977,49.496,52.624,51.383,52.271,58.592
2026-03-03 22:30:00,ETC02,54.836,42.344,49.805,49.898,57.666,55.609,50.782,50.056,43.605,53.646,45.85,50.1,50.415,56.845,57.116,49.466,52.617,51.383,52.286,58.567
2026-03-03 23:00:00,ETC02,54.804,42.33,49.812,49.872,57.736,55.623,50.849,50.092,43.606,53.63,45.747,50.016,50.332,56.818,57.073,49.46,52.679,51.434,52.258,58.538
2026-03-03 23:30:00,ETC02,54.777,42.266,49.803,49.781,57.646,55.651,50.75,50.01,43.771,53.562,45.797,50.085,50.315,56.801,56.957,49.5,52.732,51.39,52.285,58.518
2026-03-04 00:00:00,ETC02,54.702,42.224,49.824,49.836,57.661,55.637,50.766,50.048,43.878,53.584,45.87,50.103,50.307,56.839,56.964,49.457,52.763,51.408,52.362,58.455
2026-03-04 00:30:00,ETC02,54.679,42.149,49.724,49.851,57.699,55.645,50.789,49.997,43.866,53.575,45.924,,50.383,56.752,56.885,49.495,52.663,51.42,52.376,58.508
2026-03-04 01:00:00,ETC02,54.696,41.985,49.598,49.827,57.722,55.546,50.834,50.0,43.919,53.719,45.91,50.001,50.336,56.727,56.921,49.487,52.766,51.431,52.314,58.4
2026-03-04 01:30:00,ETC02,54.733,42.004,49.56,49.838,57.694,55.483,50.77,49.979,43.893,53.684,45.976,50.017,50.279,56.621,56.982,49.468,52.788,51.441,52.412,58.322
2026-03-04 02:00:00,ETC02,54.833,41.979,49.581,49.856,57.74,55.592,50.84,50.013,43.806,53.737,45.938,50.076,50.38,56.635,56.921,49.509,52.841,51.39,52.524,58.302
2026-03-04 02:30:00,ETC02,54.866,42.01,49.539,49.784,57.772,55.622,50.877,50.06,43.835,53.772,45.896,50.333,50.385,56.627,56.884,49.546,52.852,51.414,52.601,58.286
2026-03-04 03:00:00,ETC02,54.985,42.017,49.476,49.82,57.816,55.644,50.757,50.074,43.8,53.669,45.914,50.285,50.359,56.708,57.095,49.495,52.838,51.452,52.597,58.297
2026-03-04 03:30:00,ETC02,54.888,42.048,49.449,49.857,57.869,55.702,50.763,50.032,43.91,53.702,45.878,50.197,50.38,56.69,57.135,49.336,52.855,51.408,52.588,58.351
2026-03-04 04:00:00,ETC02,54.859,41.993,,49.92,57.862,55.836,50.833,50.056,43.826,53.735,45.865,50.219,50.309,56.612,57.039,49.376,52.784,51.366,52.633,58.326
2026-03-04 04:30:00,ETC02,54.799,41.987,49.441,49.999,57.888,55.846,50.781,50.02,43.878,53.636,45.96,50.301,50.37,56.534,57.022,49.304,52.879,51.43,52.726,58.374
2026-03-04 05:00:00,ETC02,54.835,41.994,49.526,49.973,57.906,55.863,50.785,50.034,43.923,53.599,45.891,50.24,50.413,56.487,57.12,49.381,52.951,51.401,52.785,58.424
2026-03-04 05:30:00,ETC02,54.757,41.921,49.579,50.127,58.077,55.942,50.703,49.946,43.937,53.532,,50.278,50.398,56.367,57.165,49.368,52.887,51.431,52.839,58.434
2026-03-04 06:00:00,ETC02,54.799,41.942,49.572,50.16,57.995,55.95,,49.971,43.94,53.513,45.96,50.244,50.22,56.24,57.102,49.424,52.854,51.545,52.845,58.445
2026-03-04 06:30:00,ETC02,54.725,42.06,49.604,50.192,58.018,55.943,50.632,49.945,44.003,53.415,45.868,50.342,50.213,56.304,57.023,49.474,52.751,51.586,52.926,58.417
2026-03-04 07:00:00,ETC02,54.825,42.07,49.61,50.185,57.996,56.09,50.691,50.002,44.046,53.392,45.963,50.284,50.057,56.295,57.007,49.488,52.694,51.593,52.872,58.478
2026-03-04 07:30:00,ETC02,54.728,42.094,49.577,50.163,58.039,56.027,50.823,49.967,43.966,53.392,45.878,50.355,50.128,56.248,57.058,49.538,52.721,51.66,52.937,58.427
2026-03-04 08:00:00,ETC02,54.798,42.079,49.575,50.208,58.111,56.037,50.82,49.994,43.923,53.393,45.894,50.389,50.168,56.263,57.013,49.563,52.767,51.77,52.96,58.414
2026-03-04 08:30:00,ETC02,54.865,42.112,49.517,50.166,58.138,56.062,50.894,49.995,43.897,53.325,45.756,50.343,,56.283,56.921,49.481,52.896,51.758,52.961,58.517
2026-03-04 09:00:00,ETC02,54.872,42.152,49.538,50.069,58.136,55.994,50.93,50.066,43.828,53.456,45.753,50.292,50.328,56.282,56.879,49.419,52.881,51.733,53.006,58.454
2026-03-04 09:30:00,ETC02,54.923,42.189,49.556,50.126,58.152,55.988,51.012,50.106,43.901,53.434,45.832,50.24,50.337,56.308,56.954,49.344,53.057,51.64,52.932,58.507
2026-03-04 10:00:00,ETC02,54.895,42.202,49.592,50.099,58.178,55.889,51.056,50.069,43.868,53.462,45.845,50.28,50.373,56.308,56.987,49.23,53.044,51.716,53.03,58.492
2026-03-04 10:30:00,ETC02,54.866,42.223,49.607,50.159,58.255,55.896,51.037,,43.776,53.355,45.844,50.379,50.218,56.283,56.958,49.215,53.068,51.686,53.101,58.571
2026-03-04 11:00:00,ETC02,54.761,42.314,49.627,50.117,58.189,,51.031,49.861,43.752,53.294,45.957,50.333,50.067,56.197,56.9,49.182,53.063,51.595,53.082,58.597
2026-03-04 11:30:00,ETC02,54.749,42.362,49.603,50.199,58.226,55.947,50.952,49.821,43.782,53.343,45.933,50.249,50.011,56.075,56.81,49.154,52.978,51.608,53.08,58.629
2026-03-04 12:00:00,ETC02,54.726,42.299,49.54,50.221,58.247,55.968,51.077,49.79,43.772,53.409,45.924,50.177,50.007,56.091,56.852,49.153,52.956,51.623,53.085,58.586
2026-03-04 12:30:00,ETC02,54.756,42.319,49.541,50.16,58.231,56.033,51.11,49.904,43.747,53.394,45.872,50.119,49.934,56.083,,49.179,53.058,51.666,53.132,58.635
2026-03-04 13:00:00,ETC02,54.795,42.347,49.668,50.243,58.156,56.069,50.99,49.806,43.664,53.388,45.912,50.166,49.813,56.042,56.822,49.189,53.001,51.669,53.106,58.662
2026-03-04 13:30:00,ETC02,54.881,42.333,49.692,50.257,58.141,56.157,50.957,49.869,43.667,53.374,45.953,50.243,49.934,56.026,56.789,49.23,53.011,51.701,53.082,58.712
2026-03-04 14:00:00,ETC02,54.875,42.365,49.716,50.222,58.086,56.165,50.941,49.828,43.653,53.354,45.914,50.245,49.953,56.025,56.811,49.238,52.958,51.737,53.09,58.737
2026-03-04 14:30:00,ETC02,54.901,42.327,49.65,50.358,58.064,56.202,50.878,49.809,43.736,53.366,45.898,50.235,49.935,55.938,56.75,49.218,52.866,51.854,53.008,58.722
2026-03-04 15:00:00,ETC02,54.974,42.36,49.733,50.395,58.061,56.273,50.901,49.846,43.701,53.288,45.922,50.351,49.908,55.979,56.774,49.27,52.757,51.783,53.106,58.735
2026-03-04 15:30:00,ETC02,54.904,42.443,49.71,50.466,58.028,56.203,50.962,49.903,43.801,53.258,45.95,50.358,49.968,55.98,56.789,49.127,52.746,51.854,53.039,58.691
2026-03-04 16:00:00,ETC02,54.974,42.482,49.766,50.499,58.016,56.215,50.915,49.962,43.846,53.211,45.918,50.362,49.98,56.053,56.844,49.016,52.763,51.925,53.05,58.783
2026-03-04 16:30:00,ETC02,54.966,42.4,49.813,50.531,57.982,56.233,50.862,50.031,43.818,53.101,45.953,50.353,49.992,56.049,56.886,48.972,52.712,51.892,53.146,58.71
2026-03-04 17:00:00,ETC02,54.876,42.465,49.791,50.515,57.932,56.279,50.905,50.034,43.741,53.108,45.86,50.314,49.941,55.996,56.882,48.908,52.686,51.982,53.114,58.785
2026-03-04 17:30:00,ETC02,54.904,42.549,49.827,50.53,57.968,56.268,50.934,50.044,43.7,53.076,45.92,50.377,49.87,55.89,56.878,48.946,52.676,51.917,53.051,58.789
2026-03-04 18:00:00,ETC02,54.832,42.544,49.782,50.497,58.013,56.319,50.986,49.971,43.637,53.02,45.97,50.424,49.878,55.887,56.833,48.894,52.697,51.989,53.041,58.828
2026-03-04 18:30:00,ETC02,54.871,42.591,49.828,50.455,58.038,56.349,50.918,,43.671,52.98,45.991,50.376,49.898,55.84,56.926,48.909,52.696,51.906,53.044,58.735
2026-03-04 19:00:00,ETC02,54.886,42.728,49.873,50.42,58.02,56.37,50.889,50.101,43.559,53.054,45.974,50.424,49.853,55.886,57.022,49.015,52.742,51.869,53.104,58.705
2026-03-04 19:30:00,ETC02,54.859,42.79,49.858,50.344,58.109,56.369,50.882,50.008,43.505,52.979,46.021,50.441,49.851,55.854,,49.057,52.667,51.917,53.087,58.667
2026-03-04 20:00:00,ETC02,54.787,42.726,49.949,50.354,58.236,56.267,50.891,50.109,43.458,53.007,46.018,50.521,49.758,55.918,57.02,49.073,52.717,51.884,53.169,58.732
2026-03-04 20:30:00,ETC02,54.748,42.707,50.003,50.313,58.276,56.361,50.93,50.122,43.48,53.073,45.955,50.642,49.831,55.935,57.014,49.04,52.72,51.869,53.114,58.699
2026-03-04 21:00:00,ETC02,54.764,42.698,50.044,50.323,58.281,56.408,50.881,50.066,43.451,53.115,45.967,50.578,49.76,55.91,57.05,49.067,52.599,51.837,53.083,58.664
2026-03-04 21:30:00,ETC02,54.805,42.693,50.1,50.163,58.262,56.412,50.884,49.996,43.42,53.131,45.998,50.661,49.804,55.937,57.128,49.188,52.591,51.793,53.025,58.675
2026-03-04 22:00:00,ETC02,54.875,42.593,50.132,50.113,58.286,56.474,50.933,50.042,43.436,53.122,46.019,50.623,49.722,55.903,57.099,49.161,52.486,51.736,53.074,58.583
2026-03-04 22:30:00,ETC02,54.834,42.532,50.162,50.136,58.299,56.515,50.909,50.054,43.499,53.078,45.96,50.702,49.734,55.941,57.111,49.18,52.525,51.786,53.009,58.581
2026-03-04 23:00:00,ETC02,54.786,42.481,50.139,50.144,58.262,56.444,51.014,50.056,43.547,53.103,45.966,50.792,49.675,55.916,57.16,49.082,52.522,51.808,52.939,58.516
2026-03-04 23:30:00,ETC02,54.795,42.51,50.066,50.067,58.212,56.324,51.035,50.089,43.6,53.216,45.93,50.884,49.636,56.032,57.188,49.07,52.53,51.719,52.91,58.603
2026-03-05 00:00:00,ETC02,54.786,42.472,50.095,50.023,58.252,56.296,50.978,50.111,43.65,53.273,45.915,50.839,49.673,56.148,57.292,49.046,52.552,51.725,52.939,58.669
2026-03-05 00:30:00,ETC02,54.825,42.534,50.026,50.132,58.181,56.182,50.899,50.197,43.69,53.17,45.977,50.864,49.676,56.055,57.292,49.112,52.585,51.595,53.046,58.689
2026-03-05 01:00:00,ETC02,54.85,42.634,50.08,50.058,58.156,56.206,50.954,50.213,43.694,53.344,46.065,50.802,49.721,56.104,57.318,49.091,52.628,51.644,53.122,58.646
2026-03-05 01:30:00,ETC02,54.97,42.539,50.069,50.041,58.029,56.18,51.051,50.263,43.744,53.319,46.082,50.794,49.649,56.147,57.313,49.119,52.57,51.523,53.01,58.692
2026-03-05 02:00:00,ETC02,55.062,42.481,50.041,,58.083,56.088,51.145,50.33,43.804,53.309,45.913,50.83,49.605,56.161,57.327,49.143,52.553,51.57,52.997,58.753
2026-03-05 02:30:00,ETC02,55.074,42.545,50.07,50.027,57.967,56.079,51.153,50.239,43.852,53.222,45.86,50.807,49.632,56.144,57.387,49.004,52.457,51.567,52.977,58.759
2026-03-05 03:00:00,ETC02,55.013,42.609,50.106,49.98,58.016,56.044,51.102,50.18,43.866,53.231,45.946,50.854,49.548,56.122,57.425,49.105,52.467,51.494,52.924,58.713
2026-03-05 03:30:00,ETC02,54.993,42.555,50.101,50.0,57.992,56.016,51.197,50.211,43.818,53.216,45.979,50.864,49.543,56.131,57.389,,52.505,51.53,52.938,
2026-03-05 04:00:00,ETC02,54.972,42.503,50.03,49.945,57.956,56.102,51.298,50.267,43.747,53.201,45.932,50.81,49.54,56.094,57.485,49.102,52.566,51.576,52.962,58.7
2026-03-05 04:30:00,ETC02,54.978,42.518,49.983,49.876,57.891,56.101,51.368,50.272,43.757,,45.897,50.703,49.563,56.091,57.481,49.031,52.521,51.516,52.925,58.696
2026-03-05 05:00:00,ETC02,54.903,42.614,49.993,49.889,57.928,56.061,51.284,50.314,43.829,,45.848,50.708,49.554,56.113,57.509,49.09,52.57,51.559,53.048,58.656
2026-03-05 05:30:00,ETC02,54.867,42.573,50.014,49.791,57.915,56.047,51.232,50.341,43.811,53.199,45.923,50.754,49.541,56.081,57.469,49.109,52.532,51.467,52.937,58.722
2026-03-05 06:00:00,ETC02,54.91,42.445,50.025,49.709,57.884,55.959,51.218,50.309,43.728,53.184,45.942,50.775,49.432,56.226,57.401,49.126,52.51,51.363,52.903,58.663
2026-03-05 06:30:00,ETC02,54.894,42.519,49.969,49.594,57.89,55.967,51.245,50.361,43.699,53.214,46.025,50.813,49.52,56.316,57.43,49.134,52.541,51.282,52.873,58.644
2026-03-05 07:00:00,ETC02,54.896,42.484,49.983,49.554,57.885,55.962,51.187,50.444,43.645,53.241,46.053,50.784,49.534,56.275,57.411,49.166,52.594,51.369,52.808,58.729
2026-03-05 07:30:00,ETC02,54.933,42.527,49.949,49.566,57.912,56.049,51.226,50.447,43.521,53.234,46.142,50.719,49.573,56.374,57.371,49.128,52.581,51.343,52.823,58.665
2026-03-05 08:00:00,ETC02,54.927,42.494,49.893,49.595,57.878,56.132,51.168,50.441,43.598,53.305,46.22,50.742,49.612,56.374,57.469,49.194,52.569,51.245,52.84,58.718
2026-03-05 08:30:00,ETC02,54.953,42.403,49.889,49.542,57.821,56.149,51.232,50.503,43.532,53.36,46.256,50.811,49.616,56.377,57.513,,52.537,51.198,52.817,58.761
2026-03-05 09:00:00,ETC02,54.998,42.329,49.894,49.402,57.932,56.144,51.277,50.446,43.492,53.341,46.191,50.892,49.566,56.471,57.512,49.135,52.567,51.188,52.781,58.724
2026-03-05 09:30:00,ETC02,54.988,42.232,49.957,49.436,57.98,56.039,51.328,50.421,43.554,53.362,46.163,50.974,49.588,56.554,57.466,49.077,52.534,51.167,52.839,58.65
2026-03-05 10:00:00,ETC02,54.927,42.098,50.01,49.385,57.969,55.985,51.324,50.41,43.549,53.265,46.282,51.084,49.635,56.476,57.504,49.255,52.575,51.278,52.819,58.536
2026-03-05 10:30:00,ETC02,54.936,42.039,50.061,49.493,57.99,55.929,51.273,50.489,43.567,53.292,46.283,51.116,49.71,56.5,57.54,,52.536,51.324,52.83,58.418
2026-03-05 11:00:00,ETC02,54.928,42.079,50.064,49.51,57.822,55.969,51.198,50.421,43.609,53.228,46.143,51.043,49.631,56.418,57.554,49.238,52.654,51.278,52.86,58.403
2026-03-05 11:30:00,ETC02,54.977,42.091,49.993,49.539,57.807,55.89,51.178,50.395,43.591,53.214,46.133,51.122,49.618,,57.548,49.284,52.694,51.233,52.874,58.357
2026-03-05 12:00:00,ETC02,54.942,42.066,49.922,49.617,57.877,56.046,51.12,50.363,,53.278,46.149,51.108,49.7,56.293,57.73,49.381,52.595,51.26,52.907,58.413
2026-03-05 12:30:00,ETC02,54.848,42.038,50.008,49.587,57.893,56.156,51.024,50.372,43.619,53.236,46.168,51.091,49.752,56.257,57.713,49.333,52.625,51.317,52.906,58.322
2026-03-05 13:00:00,ETC02,54.933,41.983,50.06,49.479,57.909,56.113,50.892,50.387,43.635,53.284,46.205,51.109,49.797,56.214,57.734,49.291,52.609,51.283,52.906,58.301
2026-03-05 13:30:00,ETC02,54.872,41.967,50.083,49.512,57.808,56.136,50.918,50.38,43.6,53.361,46.287,51.146,49.798,56.182,57.664,49.236,52.664,51.127,52.905,58.251
2026-03-05 14:00:00,ETC02,54.92,42.005,50.115,49.405,57.773,56.28,50.852,50.276,43.525,53.407,46.246,51.156,49.678,56.27,57.668,49.224,52.634,51.044,52.898,58.218
2026-03-05 14:30:00,ETC02,54.837,41.909,50.094,49.422,57.801,56.291,50.812,50.155,43.504,53.354,46.263,51.204,49.795,56.329,57.748,49.149,52.586,51.008,52.819,58.301
2026-03-05 15:00:00,ETC02,54.772,41.945,50.106,49.428,57.753,56.241,50.899,50.171,43.522,53.302,46.319,51.163,49.768,56.347,57.761,49.142,52.489,51.003,52.889,58.293
2026-03-05 15:30:00,ETC02,54.764,42.039,50.208,49.501,57.831,56.207,50.919,50.176,43.391,53.403,46.385,51.329,49.835,56.29,57.774,49.11,52.491,51.009,52.88,58.326
2026-03-05 16:00:00,ETC02,54.726,41.948,50.03,49.561,57.827,56.314,50.943,50.217,43.473,53.5,46.358,51.317,49.829,56.336,57.791,49.088,52.409,50.931,52.806,58.306
2026-03-05 16:30:00,ETC02,54.752,41.907,50.127,49.482,57.928,56.249,50.929,50.117,43.544,53.553,46.273,51.379,49.859,56.325,57.722,49.114,52.459,50.954,52.733,58.282
2026-03-05 17:00:00,ETC02,54.742,41.937,50.23,49.52,57.794,56.274,50.887,50.18,43.637,53.603,46.427,,49.862,56.304,57.71,49.084,52.345,50.979,52.755,58.246
2026-03-05 17:30:00,ETC02,54.731,41.932,50.295,49.494,57.83,56.225,50.858,50.169,43.648,53.696,46.365,51.307,49.845,56.231,57.832,49.048,52.277,50.965,52.777,58.193
2026-03-05 18:00:00,ETC02,54.769,41.998,50.379,49.468,57.9,56.299,50.783,50.185,43.638,53.694,46.389,51.313,49.815,56.195,57.812,49.201,52.278,50.91,52.762,58.221
2026-03-05 18:30:00,ETC02,54.757,42.007,50.38,49.499,57.894,56.386,50.857,50.21,43.485,,46.504,51.333,49.765,56.279,57.924,49.22,52.211,50.904,52.795,58.252
2026-03-05 19:00:00,ETC02,54.725,42.026,50.376,49.468,57.983,56.263,50.753,50.154,43.512,53.66,46.395,51.254,49.706,56.255,57.908,49.162,52.192,50.807,52.758,58.311
2026-03-05 19:30:00,ETC02,54.697,42.004,50.399,49.428,57.883,56.269,50.767,50.043,43.546,53.638,46.353,51.36,49.698,56.266,57.84,49.126,52.295,50.777,52.776,58.308
2026-03-05 20:00:00,ETC02,54.706,41.944,50.303,49.507,57.838,56.106,50.713,49.999,43.535,53.587,46.346,51.236,49.587,56.194,57.75,49.154,52.272,50.815,52.818,58.355
2026-03-05 20:30:00,ETC02,54.695,41.908,50.301,49.566,57.819,56.119,50.701,50.031,43.483,53.547,46.228,51.226,49.538,56.248,57.697,49.098,52.169,50.846,52.834,58.374
2026-03-05 21:00:00,ETC02,54.714,41.805,50.194,49.624,57.791,56.141,50.647,50.096,43.434,53.591,46.118,51.163,49.57,56.267,57.695,49.16,52.126,50.886,52.748,58.429
2026-03-05 21:30:00,ETC02,54.778,41.811,50.151,49.563,57.798,56.096,50.656,50.059,43.532,53.678,46.077,51.175,49.535,56.303,57.759,49.271,52.223,50.874,52.777,58.382
2026-03-05 22:00:00,ETC02,54.878,41.779,50.161,49.558,57.769,56.162,50.719,50.107,43.557,53.681,46.033,51.216,49.61,56.327,57.752,49.306,52.245,50.857,52.81,58.428
2026-03-05 22:30:00,ETC02,54.913,41.821,50.209,49.66,57.754,56.146,50.739,50.124,43.507,53.697,46.122,51.144,49.642,56.347,57.767,49.422,52.255,50.88,52.832,58.425
2026-03-05 23:00:00,ETC02,54.967,41.755,50.257,49.618,57.693,56.1,50.781,50.17,43.54,53.645,46.211,51.075,49.607,56.414,57.686,49.501,52.229,50.825,52.877,58.499
2026-03-05 23:30:00,ETC02,54.913,41.748,50.146,49.51,57.629,56.113,50.82,50.289,43.54,53.688,46.223,51.123,49.626,56.309,57.595,49.514,52.228,50.918,52.771,58.55
2026-03-06 00:00:00,ETC02,54.976,41.864,50.293,49.601,57.676,56.092,50.879,50.266,43.572,53.709,46.192,,49.678,56.344,57.635,49.533,52.26,50.949,52.764,58.597
2026-03-06 00:30:00,ETC02,55.041,41.792,50.274,49.637,57.681,56.182,50.985,50.158,43.526,53.658,,51.135,49.537,56.335,57.613,49.537,52.164,50.934,52.753,58.554
2026-03-06 01:00:00,ETC02,55.011,41.729,50.31,49.677,57.758,56.186,51.046,50.178,43.54,53.671,46.101,51.219,49.61,56.404,57.611,49.487,52.145,50.991,52.628,58.633
2026-03-06 01:30:00,ETC02,55.001,41.73,50.309,49.753,57.883,56.081,51.033,50.121,43.539,53.777,46.109,51.227,49.536,56.278,57.62,49.419,52.113,50.938,52.659,58.621
2026-03-06 02:00:00,ETC02,54.975,41.824,50.287,49.737,57.978,56.037,51.073,50.045,43.623,53.848,46.207,51.167,49.573,56.284,57.562,49.404,52.13,50.963,52.716,58.665
2026-03-06 02:30:00,ETC02,54.988,41.747,50.319,49.812,57.87,56.049,51.026,49.985,43.615,53.78,46.197,51.283,49.561,56.319,57.574,49.412,52.173,50.94,52.734,58.578
2026-03-06 03:00:00,ETC02,55.067,41.774,50.198,49.813,57.853,56.085,51.074,,43.698,53.805,46.193,,49.497,56.294,57.632,49.482,52.156,50.989,52.705,58.574
2026-03-06 03:30:00,ETC02,55.048,41.864,50.258,49.933,57.886,56.029,51.044,50.001,43.677,53.819,46.215,51.379,49.495,56.255,57.656,49.472,52.127,51.019,52.676,58.432
2026-03-06 04:00:00,ETC02,55.075,41.824,50.224,49.921,57.907,56.06,51.073,50.061,43.685,53.887,46.206,51.377,49.501,56.24,57.672,49.516,52.12,50.939,52.875,58.515
2026-03-06 04:30:00,ETC02,55.094,41.846,50.273,49.893,57.821,55.951,51.034,50.036,43.586,53.956,46.199,51.305,49.474,56.275,57.545,49.443,52.093,50.988,52.817,58.458
2026-03-06 05:00:00,ETC02,55.092,41.875,50.178,49.974,57.822,55.968,51.096,50.07,43.614,,46.212,51.346,49.388,56.134,57.518,49.469,52.001,50.93,52.725,58.444
2026-03-06 05:30:00,ETC02,55.053,41.801,50.224,49.883,57.805,55.865,51.017,50.042,43.719,54.029,46.166,51.258,49.4,56.032,57.541,49.467,51.986,50.958,52.743,58.396
2026-03-06 06:00:00,ETC02,54.97,41.733,50.124,49.851,57.706,55.873,51.009,50.136,43.717,54.208,46.16,51.3,49.424,56.057,,49.376,51.974,50.92,52.796,58.43
2026-03-06 06:30:00,ETC02,55.056,41.708,50.149,49.815,57.659,55.937,51.059,50.18,43.691,54.261,46.174,51.34,49.538,56.164,57.512,49.327,51.964,50.885,52.791,58.383
2026-03-06 07:00:00,ETC02,55.018,41.652,50.28,49.885,57.682,55.849,51.067,50.13,43.689,54.252,46.188,51.286,49.616,56.178,57.497,49.359,51.962,50.93,52.846,58.418
2026-03-06 07:30:00,ETC02,55.04,41.745,50.337,49.891,57.64,56.005,51.099,50.089,43.64,54.294,46.213,51.283,49.621,56.215,57.536,49.341,51.873,50.947,52.97,58.451
2026-03-06 08:00:00,ETC02,55.031,41.699,50.178,49.917,57.682,55.969,51.104,50.008,43.596,54.247,46.145,51.336,49.691,56.238,57.527,49.329,51.946,50.967,53.089,58.386
2026-03-06 08:30:00,ETC02,54.971,41.61,50.187,49.867,57.588,56.024,51.084,50.0,43.683,54.218,46.05,51.293,49.71,56.346,57.4,49.328,51.938,50.993,53.092,58.387
2026-03-06 09:00:00,ETC02,54.912,41.544,50.218,49.807,57.546,56.021,51.217,50.044,43.716,54.175,46.063,51.379,49.686,56.346,57.369,49.358,52.042,50.947,53.144,58.396
2026-03-06 09:30:00,ETC02,54.843,41.491,50.188,49.741,57.555,56.001,51.138,50.007,43.687,54.125,46.12,51.353,49.669,56.291,57.36,49.292,52.028,50.97,53.189,58.323
2026-03-06 10:00:00,ETC02,54.945,41.43,50.238,49.783,57.588,55.941,51.085,50.033,43.607,54.12,46.148,51.387,49.727,56.238,57.422,49.375,51.974,51.038,53.246,58.386
2026-03-06 10:30:00,ETC02,54.992,41.415,50.24,49.734,57.594,55.982,50.995,50.096,43.646,54.1,46.266,51.382,49.726,56.135,57.407,49.342,51.898,51.033,53.236,58.352
2026-03-06 11:00:00,ETC02,55.043,41.44,50.313,49.695,57.668,56.058,50.973,50.127,43.52,54.154,46.225,51.451,49.759,56.054,57.339,49.324,51.986,50.942,53.227,58.432
2026-03-06 11:30:00,ETC02,54.988,41.39,50.222,49.642,57.521,55.974,50.973,50.025,43.533,54.264,46.212,51.402,49.797,56.032,57.395,49.246,52.032,50.876,53.139,58.33
2026-03-06 12:00:00,ETC02,54.961,41.389,50.207,49.618,57.602,55.884,50.98,49.99,43.473,54.211,46.201,51.384,49.758,56.015,57.387,49.273,52.066,50.876,53.23,58.296
2026-03-06 12:30:00,ETC02,55.016,41.311,50.223,49.552,57.665,55.893,51.082,49.959,,54.183,46.127,51.413,49.64,55.982,57.41,49.327,52.078,50.94,53.262,58.282
2026-03-06 13:00:00,ETC02,54.938,41.264,50.212,49.674,57.618,55.951,51.04,49.974,43.402,54.165,46.09,51.379,49.629,56.035,57.317,49.388,52.011,50.939,53.326,58.266
2026-03-06 13:30:00,ETC02,54.897,41.239,50.153,49.645,57.593,55.912,50.944,50.067,43.481,54.179,46.108,51.494,49.514,56.149,57.422,49.412,,50.902,53.293,58.193
2026-03-06 14:00:00,ETC02,54.823,41.137,50.175,,57.599,55.91,50.869,50.075,43.401,54.186,46.17,51.524,49.512,56.031,57.383,49.404,51.96,50.955,53.295,58.254
2026-03-06 14:30:00,ETC02,54.85,41.048,50.158,49.719,57.572,55.821,50.906,50.085,43.479,54.172,46.135,51.49,49.517,56.049,57.378,49.44,52.0,50.911,53.386,58.274
2026-03-06 15:00:00,ETC02,54.791,40.997,50.193,49.725,57.57,55.765,50.996,50.059,43.537,54.188,46.121,51.437,49.527,56.067,57.423,49.402,52.006,50.847,53.297,58.252
2026-03-06 15:30:00,ETC02,54.832,41.023,50.142,49.793,57.612,55.727,51.005,50.099,43.556,54.185,46.128,51.346,49.605,56.036,57.328,49.347,52.108,50.895,53.33,58.227
2026-03-06 16:00:00,ETC02,54.76,41.102,50.205,49.878,57.612,55.697,50.951,50.143,43.688,54.195,46.067,51.373,49.65,56.032,57.311,49.38,52.151,,53.362,58.22
2026-03-06 16:30:00,ETC02,54.768,41.25,50.124,49.971,57.657,55.721,51.035,50.146,43.672,54.205,46.06,51.45,49.707,56.024,57.155,49.372,52.173,50.787,53.247,58.228
2026-03-06 17:00:00,ETC02,54.764,41.218,50.12,49.969,57.665,55.723,51.029,50.082,43.651,54.118,46.165,51.473,49.707,56.104,57.206,49.356,52.199,50.765,53.241,58.186
2026-03-06 17:30:00,ETC02,54.778,41.184,,49.929,57.755,55.708,51.084,50.11,43.655,54.085,46.128,51.492,49.737,56.132,57.135,49.25,52.235,50.758,53.205,58.195
2026-03-06 18:00:00,ETC02,54.749,41.133,50.163,49.885,57.673,55.73,51.12,49.987,43.752,54.059,46.126,51.497,49.763,56.015,57.167,49.326,52.268,50.812,53.2,58.107
2026-03-06 18:30:00,ETC02,54.732,41.168,50.18,49.833,57.684,55.781,51.122,49.96,43.733,54.05,46.165,51.456,49.8,56.086,57.152,49.307,52.298,50.901,53.208,58.039
2026-03-06 19:00:00,ETC02,54.792,41.163,50.095,49.957,57.784,55.798,51.314,49.898,43.71,54.072,46.175,51.463,49.777,56.064,57.079,49.326,52.329,50.925,53.192,58.001
2026-03-06 19:30:00,ETC02,54.714,41.244,50.15,49.902,57.783,55.808,51.384,49.936,43.819,54.056,46.235,51.505,49.689,56.117,57.103,49.261,52.359,50.897,53.187,57.958
2026-03-06 20:00:00,ETC02,54.781,,50.109,49.855,57.832,55.755,51.471,50.013,43.759,54.085,46.281,51.485,49.684,56.179,57.112,49.341,52.459,50.918,53.214,58.03
2026-03-06 20:30:00,ETC02,54.704,41.396,50.202,49.793,57.786,55.813,51.473,50.015,43.839,54.049,46.269,51.539,49.676,56.075,57.118,49.311,52.403,50.966,53.212,58.086
2026-03-06 21:00:00,ETC02,54.695,41.379,50.209,49.795,57.813,55.719,51.453,50.105,43.842,53.953,46.304,51.607,49.675,56.138,57.103,49.366,52.363,51.017,53.184,58.071
2026-03-06 21:30:00,ETC02,54.752,41.307,50.346,49.813,57.773,55.744,51.462,50.085,43.782,53.93,46.266,,49.627,56.093,57.099,49.455,52.349,50.94,53.154,58.086
2026-03-06 22:00:00,ETC02,54.809,41.372,50.341,49.78,57.822,55.727,51.312,50.254,43.714,53.907,46.3,51.612,49.609,56.01,57.115,49.41,52.417,51.025,53.01,58.087
2026-03-06 22:30:00,ETC02,54.839,41.377,50.29,49.717,57.916,55.786,51.362,50.281,43.592,53.897,46.243,51.6,49.589,55.996,57.075,49.433,52.508,51.068,52.997,58.003
2026-03-06 23:00:00,ETC02,54.815,41.384,50.296,49.651,57.998,55.812,51.421,50.377,43.601,53.903,46.25,51.609,49.561,56.017,57.006,49.499,52.535,50.966,53.024,58.084
2026-03-06 23:30:00,ETC02,54.649,41.479,50.335,49.554,58.111,55.822,51.425,50.442,43.585,53.892,46.239,51.641,49.492,56.08,57.032,49.374,52.53,50.938,53.109,58.139
2026-03-07 00:00:00,ETC02,54.672,41.457,50.389,49.522,58.055,55.815,51.369,50.507,43.596,53.794,,51.577,49.453,56.052,56.976,49.495,52.468,50.924,53.146,58.124
2026-03-07 00:30:00,ETC02,54.643,41.484,50.353,49.487,58.106,55.758,51.35,50.594,43.575,53.849,46.183,51.568,49.39,56.078,56.942,49.455,52.549,50.795,,58.143
2026-03-07 01:00:00,ETC02,54.681,41.528,50.329,49.533,58.23,55.813,51.353,50.539,43.57,53.824,46.258,51.648,49.26,56.05,56.851,49.442,52.507,50.704,53.207,58.068
2026-03-07 01:30:00,ETC02,54.552,41.56,50.46,49.493,58.167,55.802,51.488,50.612,43.565,53.76,46.185,51.646,49.216,56.088,56.806,49.484,52.574,50.718,53.248,58.005
2026-03-07 02:00:00,ETC02,54.498,41.583,50.465,49.355,58.222,55.795,51.425,50.599,43.56,53.777,46.256,51.611,49.333,,56.819,49.52,52.566,50.68,53.303,58.045
2026-03-07 02:30:00,ETC02,54.526,41.501,50.494,49.301,58.253,55.859,51.434,50.65,43.566,53.825,46.324,51.631,49.268,56.081,56.769,49.562,52.548,50.722,53.198,58.018
2026-03-07 03:00:00,ETC02,54.461,41.463,50.536,49.274,58.269,55.817,51.357,50.657,43.571,53.829,46.272,51.585,49.288,56.037,56.719,49.66,52.637,50.601,53.267,58.015
2026-03-07 03:30:00,ETC02,54.465,41.531,50.461,49.255,58.357,55.949,51.336,50.727,43.659,53.854,46.205,51.551,49.327,56.042,56.676,49.478,52.663,50.627,53.238,57.995
2026-03-07 04:00:00,ETC02,54.422,41.531,50.318,49.178,58.383,55.918,51.432,50.784,43.645,53.81,46.177,51.584,49.241,56.037,56.582,49.459,52.607,50.574,,57.971
2026-03-07 04:30:00,ETC02,54.415,41.516,50.319,49.186,58.449,55.891,51.353,50.738,43.631,53.707,46.169,51.591,,56.048,56.615,49.373,52.459,50.491,53.281,57.949
2026-03-07 05:00:00,ETC02,54.414,41.355,50.37,49.246,58.505,55.863,51.291,50.82,43.699,53.616,46.214,51.631,49.344,56.089,56.62,49.296,52.439,50.568,53.207,57.923
2026-03-07 05:30:00,ETC02,54.447,41.384,50.249,49.198,58.452,55.858,51.351,50.724,43.781,53.601,46.252,51.553,49.355,56.08,56.623,49.334,52.472,50.68,53.258,57.949
2026-03-07 06:00:00,ETC02,54.38,,50.226,49.214,58.392,55.864,51.448,50.76,43.747,53.562,46.26,51.55,49.363,56.163,56.689,49.275,52.474,50.715,53.328,57.938
2026-03-07 06:30:00,ETC02,54.421,41.379,50.206,49.261,58.3,55.907,51.508,50.765,43.617,53.589,46.289,51.563,49.305,56.219,56.677,49.262,52.485,50.71,53.207,57.858
2026-03-07 07:00:00,ETC02,54.438,41.36,50.236,49.202,58.311,55.919,51.533,50.824,43.679,53.547,46.306,51.434,49.397,56.273,56.601,49.232,52.424,50.717,53.321,57.914
2026-03-07 07:30:00,ETC02,54.5,41.36,50.306,49.271,58.375,55.991,51.48,50.826,43.634,53.639,46.252,51.445,49.344,56.311,56.485,49.143,52.481,50.773,53.223,57.97
2026-03-07 08:00:00,ETC02,54.544,41.362,50.227,49.23,58.329,,51.414,50.824,43.629,53.63,46.295,51.502,49.364,56.363,56.488,49.15,52.468,50.838,53.2,57.909
2026-03-07 08:30:00,ETC02,54.469,41.24,50.231,49.355,58.437,56.035,51.449,50.862,43.635,53.665,46.317,51.609,49.345,56.372,56.413,49.125,52.352,50.885,53.251,57.931
2026-03-07 09:00:00,ETC02,54.421,41.237,50.295,49.312,58.382,56.074,51.371,50.943,43.57,53.735,46.273,51.626,49.255,56.446,56.391,49.015,52.245,50.895,53.341,57.937
2026-03-07 09:30:00,ETC02,54.433,41.158,50.242,49.328,58.411,56.077,51.407,50.983,43.634,53.772,46.325,51.541,49.378,56.505,56.369,49.062,52.237,,53.433,58.007
2026-03-07 10:00:00,ETC02,54.397,41.113,50.19,49.216,58.494,56.092,51.491,50.995,43.652,53.737,46.317,51.565,49.348,56.564,56.342,49.146,52.238,50.91,53.474,57.96
2026-03-07 10:30:00,ETC02,54.436,41.182,50.142,49.147,58.454,56.08,51.505,50.926,43.705,53.657,46.304,51.525,49.341,56.494,56.36,49.217,52.392,50.89,53.41,57.947
2026-03-07 11:00:00,ETC02,54.519,41.216,50.184,49.18,58.443,56.058,51.401,50.979,43.668,53.745,46.279,51.55,49.287,56.477,56.409,49.239,52.46,50.96,53.399,57.944
2026-03-07 11:30:00,ETC02,54.646,41.147,50.203,49.025,58.418,56.012,51.471,51.069,43.63,53.653,46.456,51.648,49.364,56.405,56.408,49.303,52.476,50.994,53.333,58.036
2026-03-07 12:00:00,ETC02,54.554,41.22,50.206,48.969,58.428,56.019,51.333,51.04,43.717,53.616,46.321,51.732,49.42,,56.333,49.253,52.399,50.936,53.261,57.948
2026-03-07 12:30:00,ETC02,54.507,41.297,50.226,48.962,58.505,56.07,51.376,51.082,43.84,53.653,46.321,51.739,49.355,56.335,56.307,49.346,52.373,50.95,53.21,57.888
2026-03-07 13:00:00,ETC02,54.456,41.338,50.167,49.005,58.539,56.06,51.344,51.079,43.938,53.682,46.355,51.82,49.295,56.38,56.371,49.31,52.376,50.947,53.17,57.872
2026-03-07 13:30:00,ETC02,54.495,41.245,50.199,48.999,58.468,56.162,51.417,51.025,43.949,53.725,46.295,51.903,49.329,56.398,56.254,49.314,52.288,50.815,53.237,57.88
2026-03-07 14:00:00,ETC02,54.458,41.252,50.157,49.007,58.446,56.096,51.447,51.069,43.982,53.751,46.228,51.916,49.347,56.451,,49.283,52.365,50.787,53.323,57.882
2026-03-07 14:30:00,ETC02,54.453,41.143,50.054,48.945,58.379,56.207,51.501,51.001,43.933,53.758,46.204,51.955,49.337,56.389,56.212,49.283,52.468,50.742,53.263,57.859
2026-03-07 15:00:00,ETC02,54.482,41.186,50.135,48.848,58.375,56.131,51.537,50.828,43.885,53.818,46.213,51.913,49.355,56.368,56.118,49.105,52.522,50.697,53.263,57.947
2026-03-07 15:30:00,ETC02,54.391,41.157,50.037,48.836,58.466,56.121,51.593,50.787,43.95,53.81,46.298,51.89,49.47,56.435,56.047,49.102,52.52,50.682,53.221,58.045
2026-03-07 16:00:00,ETC02,54.421,41.245,50.011,48.835,58.503,56.072,51.585,50.733,43.922,53.824,46.275,51.877,49.42,56.339,56.083,49.079,52.549,50.732,53.299,58.024
2026-03-07 16:30:00,ETC02,54.533,41.279,49.979,48.828,58.626,56.085,51.56,50.766,43.887,53.84,46.243,51.793,49.53,56.283,56.155,48.995,52.556,50.769,53.275,58.017
2026-03-07 17:00:00,ETC02,54.618,41.365,49.889,48.853,58.587,55.961,51.512,50.822,43.962,53.942,46.149,51.843,49.467,56.35,56.207,48.875,52.552,50.705,53.184,58.054
2026-03-07 17:30:00,ETC02,54.658,41.308,49.879,48.885,58.546,55.896,51.56,50.704,44.045,53.871,46.169,51.832,49.437,56.297,56.218,,52.411,50.604,53.254,57.982
2026-03-07 18:00:00,ETC02,54.661,41.339,,48.845,58.472,55.907,51.576,50.703,44.048,53.896,46.04,51.804,49.396,56.237,56.25,48.741,52.476,50.612,53.258,57.976
2026-03-07 18:30:00,ETC02,54.788,41.386,49.925,48.82,58.575,55.943,51.617,50.659,44.122,53.897,45.967,51.922,49.434,56.278,56.104,48.615,52.454,,53.152,57.937
2026-03-07 19:00:00,ETC02,54.766,41.378,50.045,48.857,58.488,55.946,51.533,50.587,44.175,53.857,45.98,51.972,49.503,56.314,56.23,48.649,52.513,50.5,53.117,57.846
2026-03-07 19:30:00,ETC02,54.658,41.368,50.063,48.839,58.531,55.892,51.549,50.549,44.282,53.855,46.052,51.873,49.473,56.411,56.215,48.689,52.502,50.535,53.151,57.83
2026-03-07 20:00:00,ETC02,54.714,41.368,50.084,48.797,58.552,55.827,51.555,50.504,44.258,53.904,46.078,51.821,49.457,56.324,56.262,48.786,52.383,50.522,53.172,57.855
2026-03-07 20:30:00,ETC02,54.811,41.377,49.995,48.826,58.442,55.905,51.567,50.484,44.231,53.805,46.042,51.846,49.469,56.331,56.265,48.808,52.393,50.558,53.13,57.885
2026-03-07 21:00:00,ETC02,54.684,41.427,50.051,48.8,58.465,55.934,51.54,50.458,44.261,53.887,46.027,51.757,49.432,56.293,56.246,48.68,52.431,50.572,53.085,57.889
2026-03-07 21:30:00,ETC02,54.562,41.431,50.071,48.797,58.452,55.852,51.45,50.417,44.366,53.952,45.964,51.705,49.472,56.287,56.258,48.659,52.433,50.57,53.087,57.811
2026-03-07 22:00:00,ETC02,54.551,41.389,50.061,48.77,58.335,55.854,51.478,50.398,44.298,53.843,45.907,51.741,49.393,56.363,56.237,48.565,52.475,50.52,53.123,57.815
2026-03-07 22:30:00,ETC02,54.591,41.361,50.05,48.812,58.337,55.848,51.469,50.379,44.278,53.834,45.889,51.663,49.363,56.374,56.127,48.657,52.523,50.423,53.061,57.79
2026-03-07 23:00:00,ETC02,54.554,41.46,50.027,48.838,58.242,55.837,51.569,50.361,44.314,53.889,45.92,51.555,49.262,56.435,56.245,48.599,52.52,50.478,53.033,57.74
2026-03-07 23:30:00,ETC02,54.59,41.421,50.015,48.755,58.234,55.843,51.508,50.384,44.26,53.787,45.917,51.568,49.272,56.447,56.329,48.709,52.593,50.497,53.056,57.763
2026-03-08 00:00:00,ETC02,54.566,41.475,50.026,48.687,58.232,55.891,51.422,50.352,44.325,53.738,45.906,51.537,49.334,56.411,56.365,48.801,52.572,50.515,52.954,57.787
2026-03-08 00:30:00,ETC02,54.519,41.489,50.032,48.633,58.201,55.914,51.527,50.352,44.346,53.75,46.003,51.603,49.406,56.397,56.366,48.761,52.636,50.559,52.865,57.796
2026-03-08 01:00:00,ETC02,54.518,41.527,49.94,48.607,58.244,55.991,51.541,50.439,44.378,53.782,46.004,51.621,49.411,56.465,56.414,48.789,52.69,50.542,,57.858
2026-03-08 01:30:00,ETC02,54.524,41.509,49.976,48.593,58.225,55.885,51.523,50.389,44.245,53.683,45.965,51.615,49.466,56.391,56.428,48.74,52.754,50.54,52.969,57.702
2026-03-08 02:00:00,ETC02,54.568,41.363,49.984,48.542,58.117,55.739,51.524,50.428,44.263,53.748,45.921,51.634,49.447,56.447,56.317,48.785,52.592,50.547,52.959,57.717
2026-03-08 02:30:00,ETC02,54.539,41.479,,48.655,58.098,55.807,51.451,50.373,44.274,53.765,45.807,51.613,49.49,56.579,56.348,48.847,52.623,50.507,53.017,57.825
2026-03-08 03:00:00,ETC02,54.536,41.352,50.044,48.49,58.151,55.727,51.365,50.362,44.196,53.707,45.75,51.625,49.43,56.643,56.396,48.873,52.538,50.553,53.094,57.822
2026-03-08 03:30:00,ETC02,54.559,41.319,50.023,48.537,58.043,55.807,51.395,50.35,44.159,53.648,45.822,51.67,49.463,56.687,56.416,48.867,52.552,50.522,53.067,57.838
2026-03-08 04:00:00,ETC02,54.526,41.226,49.965,48.562,57.92,55.847,51.456,50.259,44.155,53.615,45.872,51.701,49.476,56.632,56.287,48.808,52.537,50.582,53.035,57.792
2026-03-08 04:30:00,ETC02,54.507,41.179,49.947,48.492,57.939,55.828,51.463,50.3,44.177,53.466,45.861,51.762,49.455,56.663,56.155,48.753,52.58,50.682,53.045,57.686
2026-03-08 05:00:00,ETC02,54.619,41.137,49.91,48.548,57.871,55.833,51.442,50.311,44.23,53.509,45.809,51.766,49.541,56.767,56.245,48.744,52.457,50.714,52.983,57.634
2026-03-08 05:30:00,ETC02,54.555,41.234,50.005,48.643,57.92,55.832,51.361,50.377,44.243,53.498,45.778,51.698,49.621,56.744,56.267,48.699,52.618,50.793,,57.571
2026-03-08 06:00:00,ETC02,54.532,41.155,49.932,48.557,57.926,55.83,51.429,50.385,44.298,53.493,45.731,51.66,49.612,56.766,56.211,48.673,52.63,50.841,53.018,57.674
2026-03-08 06:30:00,ETC02,54.557,41.179,49.889,48.552,57.915,55.931,51.378,50.331,44.305,53.446,45.702,51.689,49.573,56.844,56.171,48.73,52.6,50.865,53.095,57.627
2026-03-08 07:00:00,ETC02,54.598,41.222,49.939,48.518,57.917,55.871,51.327,50.302,44.296,53.443,45.659,51.668,49.55,56.845,56.175,48.775,52.539,50.872,53.049,57.552
2026-03-08 07:30:00,ETC02,54.652,41.302,49.985,48.566,57.886,55.938,51.448,50.374,44.264,53.369,45.611,51.654,49.558,56.823,56.184,48.685,52.566,50.811,53.1,57.648
2026-03-08 08:00:00,ETC02,54.746,41.392,49.906,48.717,57.92,55.973,51.393,50.352,44.298,53.381,45.591,51.604,49.511,56.79,56.224,48.757,52.606,50.819,53.165,57.76
2026-03-08 08:30:00,ETC02,54.759,41.405,49.818,48.646,57.958,56.046,51.411,50.31,44.263,53.461,45.698,51.569,49.401,56.796,56.259,48.757,52.559,50.794,53.205,57.801
2026-03-08 09:00:00,ETC02,54.821,41.373,49.731,48.651,57.976,56.02,51.359,50.239,44.318,53.399,45.759,51.573,49.391,56.836,56.343,48.777,52.533,50.746,53.279,57.761
2026-03-08 09:30:00,ETC02,54.762,41.375,49.73,48.487,57.867,56.012,51.361,50.361,44.376,53.386,45.782,51.632,49.362,56.821,56.391,48.812,52.556,50.711,53.162,57.763
2026-03-08 10:00:00,ETC02,54.698,41.329,49.622,48.371,57.798,56.002,51.26,50.392,44.303,53.281,45.722,51.527,49.278,56.892,56.397,48.753,52.628,50.797,53.127,57.801
2026-03-08 10:30:00,ETC02,54.723,41.335,49.582,48.356,57.874,56.055,51.301,50.316,44.222,53.205,45.723,51.529,49.264,56.901,56.493,48.794,52.632,50.794,53.051,57.684
2026-03-08 11:00:00,ETC02,54.71,41.339,49.564,48.209,,56.109,51.249,50.238,44.256,53.28,45.734,51.547,49.311,56.88,56.406,48.81,52.658,50.746,52.907,57.686
2026-03-08 11:30:00,ETC02,54.857,41.302,49.581,48.234,57.895,56.164,51.089,50.259,44.306,53.356,45.68,51.478,49.279,56.88,56.477,48.957,52.634,50.586,52.98,57.687
2026-03-08 12:00:00,ETC02,54.831,41.32,49.462,48.276,57.926,56.187,51.062,50.236,44.316,53.283,45.671,51.426,49.243,56.796,56.462,48.928,52.653,50.514,53.012,57.81
2026-03-08 12:30:00,ETC02,54.777,41.416,49.378,48.297,57.932,56.194,51.078,50.179,44.329,53.256,45.722,51.402,49.32,56.85,56.413,48.953,52.554,50.515,53.094,57.778
2026-03-08 13:00:00,ETC02,54.86,41.466,49.379,48.258,57.899,56.169,50.996,50.126,44.331,53.246,45.792,51.317,49.27,56.913,56.426,48.956,52.691,50.462,53.046,57.763
2026-03-08 13:30:00,ETC02,54.819,41.499,49.36,48.303,57.811,56.172,50.9,,44.297,53.205,45.786,51.187,49.275,56.98,56.376,48.9,52.71,50.519,53.045,57.639
2026-03-08 14:00:00,ETC02,54.868,41.432,49.392,48.197,57.793,56.111,50.777,50.164,44.336,53.222,45.81,51.288,49.239,56.991,56.404,48.866,52.795,50.43,52.96,57.497
2026-03-08 14:30:00,ETC02,54.899,41.438,49.432,48.339,57.829,,50.775,50.214,44.266,53.26,45.834,51.334,49.153,56.867,56.325,48.829,52.793,50.375,53.036,57.505
2026-03-08 15:00:00,ETC02,54.993,41.437,49.529,48.393,57.845,56.332,50.834,50.173,44.392,53.236,45.734,51.375,49.025,56.877,56.377,48.861,52.757,50.407,53.016,57.497
2026-03-08 15:30:00,ETC02,55.081,41.53,49.475,48.48,57.808,56.198,50.833,50.223,44.447,,45.774,51.397,48.9,56.846,56.472,48.756,52.776,50.386,53.112,57.535
2026-03-08 16:00:00,ETC02,55.091,41.582,49.459,48.483,57.845,56.096,50.896,50.197,44.513,53.144,45.748,51.421,48.899,56.798,56.392,48.757,52.761,50.483,53.055,57.476
2026-03-08 16:30:00,ETC02,55.074,41.73,49.536,48.463,57.816,56.16,50.832,50.156,44.446,53.139,45.819,51.429,48.843,56.728,56.306,48.806,52.847,50.423,52.976,57.44
2026-03-08 17:00:00,ETC02,55.06,41.704,49.587,48.504,57.775,56.169,50.734,50.111,44.525,53.246,45.844,51.564,48.819,56.806,56.35,48.877,52.774,50.466,53.009,57.492
2026-03-08 17:30:00,ETC02,55.136,41.725,49.678,48.542,57.862,56.124,,50.052,44.42,53.28,45.853,51.524,48.751,56.858,56.429,48.767,52.788,50.445,52.954,57.526
2026-03-08 18:00:00,ETC02,55.074,41.683,49.676,48.57,57.847,56.156,50.667,50.058,44.415,53.327,45.841,51.47,48.599,56.817,56.386,48.76,52.83,50.434,52.88,57.468
2026-03-08 18:30:00,ETC02,55.067,41.699,49.771,48.618,57.765,56.17,50.624,50.066,44.353,53.279,45.935,51.559,48.522,56.85,56.43,48.766,52.821,50.537,52.859,57.514
2026-03-08 19:00:00,ETC02,55.071,41.7,49.786,48.539,57.855,56.224,50.619,49.988,44.355,53.235,45.858,51.572,48.478,56.87,56.29,48.723,52.922,50.604,52.935,57.56
2026-03-08 19:30:00,ETC02,55.03,41.692,,48.574,57.746,56.262,50.641,50.058,44.346,53.147,45.837,51.516,48.532,56.827,56.388,48.703,52.905,50.624,52.98,57.397
2026-03-08 20:00:00,ETC02,55.04,41.692,49.791,48.609,57.738,56.212,50.633,50.054,44.302,53.146,45.807,51.491,48.653,56.814,56.272,48.62,52.966,50.683,52.97,
2026-03-08 20:30:00,ETC02,55.073,41.712,49.77,48.706,57.768,56.128,50.727,50.029,44.294,53.211,45.763,51.414,48.578,56.738,56.154,48.587,52.933,50.755,53.002,57.31
2026-03-08 21:00:00,ETC02,55.019,41.802,49.74,48.695,57.662,56.168,50.724,50.03,44.202,53.148,45.687,51.51,48.563,56.775,56.132,48.595,52.919,50.819,53.086,57.272
2026-03-08 21:30:00,ETC02,54.924,41.827,49.729,48.682,57.723,56.171,50.786,50.074,44.121,53.097,45.708,51.294,48.594,56.749,56.077,48.559,52.857,50.88,53.112,57.238
2026-03-08 22:00:00,ETC02,54.942,41.897,49.752,48.758,57.753,56.122,50.625,50.201,44.052,53.05,45.658,51.313,48.716,56.737,56.143,48.587,52.818,50.846,52.976,57.288
2026-03-08 22:30:00,ETC02,54.945,41.859,49.734,48.798,57.775,56.059,50.666,50.229,44.034,52.967,45.686,51.187,48.844,56.714,56.215,48.597,53.029,50.894,52.86,57.37
2026-03-08 23:00:00,ETC02,54.912,41.935,49.762,48.831,57.824,56.068,50.585,50.258,,52.987,45.638,51.175,48.854,56.694,56.27,48.511,52.995,50.879,52.904,57.417
2026-03-08 23:30:00,ETC02,54.889,41.942,49.775,48.725,57.93,56.187,50.592,50.278,44.014,53.024,45.662,51.096,48.857,56.755,56.368,48.497,53.023,50.846,52.958,57.443
2026-03-09 00:00:00,ETC02,54.818,41.947,49.767,48.789,57.974,56.253,50.63,50.328,43.947,53.074,45.505,51.121,48.995,56.754,56.477,48.651,53.008,50.847,52.972,57.431
2026-03-09 00:30:00,ETC02,54.91,41.997,49.764,48.679,57.887,56.216,50.657,50.388,43.914,53.156,45.443,51.08,48.932,56.797,56.323,48.663,53.009,50.792,52.935,57.489
2026-03-09 01:00:00,ETC02,54.914,41.994,49.638,48.623,57.902,56.248,50.637,50.473,43.865,53.135,45.418,51.122,48.93,56.826,56.248,48.728,52.998,50.837,52.908,57.43
2026-03-09 01:30:00,ETC02,54.865,42.085,49.666,48.718,57.972,56.223,50.665,50.427,43.847,53.099,45.406,51.159,48.952,56.806,56.269,48.645,52.97,50.841,52.767,57.454
2026-03-09 02:00:00,ETC02,54.779,42.177,49.578,48.776,57.997,56.19,50.57,50.357,43.849,53.135,45.349,51.169,48.966,56.747,56.229,48.715,52.982,50.888,52.762,57.492
2026-03-09 02:30:00,ETC02,54.815,42.173,49.52,,57.982,56.234,50.657,50.281,43.851,53.096,45.292,51.234,48.945,56.794,56.364,48.727,53.009,50.921,52.775,57.4
2026-03-09 03:00:00,ETC02,54.77,42.193,49.558,48.791,58.028,56.191,50.632,50.196,43.814,53.079,45.254,51.287,48.974,56.77,56.345,48.771,52.983,50.812,52.804,57.316
2026-03-09 03:30:00,ETC02,54.728,42.2,49.495,48.636,58.068,56.327,50.615,50.181,43.893,53.116,,51.309,48.956,56.856,56.416,48.745,53.084,50.896,52.844,57.309
2026-03-09 04:00:00,ETC02,54.747,42.261,49.508,48.585,58.068,56.313,50.571,50.228,43.933,53.193,45.328,,49.035,56.768,56.399,48.758,53.02,50.908,52.799,57.195
2026-03-09 04:30:00,ETC02,54.739,42.203,49.611,48.674,58.179,56.268,50.613,50.315,43.861,53.222,45.295,51.236,49.067,56.67,56.306,48.768,52.947,50.912,52.805,57.175
2026-03-09 05:00:00,ETC02,54.767,42.203,49.658,48.671,58.198,56.091,50.626,50.257,43.869,53.055,45.388,51.308,49.062,56.714,56.393,48.849,52.938,50.917,52.738,57.257
2026-03-09 05:30:00,ETC02,54.79,42.278,49.682,48.543,58.27,56.091,50.529,50.241,43.972,53.064,45.388,51.232,49.16,56.791,56.39,48.884,52.873,50.994,52.78,57.071
2026-03-02 06:00:00,CMP01,57.862,49.288,49.744,56.541,53.354,48.838,53.531,44.691,58.255,41.309,55.716,40.534,60.43,46.29,45.002,48.136,52.98,50.478,57.138,48.696
2026-03-02 06:30:00,CMP01,57.833,49.246,49.737,56.542,53.313,48.91,53.521,44.594,58.306,41.364,55.745,40.402,60.445,46.26,,48.187,53.015,50.498,57.144,48.649
2026-03-02 07:00:00,CMP01,57.865,49.259,49.793,56.604,53.402,48.835,53.488,44.608,58.319,41.437,55.807,40.369,60.451,46.323,44.867,48.18,53.028,50.58,57.198,48.645
2026-03-02 07:30:00,CMP01,57.91,49.299,49.751,56.637,,48.779,53.497,44.563,58.274,41.37,55.854,40.349,60.373,46.361,44.782,48.22,53.086,50.54,57.188,48.691
2026-03-02 08:00:00,CMP01,57.98,49.295,49.84,56.654,53.449,48.908,53.341,44.592,58.272,41.325,55.845,40.332,60.337,46.35,,48.194,,50.488,57.157,48.598
2026-03-02 08:30:00,CMP01,57.998,49.322,49.853,56.528,53.432,48.945,53.392,44.548,58.327,41.253,55.829,40.309,60.431,46.347,44.799,48.145,52.942,50.45,57.135,48.634
2026-03-02 09:00:00,CMP01,58.088,49.396,49.865,56.61,53.416,48.96,53.306,44.535,58.207,41.371,55.976,40.268,60.508,46.369,44.703,48.199,52.978,50.53,57.109,48.618
2026-03-02 09:30:00,CMP01,58.029,49.344,49.888,56.58,53.384,49.002,53.356,44.463,58.171,41.425,56.017,40.28,60.493,46.338,44.688,48.19,53.0,50.548,57.071,48.717
2026-03-02 10:00:00,CMP01,57.884,49.371,49.835,56.55,53.403,48.924,53.412,44.52,58.239,41.444,55.973,40.249,60.586,46.368,44.672,48.113,52.983,50.567,57.009,48.734
2026-03-02 10:30:00,CMP01,57.917,49.295,49.954,56.474,53.367,48.895,53.429,44.501,58.226,41.49,56.068,40.132,60.608,46.244,44.716,48.187,53.01,50.585,56.994,48.767
2026-03-02 11:00:00,CMP01,57.87,49.239,49.88,56.497,53.271,48.857,53.453,44.41,58.249,41.597,56.024,40.14,60.624,46.332,44.607,48.276,52.945,50.674,56.96,48.809
2026-03-02 11:30:00,CMP01,57.917,49.271,49.793,56.45,53.271,48.893,53.522,44.419,58.23,41.695,55.868,40.164,60.537,46.208,44.634,48.354,52.921,50.635,56.922,48.873
2026-03-02 12:00:00,CMP01,57.981,49.194,49.748,56.42,53.254,48.883,53.596,44.353,58.143,41.592,55.865,40.071,60.507,46.115,44.742,48.465,52.937,50.594,56.909,48.852
2026-03-02 12:30:00,CMP01,57.954,49.183,49.747,56.367,53.248,48.916,53.623,44.369,58.135,41.556,55.851,40.104,60.443,46.16,44.734,48.506,52.905,50.618,56.867,48.819
2026-03-02 13:00:00,CMP01,57.927,49.242,49.795,56.419,53.313,49.045,53.612,44.294,58.108,41.584,55.846,40.175,60.425,46.168,44.736,48.445,52.781,50.626,56.892,48.758
2026-03-02 13:30:00,CMP01,57.914,49.346,49.786,56.379,53.294,49.067,53.569,44.367,58.051,41.585,55.891,40.202,60.392,46.269,44.773,48.439,52.608,50.612,56.838,48.725
2026-03-02 14:00:00,CMP01,57.957,49.381,49.81,56.398,53.298,49.037,53.527,44.364,58.095,41.544,55.873,40.188,60.453,46.25,44.789,48.448,52.728,50.756,56.847,48.833
2026-03-02 14:30:00,CMP01,57.88,49.332,49.825,56.388,53.287,49.062,53.529,44.424,58.062,41.591,55.799,40.123,60.264,46.331,44.809,48.508,52.694,50.622,56.883,
2026-03-02 15:00:00,CMP01,57.815,49.331,49.908,56.275,53.279,49.13,53.502,44.46,58.101,41.535,55.787,40.227,60.235,46.335,44.862,48.567,52.604,50.705,56.836,49.009
2026-03-02 15:30:00,CMP01,57.927,49.44,49.946,56.214,53.222,49.052,53.384,44.348,58.076,41.51,55.749,40.243,60.19,,44.764,48.497,52.564,50.753,56.797,48.934
2026-03-02 16:00:00,CMP01,57.838,49.54,50.01,56.086,53.297,48.938,53.451,44.308,58.136,41.523,55.651,40.236,60.229,46.409,44.795,48.528,52.518,50.884,56.788,49.025
2026-03-02 16:30:00,CMP01,57.85,49.47,50.094,56.09,53.467,49.057,53.437,44.322,58.255,41.511,55.533,40.218,60.241,46.418,44.717,48.584,52.526,50.917,56.742,49.002
2026-03-02 17:00:00,CMP01,57.823,49.484,50.101,56.057,53.606,48.999,53.396,44.335,58.366,41.511,55.563,40.216,60.269,46.486,44.602,48.641,52.528,50.794,56.725,49.008
2026-03-02 17:30:00,CMP01,57.817,49.419,50.036,56.026,53.691,49.033,53.303,44.328,58.279,41.58,55.519,40.317,60.335,46.364,44.576,48.659,52.455,50.736,56.699,48.976
2026-03-02 18:00:00,CMP01,57.836,49.431,50.099,56.06,53.738,49.14,53.297,44.414,58.244,41.525,55.395,40.268,60.322,46.398,44.55,48.69,52.447,50.664,56.658,49.087
2026-03-02 18:30:00,CMP01,57.88,49.344,50.026,56.047,53.725,,53.253,44.331,58.219,41.59,55.406,40.158,60.292,46.303,44.526,48.614,52.49,50.722,56.714,49.204
2026-03-02 19:00:00,CMP01,57.929,49.355,49.982,56.087,53.788,49.029,53.245,44.393,58.189,41.66,55.39,40.069,60.236,46.324,44.519,48.616,52.526,50.808,56.754,49.323
2026-03-02 19:30:00,CMP01,57.942,49.432,50.054,56.153,53.799,48.97,53.25,44.45,58.104,41.66,55.413,40.125,60.268,46.467,44.535,48.588,52.656,50.832,56.793,49.318
2026-03-02 20:00:00,CMP01,57.911,49.467,50.066,56.143,53.801,48.917,53.29,44.4,58.048,41.627,55.391,40.022,60.362,46.374,44.565,48.682,52.687,50.77,56.768,49.258
2026-03-02 20:30:00,CMP01,57.977,49.481,50.086,56.198,53.818,48.9,53.267,44.46,58.065,41.641,55.336,39.902,60.345,46.423,44.449,48.735,52.675,50.869,56.709,49.271
2026-03-02 21:00:00,CMP01,58.11,49.437,50.098,56.254,53.719,48.884,53.315,44.461,58.04,41.648,55.225,39.955,60.343,46.353,44.463,48.798,52.697,50.871,56.74,49.197
2026-03-02 21:30:00,CMP01,58.109,49.468,50.077,56.194,53.738,48.761,53.347,44.44,58.022,41.57,55.257,39.987,60.295,46.378,44.547,48.763,52.693,50.854,56.739,49.154
2026-03-02 22:00:00,CMP01,58.183,49.545,49.967,56.151,53.814,48.745,53.392,44.368,57.993,41.499,55.275,40.061,60.3,46.391,44.464,48.8,52.702,50.836,56.695,49.132
2026-03-02 22:30:00,CMP01,58.137,49.553,49.867,56.112,53.818,48.709,53.444,44.338,57.918,41.446,55.322,40.021,60.329,46.464,44.489,48.783,52.738,50.848,56.72,49.136
2026-03-02 23:00:00,CMP01,58.179,49.601,49.838,56.004,53.775,48.754,53.494,44.397,57.896,41.468,55.419,40.031,,46.414,44.44,48.792,52.74,50.823,56.715,49.14
2026-03-02 23:30:00,CMP01,58.207,49.589,49.897,55.985,53.772,48.769,53.382,44.366,57.984,41.413,55.481,39.992,60.219,46.374,44.459,48.826,52.678,50.877,56.752,49.114
2026-03-03 00:00:00,CMP01,58.117,49.491,49.891,55.853,53.831,48.752,53.49,44.387,57.974,41.379,55.329,39.978,60.18,46.448,44.462,48.867,52.748,50.923,56.746,49.057
2026-03-03 00:30:00,CMP01,58.075,49.517,49.953,55.881,53.807,48.753,53.512,44.227,57.949,41.237,55.342,39.97,60.098,46.441,44.36,48.889,52.844,51.011,56.815,48.99
2026-03-03 01:00:00,CMP01,58.083,49.525,49.969,55.969,53.806,48.765,53.6,44.222,57.931,41.331,55.419,39.998,60.116,46.565,44.288,48.936,52.791,51.034,56.788,48.989
2026-03-03 01:30:00,CMP01,58.09,49.538,49.85,56.01,53.823,48.818,53.514,44.29,57.881,41.254,55.445,39.962,60.126,46.53,44.267,49.017,52.817,51.171,56.797,49.076
2026-03-03 02:00:00,CMP01,58.109,49.525,49.97,55.936,53.884,48.89,53.532,44.223,57.947,41.218,55.467,39.88,60.149,46.448,44.2,49.037,52.926,51.116,56.897,49.094
2026-03-03 02:30:00,CMP01,58.06,49.52,49.89,55.801,53.942,48.873,53.522,44.175,57.894,41.246,55.518,39.864,60.14,46.45,44.215,49.004,52.866,51.219,56.915,49.0
2026-03-03 03:00:00,CMP01,58.142,49.575,49.83,55.71,53.901,48.939,53.494,44.171,57.826,41.246,55.505,39.856,60.098,46.495,44.14,48.883,52.942,51.205,56.901,49.059
2026-03-03 03:30:00,CMP01,58.096,49.608,49.912,55.775,53.875,48.825,53.542,44.107,57.747,41.297,55.553,39.806,60.087,46.497,44.177,48.877,52.924,51.229,56.891,49.11
2026-03-03 04:00:00,CMP01,58.075,49.576,49.9,55.78,53.846,48.811,53.408,44.066,57.84,41.383,55.571,39.765,60.128,46.54,44.263,48.97,52.964,51.265,56.862,49.128
2026-03-03 04:30:00,CMP01,58.05,49.552,49.827,55.69,53.966,48.666,53.299,44.109,57.77,41.392,55.557,39.758,60.065,46.515,44.301,49.002,53.002,51.38,56.806,49.139
2026-03-03 05:00:00,CMP01,58.012,49.607,49.827,55.832,53.962,48.748,53.305,44.03,57.842,41.429,55.403,39.736,60.066,46.452,44.313,48.934,53.083,51.393,56.896,49.179
2026-03-03 05:30:00,CMP01,57.956,49.616,49.867,55.832,53.95,48.704,53.359,43.965,57.761,41.391,55.352,39.677,59.999,46.388,44.236,48.887,53.1,51.385,56.828,49.217
2026-03-03 06:00:00,CMP01,57.824,49.554,49.825,55.862,53.887,48.689,53.364,43.97,57.709,41.27,55.413,39.653,59.993,46.392,44.059,48.804,53.115,51.342,56.774,49.2
2026-03-03 06:30:00,CMP01,57.898,49.449,49.874,55.771,53.856,48.716,53.237,44.049,57.704,41.233,55.489,39.613,59.989,46.479,44.099,48.85,53.168,51.35,56.828,49.12
2026-03-03 07:00:00,CMP01,57.924,49.489,49.95,55.738,53.811,48.678,53.288,44.051,57.712,41.297,55.476,39.547,60.045,46.459,44.027,48.771,53.253,51.371,56.803,49.04
2026-03-03 07:30:00,CMP01,57.906,49.537,49.776,55.734,53.86,48.684,53.26,44.093,57.572,41.25,55.6,39.493,60.044,46.401,43.981,48.739,53.133,51.322,56.696,48.934
2026-03-03 08:00:00,CMP01,58.054,49.557,49.651,55.706,53.935,48.749,53.225,44.102,57.685,41.232,55.657,39.54,59.996,46.445,44.067,48.775,53.173,51.309,56.682,49.121
2026-03-03 08:30:00,CMP01,57.949,49.631,49.568,55.769,53.878,48.699,53.283,44.027,57.695,41.283,55.699,39.56,59.94,46.375,43.945,48.807,53.194,51.296,56.597,49.12
2026-03-03 09:00:00,CMP01,58.01,49.601,49.551,55.952,53.843,48.727,53.189,44.027,57.662,41.216,55.675,39.549,59.983,46.459,43.923,48.666,53.243,,56.606,49.104
2026-03-03 09:30:00,CMP01,57.92,49.595,49.48,55.905,53.895,48.762,53.225,44.108,57.679,41.125,55.677,39.5,59.959,46.458,43.925,48.694,53.246,51.194,56.603,49.024
2026-03-03 10:00:00,CMP01,57.886,49.648,49.502,55.85,53.925,48.8,53.278,44.152,57.725,41.184,55.827,39.55,59.894,46.343,43.956,48.676,53.25,51.168,56.581,49.049
2026-03-03 10:30:00,CMP01,57.892,49.611,49.501,55.822,53.874,48.797,53.371,44.111,57.72,41.161,55.802,39.543,59.931,46.287,43.907,48.635,53.32,51.246,56.663,49.077
2026-03-03 11:00:00,CMP01,57.906,49.676,49.427,55.859,53.928,48.815,53.432,44.115,57.702,41.184,55.785,39.546,59.933,46.24,43.918,48.607,53.237,51.222,56.677,49.185
2026-03-03 11:30:00,CMP01,57.909,49.591,49.346,55.922,53.958,48.824,53.522,44.019,57.628,41.092,55.708,39.561,59.926,46.199,43.875,48.508,53.155,51.099,56.689,49.143
2026-03-03 12:00:00,CMP01,57.87,49.644,49.375,55.849,53.98,48.747,53.555,43.964,57.583,41.169,55.835,39.521,59.948,46.257,43.955,48.571,53.199,51.069,56.774,49.209
2026-03-03 12:30:00,CMP01,57.926,49.607,49.397,55.809,53.984,48.814,53.668,44.037,57.724,41.196,55.804,39.52,59.987,46.196,43.931,48.556,53.149,51.139,56.828,49.204
2026-03-03 13:00:00,CMP01,57.936,49.627,49.457,55.85,53.983,48.84,53.773,44.054,57.722,41.248,55.786,39.424,60.006,46.218,43.943,48.604,53.173,51.068,56.836,49.271
2026-03-03 13:30:00,CMP01,57.911,49.648,49.327,55.758,54.002,48.878,53.826,44.062,57.786,41.338,55.806,39.358,59.922,46.096,43.846,48.555,53.259,50.955,56.862,49.305
2026-03-03 14:00:00,CMP01,57.938,49.741,49.333,55.795,53.956,48.948,53.849,44.027,57.798,41.454,55.893,39.305,59.87,46.133,43.798,48.608,53.281,51.006,56.855,
2026-03-03 14:30:00,CMP01,57.921,49.717,49.366,55.873,53.823,48.949,53.822,44.103,57.838,41.493,55.969,39.166,59.827,46.074,43.833,48.541,53.204,51.015,56.883,49.469
2026-03-03 15:00:00,CMP01,57.805,,49.397,55.937,,48.923,53.812,44.082,57.819,41.401,56.012,39.076,59.815,46.074,43.787,48.488,53.137,50.959,56.953,49.469
2026-03-03 15:30:00,CMP01,57.822,49.655,49.358,55.939,53.853,48.806,53.906,44.097,57.794,41.406,56.06,39.052,59.711,46.139,43.806,48.42,53.168,50.931,56.985,49.46
2026-03-03 16:00:00,CMP01,57.824,49.648,49.452,55.919,53.968,48.812,53.996,44.145,57.748,41.478,56.149,39.103,59.659,45.988,43.865,48.439,53.182,50.965,56.946,49.454
2026-03-03 16:30:00,CMP01,57.78,49.662,49.408,55.931,53.889,48.747,53.995,44.204,57.663,41.585,56.118,39.137,59.609,45.938,43.849,48.448,53.245,50.99,56.985,49.496
2026-03-03 17:00:00,CMP01,57.835,49.592,49.466,55.972,53.889,48.756,53.97,44.107,57.754,41.639,56.128,39.062,59.519,45.972,43.836,48.491,53.232,51.075,57.052,49.418
2026-03-03 17:30:00,CMP01,57.969,49.585,49.407,55.952,53.92,48.869,54.019,44.057,57.774,41.668,56.021,39.052,59.516,45.933,43.818,48.541,53.348,51.062,57.079,49.388
2026-03-03 18:00:00,CMP01,57.798,49.618,49.38,55.927,53.789,48.911,54.077,44.058,57.742,41.629,56.039,39.09,59.485,45.866,43.836,48.628,53.219,51.041,57.107,49.389
2026-03-03 18:30:00,CMP01,57.794,49.634,49.469,55.919,53.763,48.843,54.074,44.107,57.832,41.691,55.994,39.065,59.536,45.913,43.708,48.639,53.135,50.927,57.147,49.429
2026-03-03 19:00:00,CMP01,57.778,49.644,49.456,56.02,53.797,48.823,54.033,44.217,57.817,41.75,56.04,38.991,59.452,45.849,43.703,48.675,53.196,50.904,57.026,49.411
2026-03-03 19:30:00,CMP01,57.694,49.687,49.426,56.085,53.816,48.942,54.067,44.25,57.785,41.76,56.01,39.049,59.519,45.835,43.731,48.639,53.363,50.961,57.061,49.443
2026-03-03 20:00:00,CMP01,57.708,49.586,49.447,56.077,53.859,48.893,54.024,44.187,57.753,41.9,56.024,39.008,59.507,45.823,43.715,48.612,,50.987,56.959,49.459
2026-03-03 20:30:00,CMP01,57.698,49.566,49.419,56.087,53.821,48.883,54.048,44.099,57.671,41.924,56.129,39.104,59.557,45.74,43.686,48.72,53.492,51.023,56.949,49.444
2026-03-03 21:00:00,CMP01,57.68,49.554,49.361,56.122,53.857,48.86,54.053,44.011,57.649,41.863,56.174,38.974,59.594,45.708,43.653,48.767,53.482,51.004,56.946,49.473
2026-03-03 21:30:00,CMP01,57.722,49.523,49.348,56.084,53.746,48.849,54.065,43.959,57.588,41.871,56.151,38.959,59.637,45.556,43.626,48.771,53.496,50.986,56.984,49.415
2026-03-03 22:00:00,CMP01,57.738,49.599,49.307,56.052,53.721,48.86,53.953,43.918,57.594,41.936,56.126,,59.714,45.61,43.645,48.853,53.414,50.919,56.948,49.368
2026-03-03 22:30:00,CMP01,57.633,49.675,49.284,56.011,53.71,48.895,53.981,43.917,57.486,41.911,56.046,39.098,59.795,45.602,43.603,48.749,53.403,51.034,56.821,49.298
2026-03-03 23:00:00,CMP01,57.602,49.708,49.182,56.016,53.649,48.906,53.944,43.857,57.513,41.835,56.105,39.207,59.702,45.699,43.574,48.858,53.365,51.01,56.866,49.276
2026-03-03 23:30:00,CMP01,57.627,49.683,49.256,55.973,53.589,48.966,53.925,43.877,57.534,41.816,56.216,39.162,59.658,45.668,43.5,48.919,,50.932,56.801,49.212
2026-03-04 00:00:00,CMP01,57.664,49.782,49.25,55.903,53.685,48.96,53.933,43.917,57.525,41.785,56.229,39.125,59.657,45.683,43.435,48.956,53.118,51.072,56.836,49.211
2026-03-04 00:30:00,CMP01,57.662,49.778,49.275,56.009,53.751,48.976,53.986,43.924,57.501,41.746,56.198,39.117,59.655,45.631,43.412,48.957,53.217,51.165,56.879,49.263
2026-03-04 01:00:00,CMP01,57.655,49.831,49.26,56.055,53.766,48.957,54.003,43.819,57.414,41.854,56.227,39.184,59.638,45.463,43.431,48.897,53.338,51.094,56.884,49.295
2026-03-04 01:30:00,CMP01,57.72,49.856,49.318,56.004,53.82,49.024,54.016,43.803,57.424,41.805,56.184,39.182,59.548,45.555,43.525,48.844,53.293,51.058,56.849,49.324
2026-03-04 02:00:00,CMP01,57.685,49.902,49.345,56.034,53.875,49.091,53.997,43.805,57.349,41.87,56.211,39.213,59.54,45.629,43.476,48.793,53.273,51.072,56.847,49.249
2026-03-04 02:30:00,CMP01,57.625,49.828,49.334,56.084,53.883,49.107,54.019,43.795,57.352,41.949,56.241,39.139,59.579,45.569,43.515,48.829,53.224,51.036,56.95,49.285
2026-03-04 03:00:00,CMP01,57.597,49.822,49.374,56.021,53.99,49.141,54.107,43.846,57.383,42.025,56.212,39.15,,45.581,43.416,48.894,53.173,50.991,57.119,49.31
2026-03-04 03:30:00,CMP01,57.613,49.776,49.387,55.98,53.962,49.136,54.08,43.825,57.332,42.058,56.18,39.158,59.678,45.518,43.405,48.874,53.221,51.0,57.019,49.285
2026-03-04 04:00:00,CMP01,57.689,49.773,49.365,55.986,53.968,49.157,54.134,43.739,57.318,42.079,56.248,39.169,59.727,45.589,43.306,48.91,53.217,51.065,57.0,49.345
2026-03-04 04:30:00,CMP01,57.619,49.848,49.436,56.011,53.94,49.112,54.127,43.7,57.38,42.094,56.155,39.169,59.728,45.558,43.271,48.809,53.187,51.006,57.021,49.352
2026-03-04 05:00:00,CMP01,57.722,49.869,49.395,56.068,53.93,49.125,54.104,43.756,57.298,42.039,56.214,39.193,59.727,45.574,43.311,48.867,53.142,51.081,57.056,49.271
2026-03-04 05:30:00,CMP01,57.679,49.804,49.451,55.967,53.946,49.242,54.133,43.756,57.329,42.013,56.213,39.174,59.735,45.51,43.296,48.936,53.02,51.126,57.049,49.299
2026-03-04 06:00:00,CMP01,57.71,49.779,49.377,55.938,53.931,49.384,54.159,43.765,57.237,42.064,56.129,39.155,59.787,45.453,43.296,48.953,52.991,51.066,57.063,49.295
2026-03-04 06:30:00,CMP01,57.553,49.876,49.343,56.063,53.955,49.392,54.216,43.76,57.298,42.15,56.176,39.113,59.827,45.5,43.361,48.993,52.95,51.122,57.114,49.305
2026-03-04 07:00:00,CMP01,57.535,49.962,49.384,56.039,54.064,49.377,54.241,43.771,57.254,42.168,56.059,39.12,59.908,45.55,43.409,49.094,53.039,51.017,57.018,49.259
2026-03-04 07:30:00,CMP01,57.645,50.025,49.51,56.07,54.012,49.353,54.223,43.799,57.318,42.156,56.094,39.249,59.97,45.558,43.382,49.128,53.086,51.046,56.892,49.26
2026-03-04 08:00:00,CMP01,57.62,50.08,49.561,56.091,53.931,49.339,54.21,43.772,57.308,42.124,56.082,39.237,59.946,45.464,43.465,49.064,53.072,51.051,56.901,49.187
2026-03-04 08:30:00,CMP01,57.581,50.032,49.606,56.115,53.869,49.382,54.261,43.803,57.281,42.053,56.051,39.209,59.942,45.506,43.353,49.118,53.118,51.034,56.864,49.241
2026-03-04 09:00:00,CMP01,57.665,50.059,49.626,56.154,53.933,49.32,54.133,43.769,,42.089,56.016,39.157,59.978,45.386,43.332,49.17,53.0,51.076,56.884,49.1
2026-03-04 09:30:00,CMP01,57.696,49.898,49.576,56.055,54.067,49.391,54.205,43.894,57.323,,56.091,39.173,59.949,45.429,43.353,49.137,53.008,51.086,56.89,49.134
2026-03-04 10:00:00,CMP01,57.759,49.869,49.583,56.003,54.016,49.335,54.265,43.888,57.318,42.099,56.137,39.261,60.0,45.454,43.408,49.309,52.979,51.058,56.886,49.04
2026-03-04 10:30:00,CMP01,57.869,49.889,49.572,55.924,53.99,49.291,54.282,43.837,57.351,42.074,56.183,39.287,59.986,45.43,43.446,49.391,53.02,51.01,56.903,49.033
2026-03-04 11:00:00,CMP01,57.892,49.853,49.581,55.956,54.052,,54.287,43.834,57.301,42.183,56.13,39.303,60.033,45.553,43.387,49.333,53.057,51.032,56.862,49.098
2026-03-04 11:30:00,CMP01,57.899,49.86,49.54,56.098,54.088,49.357,54.231,43.87,57.371,42.212,56.152,39.29,60.055,45.524,43.48,49.386,52.989,50.936,56.938,49.081
2026-03-04 12:00:00,CMP01,57.954,49.868,49.548,56.099,54.103,49.293,54.326,43.894,57.408,42.219,56.162,39.421,59.969,45.635,43.588,49.365,53.012,50.896,56.937,49.219
2026-03-04 12:30:00,CMP01,57.909,49.878,49.543,56.093,54.262,49.288,54.159,43.889,57.39,42.287,56.198,39.45,60.101,45.607,43.496,49.292,52.975,50.962,56.992,49.303
2026-03-04 13:00:00,CMP01,57.836,49.976,49.394,56.014,54.3,49.21,54.216,43.895,57.348,42.27,56.188,39.437,60.134,45.582,43.535,49.317,52.994,50.854,57.015,49.265
2026-03-04 13:30:00,CMP01,57.819,,49.389,55.955,54.324,49.245,54.085,43.884,57.312,42.255,56.089,39.436,60.184,45.646,43.532,49.354,53.019,50.974,56.986,49.158
2026-03-04 14:00:00,CMP01,57.849,49.972,49.343,55.943,54.278,49.206,53.899,43.876,57.243,42.176,56.146,39.412,60.146,45.596,43.541,49.4,,50.899,57.006,49.199
2026-03-04 14:30:00,CMP01,57.919,50.062,49.328,55.884,54.267,49.258,53.992,43.964,57.235,42.187,56.08,39.414,60.226,45.523,43.465,49.379,53.02,50.927,57.094,49.131
2026-03-04 15:00:00,CMP01,57.915,50.008,49.218,55.837,54.309,49.34,53.971,43.925,57.285,42.138,56.183,39.466,60.169,45.557,43.475,49.308,52.944,50.872,57.124,49.238
2026-03-04 15:30:00,CMP01,57.966,49.954,49.124,55.969,54.355,49.175,53.949,43.896,57.287,42.009,56.198,39.455,60.236,45.501,43.446,49.341,52.968,50.966,57.037,49.231
2026-03-04 16:00:00,CMP01,58.045,50.081,49.192,56.069,54.402,49.168,53.91,43.899,57.225,42.067,56.238,39.399,60.168,45.539,43.527,49.311,52.924,51.008,56.975,49.232
2026-03-04 16:30:00,CMP01,58.018,50.021,49.22,56.163,54.37,49.187,54.018,43.941,57.175,42.059,56.224,39.443,60.199,45.485,43.452,49.396,52.848,50.916,56.974,49.266
2026-03-04 17:00:00,CMP01,58.046,50.035,49.249,56.251,54.432,49.181,54.04,44.032,57.169,41.971,56.168,39.45,60.086,45.48,43.381,49.415,52.885,50.932,57.012,49.301
2026-03-04 17:30:00,CMP01,58.082,49.984,49.187,56.168,54.468,49.094,54.035,43.992,57.07,42.052,56.255,39.539,60.11,45.495,43.487,49.434,52.812,50.999,56.992,49.269
2026-03-04 18:00:00,CMP01,58.048,50.066,49.251,56.226,54.434,49.064,54.137,43.963,57.076,42.071,56.202,39.489,60.06,45.622,43.509,49.454,52.878,51.045,56.971,49.275
2026-03-04 18:30:00,CMP01,58.03,50.107,49.245,56.289,54.404,49.027,54.175,44.017,57.056,42.009,56.276,39.448,60.08,45.629,43.455,49.444,52.89,51.063,56.952,49.245
2026-03-04 19:00:00,CMP01,58.003,50.156,49.302,56.324,54.427,48.943,54.131,44.02,56.957,42.106,56.316,39.357,60.023,45.527,43.459,49.434,52.974,51.021,57.037,49.231
2026-03-04 19:30:00,CMP01,57.984,50.245,49.366,56.29,54.459,48.943,54.067,43.992,56.962,42.232,56.313,39.298,60.12,45.405,43.479,49.442,52.958,50.915,57.087,49.241
2026-03-04 20:00:00,CMP01,57.935,50.183,49.308,56.244,54.577,48.942,54.06,44.05,57.023,42.284,56.198,39.34,60.081,45.425,43.521,49.418,52.92,51.01,57.032,49.248
2026-03-04 20:30:00,CMP01,57.94,50.194,49.304,56.285,54.621,48.814,53.933,44.075,57.054,42.305,56.26,39.346,60.045,45.481,43.526,,52.966,51.042,57.016,49.282
2026-03-04 21:00:00,CMP01,57.983,50.134,49.35,56.29,54.65,48.89,53.962,44.042,57.107,42.331,56.218,39.267,60.093,45.377,43.516,49.32,52.931,50.997,56.962,49.289
2026-03-04 21:30:00,CMP01,58.059,50.126,49.314,56.395,54.674,48.803,53.882,44.005,57.137,42.369,56.235,39.214,60.079,45.337,43.455,49.296,52.973,50.945,57.03,49.22
2026-03-04 22:00:00,CMP01,58.102,50.065,49.229,56.511,54.667,48.843,53.762,43.847,57.206,42.345,56.271,39.155,60.071,45.256,43.513,49.279,52.879,50.892,57.007,49.308
2026-03-04 22:30:00,CMP01,58.084,49.996,49.153,56.58,54.615,48.95,53.797,43.786,57.224,42.337,56.268,39.158,60.012,45.168,43.495,49.304,52.878,51.049,56.98,49.339
2026-03-04 23:00:00,CMP01,58.109,49.954,49.163,56.644,54.727,48.882,53.79,43.905,57.188,42.297,56.291,39.239,60.08,45.199,,49.286,52.873,51.078,56.93,49.396
2026-03-04 23:30:00,CMP01,58.067,49.926,49.218,56.68,54.698,48.802,53.786,43.732,57.201,42.289,56.217,39.144,60.115,45.074,43.627,49.309,52.902,50.982,56.931,49.313
2026-03-05 00:00:00,CMP01,58.116,49.946,49.219,56.61,54.721,48.873,53.809,43.695,57.233,42.382,56.128,39.044,60.137,45.129,43.679,49.338,52.854,50.965,56.943,49.375
2026-03-05 00:30:00,CMP01,58.211,50.017,49.199,56.575,54.767,48.947,53.742,43.659,57.213,42.295,56.093,39.026,60.304,45.146,43.696,49.42,52.751,50.94,56.948,49.315
2026-03-05 01:00:00,CMP01,58.36,49.985,49.212,56.572,54.874,48.938,53.843,43.566,57.291,42.381,56.034,38.948,60.302,45.121,43.665,49.398,52.722,50.885,56.943,49.226
2026-03-05 01:30:00,CMP01,58.335,49.859,49.25,56.493,54.845,48.813,53.871,43.665,57.258,42.385,56.054,38.962,60.232,45.096,43.569,49.424,52.732,50.812,57.003,49.287
2026-03-05 02:00:00,CMP01,58.345,49.838,49.201,56.589,54.854,48.786,53.868,43.613,57.27,42.355,56.038,38.995,60.256,45.157,43.501,49.346,52.661,50.742,57.087,49.332
2026-03-05 02:30:00,CMP01,,49.87,49.199,56.624,54.81,48.868,53.956,43.603,57.233,42.352,56.106,39.025,60.251,45.214,43.502,49.358,52.761,50.742,57.031,49.439
2026-03-05 03:00:00,CMP01,58.353,49.918,49.15,56.543,54.856,48.801,54.075,43.636,57.309,42.499,56.147,39.017,60.253,45.214,43.406,49.368,52.725,50.8,57.087,49.414
2026-03-05 03:30:00,CMP01,58.427,49.862,49.047,56.53,54.806,48.846,54.076,43.529,57.277,42.573,56.192,39.104,60.264,45.252,43.522,49.321,52.719,50.912,57.097,49.307
2026-03-05 04:00:00,CMP01,58.462,49.765,49.072,56.613,54.818,48.838,54.065,43.616,57.314,42.663,56.107,39.193,60.345,45.22,43.513,49.362,52.738,50.961,57.003,49.278
2026-03-05 04:30:00,CMP01,58.539,49.841,49.02,56.607,54.845,48.779,54.091,43.625,57.281,42.599,56.211,39.164,60.407,45.095,43.506,49.365,,50.921,57.063,49.355
2026-03-05 05:00:00,CMP01,58.645,49.954,49.017,56.56,54.876,48.828,54.185,43.564,57.304,42.647,56.152,39.098,60.346,45.116,43.602,49.392,52.722,50.933,57.073,49.325
2026-03-05 05:30:00,CMP01,58.488,49.931,49.058,56.593,54.895,48.763,54.137,43.629,57.293,42.652,56.082,39.138,60.213,45.09,43.598,49.321,52.709,50.966,,49.326
2026-03-05 06:00:00,CMP01,58.478,49.929,49.066,56.634,54.937,48.832,54.091,43.715,57.306,42.607,56.065,39.133,60.131,45.02,43.562,49.423,52.663,50.984,57.186,49.337
2026-03-05 06:30:00,CMP01,58.493,49.939,48.985,56.634,54.896,48.731,54.048,43.697,57.388,42.685,55.99,39.067,60.125,45.067,43.611,49.524,52.624,50.922,57.304,49.372
2026-03-05 07:00:00,CMP01,58.468,49.858,48.812,56.691,55.071,48.652,54.006,43.767,57.405,42.777,56.031,39.112,60.076,45.01,43.495,49.373,52.573,50.885,57.225,49.181
2026-03-05 07:30:00,CMP01,58.356,49.842,48.827,56.697,55.011,48.593,54.005,43.758,57.425,42.815,55.984,39.065,60.089,45.016,43.563,49.436,52.508,50.879,57.159,49.124
2026-03-05 08:00:00,CMP01,58.321,49.865,48.864,56.708,54.988,48.625,54.037,43.771,57.336,42.796,55.988,39.055,60.014,44.998,43.568,49.448,52.574,50.75,57.221,49.111
2026-03-05 08:30:00,CMP01,58.285,49.908,48.938,56.708,55.045,48.677,54.003,43.863,57.203,42.835,55.993,39.073,59.962,45.047,43.7,49.512,52.644,50.79,57.256,49.113
2026-03-05 09:00:00,CMP01,58.317,49.948,49.053,56.735,55.018,48.616,54.053,43.808,57.269,42.745,56.076,39.083,59.894,45.012,43.739,49.444,52.73,50.8,57.226,49.084
2026-03-05 09:30:00,CMP01,58.306,50.016,49.056,56.771,55.006,48.714,54.133,43.897,57.201,42.732,56.045,39.1,59.912,44.923,43.699,49.435,52.678,50.76,57.207,49.097
2026-03-05 10:00:00,CMP01,58.257,49.899,49.07,56.786,55.108,48.711,54.152,43.904,57.282,42.68,55.937,39.149,59.971,44.83,43.769,49.429,52.642,50.775,57.251,49.083
2026-03-05 10:30:00,CMP01,58.267,49.996,49.001,56.738,55.173,48.702,54.137,43.882,57.194,42.745,55.927,39.104,59.904,44.901,43.779,49.355,52.648,50.845,57.303,49.023
2026-03-05 11:00:00,CMP01,,49.949,48.92,56.835,55.12,48.737,54.147,43.886,57.287,42.763,55.994,39.024,59.98,44.92,43.792,49.427,52.598,50.819,57.273,49.103
2026-03-05 11:30:00,CMP01,58.196,50.01,49.004,56.885,55.161,48.734,54.177,43.867,,42.923,55.934,38.975,60.029,44.955,43.859,49.411,52.556,50.853,57.342,49.114
2026-03-05 12:00:00,CMP01,58.233,50.042,48.971,56.878,55.146,48.787,54.126,43.795,57.276,42.931,55.883,39.004,59.971,44.974,43.76,49.462,52.419,50.909,57.305,49.024
2026-03-05 12:30:00,CMP01,58.231,50.01,48.991,56.838,55.085,48.87,54.144,43.86,,42.909,55.908,39.001,59.965,45.027,43.797,49.548,52.527,50.991,57.327,49.1
2026-03-05 13:00:00,CMP01,58.299,50.011,48.941,56.91,55.184,48.876,54.199,43.867,57.196,42.834,55.884,38.96,59.946,44.971,43.78,49.553,52.545,51.09,57.402,49.108
2026-03-05 13:30:00,CMP01,58.35,50.103,49.03,56.988,55.211,48.867,54.255,43.79,57.232,42.804,55.974,38.967,60.062,44.887,43.789,49.614,52.488,51.168,57.297,49.129
2026-03-05 14:00:00,CMP01,58.344,50.113,49.1,57.07,55.218,48.876,54.277,43.914,57.184,42.792,56.007,38.967,60.111,44.8,43.816,49.585,52.515,51.188,57.128,49.098
2026-03-05 14:30:00,CMP01,58.34,50.197,49.086,57.009,55.178,48.732,54.256,44.02,57.152,42.874,56.035,39.021,60.075,44.821,43.786,49.589,52.538,51.143,57.215,48.983
2026-03-05 15:00:00,CMP01,58.326,50.108,49.104,57.021,55.137,48.729,54.277,43.969,57.172,42.799,56.11,38.987,60.022,44.826,43.745,49.538,52.465,51.13,57.137,48.995
2026-03-05 15:30:00,CMP01,58.465,50.081,49.144,57.011,55.11,48.768,54.312,43.925,57.123,42.764,56.131,39.078,60.13,44.763,,49.623,52.44,51.168,57.074,49.019
2026-03-05 16:00:00,CMP01,58.516,50.108,49.11,57.099,55.148,48.758,54.308,43.894,57.207,42.825,56.118,39.0,60.153,44.848,43.851,49.682,52.485,51.164,57.118,49.025
2026-03-05 16:30:00,CMP01,58.57,50.08,49.189,57.127,55.119,48.675,54.266,43.91,57.232,42.72,56.106,39.063,60.044,44.813,43.83,49.773,52.496,51.243,57.115,48.9
2026-03-05 17:00:00,CMP01,58.488,50.075,49.177,57.157,55.094,48.634,54.352,43.972,57.206,42.684,56.027,39.035,60.01,44.828,43.861,49.891,52.531,51.174,57.092,48.877
2026-03-05 17:30:00,CMP01,58.544,50.236,49.128,57.045,55.073,48.661,54.343,43.923,57.233,42.764,56.0,39.074,60.041,44.902,43.786,49.816,52.587,51.121,57.134,48.842
2026-03-05 18:00:00,CMP01,58.644,50.221,49.214,57.044,55.172,48.661,54.381,43.863,57.234,42.891,56.01,39.134,60.174,44.994,43.762,49.802,52.59,51.091,57.205,48.816
2026-03-05 18:30:00,CMP01,58.675,50.242,49.188,57.084,55.125,48.71,54.399,43.904,57.192,42.861,56.002,39.122,60.277,44.956,43.78,49.861,52.576,51.194,57.284,48.834
2026-03-05 19:00:00,CMP01,58.577,50.313,49.015,57.111,55.03,48.655,54.496,43.816,57.232,42.88,56.039,39.061,60.3,45.017,43.768,49.89,52.556,51.111,57.282,48.841
2026-03-05 19:30:00,CMP01,58.571,50.238,48.95,57.039,55.113,48.578,54.515,43.819,57.268,42.781,56.063,39.0,60.298,45.036,43.669,49.873,52.52,51.168,57.358,48.836
2026-03-05 20:00:00,CMP01,58.582,50.219,48.892,56.97,55.142,48.557,54.63,43.777,57.27,42.724,56.082,39.098,60.299,44.999,43.592,49.877,52.558,51.142,57.403,48.861
2026-03-05 20:30:00,CMP01,58.587,50.251,49.007,56.998,55.092,48.568,54.659,43.826,57.386,42.661,56.145,39.141,60.288,44.968,43.576,49.877,52.529,51.024,57.375,48.748
2026-03-05 21:00:00,CMP01,58.696,50.264,48.994,57.008,55.102,48.522,54.689,43.641,57.462,42.695,56.138,39.104,60.273,45.033,43.606,49.826,52.511,51.019,57.32,48.718
2026-03-05 21:30:00,CMP01,58.803,50.22,49.01,57.07,55.12,48.481,54.707,43.755,57.452,42.59,56.153,39.06,60.216,44.944,43.633,49.908,52.465,50.954,57.355,48.712
2026-03-05 22:00:00,CMP01,58.664,50.187,48.885,57.116,55.095,48.42,54.721,43.76,57.433,42.562,56.228,39.121,60.206,44.987,43.591,49.907,52.556,,57.296,48.738
2026-03-05 22:30:00,CMP01,58.643,50.149,48.825,57.023,55.099,48.312,54.685,43.818,57.419,42.7,56.206,39.037,60.171,44.976,43.532,49.873,52.596,50.977,57.294,48.751
2026-03-05 23:00:00,CMP01,58.677,50.11,48.889,56.96,55.097,48.427,54.677,43.861,57.368,42.678,56.33,39.058,60.179,45.037,43.589,49.848,52.605,50.942,57.202,48.577
2026-03-05 23:30:00,CMP01,58.64,50.079,48.86,56.902,55.06,48.385,54.671,43.809,57.415,42.673,56.352,39.18,60.113,45.012,43.715,49.867,52.656,50.874,57.131,48.542
2026-03-06 00:00:00,CMP01,58.729,50.139,48.892,57.003,55.103,48.313,54.64,43.762,57.429,42.616,56.447,39.171,60.203,45.012,43.684,49.758,52.697,51.008,57.106,48.534
2026-03-06 00:30:00,CMP01,58.838,50.104,48.887,57.001,55.09,48.335,54.708,43.768,57.396,42.634,56.432,39.141,60.12,45.021,43.77,49.846,52.839,50.962,57.075,48.51
2026-03-06 01:00:00,CMP01,58.837,50.054,48.821,57.01,55.085,48.378,54.701,43.729,57.316,42.675,56.32,39.132,60.104,44.994,43.757,49.811,52.863,50.896,57.257,48.526
2026-03-06 01:30:00,CMP01,58.876,50.073,48.877,56.972,55.054,48.282,54.658,43.796,57.277,,56.505,39.102,60.23,44.99,43.726,49.95,52.836,50.965,57.247,48.44
2026-03-06 02:00:00,CMP01,58.687,50.13,48.904,56.9,55.074,48.345,54.66,43.767,57.387,42.683,56.577,39.148,60.27,45.043,43.679,50.077,52.827,50.929,57.316,48.473
2026-03-06 02:30:00,CMP01,58.691,50.191,48.925,57.024,55.073,48.279,54.628,43.753,57.28,42.663,56.528,39.112,60.209,45.146,43.724,50.062,52.73,50.946,57.351,48.404
2026-03-06 03:00:00,CMP01,58.77,50.2,48.878,57.037,55.032,48.288,54.547,43.874,57.221,42.584,56.518,39.114,60.131,45.185,43.712,50.04,52.808,50.97,57.358,48.464
2026-03-06 03:30:00,CMP01,58.855,50.177,48.829,57.026,55.081,48.405,54.52,43.889,57.216,42.604,56.523,39.164,60.161,45.151,,50.016,52.834,51.071,57.336,48.389
2026-03-06 04:00:00,CMP01,58.777,50.156,48.794,56.977,55.109,48.408,54.409,43.881,57.258,42.616,56.479,39.199,60.165,45.148,43.749,50.153,52.895,51.068,57.35,48.326
2026-03-06 04:30:00,CMP01,58.761,50.157,48.806,56.964,55.124,48.36,54.403,43.848,57.278,42.638,56.486,39.212,60.268,45.097,43.739,50.104,52.894,51.035,57.39,48.266
2026-03-06 05:00:00,CMP01,58.698,50.268,48.856,56.973,55.102,48.402,54.345,43.811,57.175,42.576,56.487,39.253,60.316,45.074,43.752,50.095,52.91,51.119,57.376,48.314
2026-03-06 05:30:00,CMP01,58.744,50.277,48.892,56.964,55.052,48.488,54.294,43.855,57.195,42.562,56.474,39.189,60.345,45.098,43.689,50.051,52.84,51.072,57.336,48.374
2026-03-06 06:00:00,CMP01,58.801,50.293,48.805,56.934,55.049,48.535,54.335,43.883,57.136,42.469,56.468,39.123,60.403,45.139,43.666,49.911,52.845,51.141,,48.343
2026-03-06 06:30:00,CMP01,58.794,50.312,48.851,56.857,55.077,48.503,54.407,43.89,57.254,42.523,56.503,39.197,60.24,45.152,43.622,49.89,52.806,51.129,57.282,48.352
2026-03-06 07:00:00,CMP01,58.809,50.373,48.823,56.897,55.176,48.613,54.471,44.056,57.313,42.518,56.481,39.171,60.193,45.152,43.52,50.021,52.826,51.174,57.293,48.384
2026-03-06 07:30:00,CMP01,58.897,50.389,48.844,56.839,55.105,48.639,54.395,44.094,57.365,42.535,56.559,39.198,60.187,45.15,43.543,50.038,52.815,51.229,57.159,48.377
2026-03-06 08:00:00,CMP01,58.809,50.33,48.744,56.888,54.968,48.636,54.362,44.217,57.275,42.542,56.64,39.209,60.269,45.097,,50.112,52.921,51.228,57.068,48.345
2026-03-06 08:30:00,CMP01,58.813,50.354,48.818,56.873,54.891,48.631,54.4,44.194,57.287,42.526,56.588,39.256,60.344,45.06,43.559,50.031,52.951,51.335,56.958,48.418
2026-03-06 09:00:00,CMP01,58.834,50.329,48.802,56.888,54.997,48.661,54.326,44.27,57.27,42.548,56.551,39.183,60.254,45.134,43.505,49.902,53.008,51.419,56.958,48.488
2026-03-06 09:30:00,CMP01,58.772,50.315,48.728,56.934,54.92,48.814,54.28,44.298,57.266,42.512,56.488,39.21,60.251,45.233,43.571,49.885,52.998,51.391,56.975,48.586
2026-03-06 10:00:00,CMP01,58.764,50.309,48.78,56.841,54.932,48.842,54.245,44.259,57.246,42.473,56.42,39.234,60.114,45.263,43.621,49.847,52.988,51.379,56.917,48.647
2026-03-06 10:30:00,CMP01,58.83,,48.776,56.84,54.952,48.879,54.274,44.186,57.332,42.578,56.459,39.159,60.043,45.317,43.613,49.791,52.957,51.36,56.945,
2026-03-06 11:00:00,CMP01,58.865,50.138,48.773,56.838,54.986,48.841,54.199,44.129,57.377,42.566,56.542,39.042,59.968,45.338,43.621,49.771,52.914,51.226,56.904,48.599
2026-03-06 11:30:00,CMP01,58.951,50.08,48.742,56.848,54.954,48.869,54.227,44.218,57.495,42.531,56.497,39.035,59.921,45.352,43.618,49.878,52.826,51.226,56.942,48.611
2026-03-06 12:00:00,CMP01,58.959,50.04,48.691,56.923,54.857,48.832,54.329,44.187,57.406,42.541,56.486,38.96,59.908,45.419,43.519,49.85,52.789,51.3,56.862,48.61
2026-03-06 12:30:00,CMP01,58.994,50.155,48.671,56.963,54.876,48.883,54.32,44.114,57.399,42.536,56.425,38.953,59.993,45.385,43.606,49.835,52.861,51.324,56.944,48.625
2026-03-06 13:00:00,CMP01,58.909,50.167,48.665,57.032,54.866,48.911,54.253,44.155,57.449,42.473,56.458,38.988,60.087,45.465,43.509,49.978,52.87,51.388,57.0,48.69
2026-03-06 13:30:00,CMP01,58.986,50.115,48.605,57.038,54.888,48.984,54.31,44.189,57.306,42.381,56.522,39.138,60.064,45.531,43.447,50.044,52.84,51.378,57.048,48.574
2026-03-06 14:00:00,CMP01,58.881,50.225,48.579,57.062,54.918,48.955,54.242,44.245,57.336,42.413,56.447,39.207,60.026,45.503,43.435,49.999,52.78,51.431,57.058,48.536
2026-03-06 14:30:00,CMP01,58.948,50.286,48.687,57.068,54.955,48.839,54.282,44.319,57.341,42.508,56.46,39.224,59.998,45.415,43.461,49.996,52.77,51.44,56.997,48.53
2026-03-06 15:00:00,CMP01,58.892,50.291,48.713,56.978,54.971,48.854,54.372,44.162,57.311,42.641,56.442,39.311,59.957,45.437,43.421,49.958,52.801,51.419,56.962,48.424
2026-03-06 15:30:00,CMP01,58.867,50.348,48.726,56.876,54.92,48.901,54.347,44.105,57.254,42.568,56.42,39.3,60.04,45.462,43.409,50.041,52.762,51.361,57.036,48.409
2026-03-06 16:00:00,CMP01,58.912,50.34,48.704,56.794,54.927,48.877,54.274,43.973,57.174,42.56,56.35,39.338,60.108,45.29,43.354,50.003,52.783,51.309,57.048,48.423
2026-03-06 16:30:00,CMP01,58.827,50.267,48.71,56.738,55.002,49.002,54.248,44.008,57.193,42.626,56.368,39.343,60.153,45.234,43.367,49.925,52.824,51.231,56.924,48.309
2026-03-06 17:00:00,CMP01,58.923,50.243,48.731,56.793,55.003,48.946,54.28,43.993,57.114,42.63,56.45,39.317,60.112,45.205,43.296,49.862,52.867,51.194,56.849,48.408
2026-03-06 17:30:00,CMP01,58.894,50.348,48.754,56.798,54.943,48.89,54.334,44.107,57.105,42.575,56.489,39.257,60.083,45.225,43.329,49.922,52.825,51.094,56.873,48.414
2026-03-06 18:00:00,CMP01,58.882,50.353,48.734,56.848,54.906,48.883,54.274,44.081,57.083,42.593,56.485,39.233,59.95,45.23,43.336,49.845,52.89,51.069,56.806,48.441
2026-03-06 18:30:00,CMP01,59.031,50.374,48.787,56.892,54.897,48.824,54.261,44.085,57.157,42.561,56.512,39.303,60.006,45.275,43.294,49.815,52.825,51.003,56.786,48.417
2026-03-06 19:00:00,CMP01,59.105,50.337,48.82,56.924,54.864,49.001,54.302,44.103,57.099,42.511,56.476,39.262,59.947,45.288,43.226,49.748,52.886,51.087,56.773,48.316
2026-03-06 19:30:00,CMP01,58.983,50.236,,56.946,54.919,48.966,54.332,44.079,57.035,42.537,56.493,39.162,59.868,,43.347,49.791,52.916,51.229,56.687,48.333
2026-03-06 20:00:00,CMP01,58.963,50.206,48.876,56.912,54.903,48.926,54.271,44.01,57.121,42.591,56.382,39.24,59.74,45.281,43.281,49.803,52.938,51.282,56.693,48.396
2026-03-06 20:30:00,CMP01,58.912,50.197,48.798,57.007,54.962,48.958,54.17,43.919,57.116,42.565,56.367,39.291,59.643,45.293,43.183,49.829,52.976,51.3,56.711,48.293
2026-03-06 21:00:00,CMP01,58.946,50.224,48.789,56.964,55.045,48.792,54.335,43.932,57.169,42.551,56.371,39.374,59.671,45.291,43.223,49.847,52.953,51.378,56.803,48.217
2026-03-06 21:30:00,CMP01,58.947,50.298,48.868,56.865,55.072,48.81,54.214,43.961,57.242,42.458,56.424,39.381,59.741,45.261,43.244,49.84,52.956,51.447,56.906,48.317
2026-03-06 22:00:00,CMP01,58.884,50.378,48.9,56.802,55.034,48.824,54.324,43.899,57.166,42.474,56.275,39.385,59.689,45.212,43.138,49.907,52.93,51.38,56.885,48.372
2026-03-06 22:30:00,CMP01,58.897,50.357,48.861,56.77,55.054,48.799,54.322,44.016,57.069,42.515,56.281,39.303,59.716,45.188,43.191,49.951,52.935,51.406,56.897,48.344
2026-03-06 23:00:00,CMP01,58.883,50.394,48.755,56.751,55.084,48.86,54.293,44.029,57.112,42.575,56.22,39.333,59.693,45.209,43.072,49.959,52.88,51.416,56.86,48.332
2026-03-06 23:30:00,CMP01,58.948,50.449,48.667,56.781,55.046,48.846,54.388,44.004,57.081,42.542,56.189,39.42,59.764,45.266,43.059,49.938,52.777,51.483,56.823,48.327
2026-03-07 00:00:00,CMP01,58.975,50.43,48.693,56.769,55.038,48.866,54.358,43.997,57.085,42.512,56.211,39.486,59.712,45.324,43.123,49.882,52.86,51.544,56.902,48.327
2026-03-07 00:30:00,CMP01,59.1,50.392,48.708,56.76,55.025,48.847,54.32,44.105,57.041,42.554,56.157,39.556,59.781,45.38,43.158,49.858,52.752,51.463,56.889,48.37
2026-03-07 01:00:00,CMP01,59.211,50.468,48.693,56.733,55.021,48.843,54.373,44.242,57.093,42.489,56.032,39.523,59.835,,43.158,49.828,52.781,51.461,56.9,48.339
2026-03-07 01:30:00,CMP01,59.332,50.502,48.758,56.59,54.962,48.854,54.362,44.205,57.1,42.51,56.072,39.527,59.724,45.332,43.137,49.846,52.778,51.399,56.876,48.319
2026-03-07 02:00:00,CMP01,59.328,50.652,48.73,56.61,54.906,48.897,54.442,44.187,57.104,42.582,56.088,39.549,59.777,45.346,43.229,49.805,52.697,51.433,56.918,48.28
2026-03-07 02:30:00,CMP01,59.467,50.68,48.746,56.582,54.88,48.773,54.446,44.232,57.069,42.55,56.067,39.544,59.731,45.387,43.288,49.78,52.613,51.352,56.988,48.265
2026-03-07 03:00:00,CMP01,59.456,50.708,48.713,56.546,54.834,48.795,54.483,44.065,57.053,42.605,56.14,39.553,59.753,45.435,43.285,49.748,52.495,51.399,56.973,48.353
2026-03-07 03:30:00,CMP01,59.569,50.683,48.674,56.569,54.822,48.697,54.407,44.082,57.197,42.71,56.248,39.509,59.772,45.444,43.301,49.765,52.599,51.513,,48.34
2026-03-07 04:00:00,CMP01,59.574,50.659,48.619,56.636,54.751,48.769,54.386,44.015,57.165,42.626,56.279,39.524,59.801,45.444,43.213,49.869,52.613,51.463,57.031,48.445
2026-03-07 04:30:00,CMP01,59.582,50.732,48.588,56.614,54.825,48.641,54.341,44.032,57.195,42.544,56.339,39.543,59.775,45.438,43.182,49.94,52.648,51.516,57.016,48.457
2026-03-07 05:00:00,CMP01,59.552,50.691,48.595,56.629,54.834,48.706,54.377,44.027,57.247,42.478,56.361,39.561,59.769,45.565,43.09,49.91,52.684,51.541,57.036,48.514
2026-03-07 05:30:00,CMP01,59.53,50.714,48.601,56.663,54.807,,54.334,44.119,57.284,42.51,56.31,39.538,59.863,45.578,43.033,49.888,52.711,51.531,57.081,48.415
2026-03-07 06:00:00,CMP01,59.467,50.773,48.617,56.536,54.793,48.642,54.388,44.127,57.269,42.454,56.387,39.532,59.933,45.554,43.006,49.906,52.658,51.488,57.12,48.455
2026-03-07 06:30:00,CMP01,59.441,50.642,48.606,56.506,54.867,48.726,54.439,44.066,57.297,42.457,56.53,39.358,59.986,45.663,42.971,49.679,52.645,51.409,57.168,48.291
2026-03-07 07:00:00,CMP01,59.353,50.639,48.563,56.488,54.791,48.686,54.407,44.055,57.291,42.481,56.621,39.423,59.991,45.596,42.881,49.672,52.698,51.455,57.253,48.268
2026-03-07 07:30:00,CMP01,59.49,50.643,48.679,56.462,54.864,48.747,54.456,44.029,57.3,42.383,56.574,39.32,60.044,45.647,42.863,49.677,52.603,51.488,57.257,48.378
2026-03-07 08:00:00,CMP01,59.515,50.639,48.629,56.443,54.854,48.663,54.477,43.92,57.334,42.44,56.485,39.353,60.022,45.646,42.912,49.692,52.575,51.47,57.236,48.379
2026-03-07 08:30:00,CMP01,59.597,50.654,48.605,56.503,54.878,48.631,54.473,43.847,57.295,42.437,56.511,39.417,60.115,45.669,42.909,49.663,52.562,51.467,57.303,48.416
2026-03-07 09:00:00,CMP01,59.637,50.619,48.602,56.583,54.801,48.705,54.422,43.847,57.348,42.347,56.587,39.439,60.09,45.639,42.933,49.723,52.602,51.423,57.336,48.38
2026-03-07 09:30:00,CMP01,59.569,50.577,48.538,56.69,54.78,48.677,54.484,43.874,57.404,42.259,56.631,39.473,60.148,45.626,43.017,49.661,52.707,51.476,57.319,48.468
2026-03-07 10:00:00,CMP01,59.658,50.715,48.499,56.635,54.73,48.725,54.45,43.88,57.417,42.166,56.611,39.512,60.089,45.648,43.118,49.676,52.639,51.51,57.27,48.376
2026-03-07 10:30:00,CMP01,59.655,50.646,48.533,56.631,54.737,48.759,54.359,43.91,57.438,42.209,56.554,39.45,60.22,45.745,43.156,49.719,52.63,51.543,57.273,48.479
2026-03-07 11:00:00,CMP01,59.714,50.602,48.514,,54.722,48.863,54.243,43.971,57.387,42.214,56.546,39.447,60.234,45.668,43.261,49.724,52.53,51.689,57.149,48.547
2026-03-07 11:30:00,CMP01,59.811,50.595,48.529,56.714,54.751,48.767,54.218,43.949,57.401,42.237,56.492,39.48,60.293,45.753,43.137,49.819,52.603,51.656,57.172,48.54
2026-03-07 12:00:00,CMP01,59.74,50.578,48.563,56.778,54.765,48.716,54.171,43.937,57.431,42.189,56.407,39.472,60.411,45.777,43.21,49.932,52.609,51.642,57.096,48.53
2026-03-07 12:30:00,CMP01,59.71,50.528,48.61,56.8,54.733,48.694,54.16,44.018,57.403,42.124,56.486,39.489,60.498,45.721,43.173,49.838,52.651,51.574,57.145,48.581
2026-03-07 13:00:00,CMP01,59.746,50.545,48.72,56.895,54.65,48.723,54.232,44.04,57.386,42.177,56.537,39.48,60.503,45.649,43.186,49.963,52.691,51.572,57.136,48.543
2026-03-07 13:30:00,CMP01,59.697,50.565,,56.911,54.514,48.786,54.243,44.078,,42.18,56.436,39.465,60.49,45.608,43.066,49.879,52.64,51.521,57.21,48.602
2026-03-07 14:00:00,CMP01,59.644,50.516,48.663,56.792,54.557,48.829,54.225,44.025,57.518,42.153,56.474,39.375,60.437,45.621,43.091,49.825,52.692,51.439,57.183,48.487
2026-03-07 14:30:00,CMP01,59.58,50.474,48.566,56.839,54.574,48.87,54.223,44.014,57.549,42.151,56.429,39.347,60.451,45.57,43.105,49.77,52.711,51.443,57.198,48.631
2026-03-07 15:00:00,CMP01,59.553,50.397,48.536,56.776,54.445,48.882,54.267,44.033,57.525,42.107,56.425,39.412,60.499,45.572,43.07,49.862,52.697,51.47,57.109,48.613
2026-03-07 15:30:00,CMP01,59.671,50.286,48.481,56.776,54.466,48.927,54.236,44.003,57.539,42.188,56.338,39.424,60.558,45.517,43.159,49.918,52.687,51.457,57.24,48.602
2026-03-07 16:00:00,CMP01,59.635,50.271,48.504,56.831,54.537,49.009,54.226,44.001,57.498,42.171,56.39,39.514,60.557,45.439,43.232,49.846,52.664,51.528,57.358,48.652
2026-03-07 16:30:00,CMP01,59.584,50.319,48.473,56.919,54.627,48.962,54.258,43.935,57.454,42.173,56.394,39.595,60.545,45.464,43.291,49.742,52.647,51.535,57.294,48.623
2026-03-07 17:00:00,CMP01,59.575,50.327,48.386,56.907,54.656,48.94,54.244,43.927,57.463,42.159,56.383,39.604,60.53,45.491,43.311,49.686,52.596,51.559,57.382,48.509
2026-03-07 17:30:00,CMP01,59.527,50.353,48.378,56.936,54.626,49.046,54.222,43.954,57.441,42.168,56.447,39.611,60.576,45.574,43.234,49.574,52.651,51.53,57.398,48.533
2026-03-07 18:00:00,CMP01,59.548,50.445,48.448,56.896,54.658,49.071,54.168,43.958,57.364,42.157,56.536,39.641,60.667,45.53,43.179,49.582,52.643,51.514,57.439,48.52
2026-03-07 18:30:00,CMP01,59.578,50.374,48.391,56.868,54.748,49.121,54.068,44.006,57.283,42.179,56.509,39.635,60.714,45.579,43.212,49.554,52.693,51.52,57.472,48.514
2026-03-07 19:00:00,CMP01,59.569,50.35,48.293,56.919,54.788,49.06,54.083,44.008,57.256,42.101,56.564,39.675,60.762,45.627,43.208,49.489,52.711,51.556,57.474,48.555
2026-03-07 19:30:00,CMP01,59.595,50.301,48.289,56.947,54.852,49.052,54.054,44.079,57.236,42.02,56.636,39.576,60.803,45.595,43.273,49.577,52.551,51.589,57.474,48.57
2026-03-07 20:00:00,CMP01,59.618,50.318,48.334,56.975,54.903,49.022,54.026,44.024,57.272,42.04,56.632,39.615,60.775,45.495,43.306,49.562,52.532,51.549,57.54,48.663
2026-03-07 20:30:00,CMP01,59.53,50.28,48.412,57.02,54.836,48.87,54.027,44.012,57.388,42.055,56.658,39.524,60.792,45.42,43.167,49.647,52.502,51.641,57.592,48.703
2026-03-07 21:00:00,CMP01,59.487,50.22,48.366,,54.865,48.905,54.083,44.106,57.531,42.048,56.589,39.596,60.842,45.525,43.201,49.732,52.589,51.603,57.65,48.751
2026-03-07 21:30:00,CMP01,59.493,50.285,48.333,57.042,54.774,48.851,54.111,44.129,57.542,42.119,56.622,39.631,60.883,45.588,43.296,49.753,52.562,51.523,57.67,48.69
2026-03-07 22:00:00,CMP01,59.535,50.203,48.283,57.108,54.734,48.85,54.084,44.142,57.586,42.104,56.621,39.569,60.892,45.565,43.322,49.717,52.56,51.434,57.654,48.651
2026-03-07 22:30:00,CMP01,59.451,50.268,48.334,57.064,54.756,48.782,54.122,44.162,57.547,42.172,56.692,,60.865,45.503,,49.733,52.68,51.384,57.753,48.597
2026-03-07 23:00:00,CMP01,59.478,50.257,48.297,,54.748,48.752,54.023,44.181,57.48,42.205,56.746,39.609,60.943,45.511,43.361,49.846,52.633,51.345,57.819,48.597
2026-03-07 23:30:00,CMP01,59.391,50.266,48.28,56.963,54.686,48.707,54.071,44.086,57.556,42.222,56.697,39.485,60.962,45.523,43.304,49.786,52.663,51.341,57.838,48.509
2026-03-08 00:00:00,CMP01,59.361,50.31,48.202,56.94,54.67,48.699,54.135,43.996,57.514,42.241,56.588,39.501,60.998,45.46,43.358,49.805,52.701,51.315,57.779,48.547
2026-03-08 00:30:00,CMP01,59.307,50.284,48.181,56.87,54.721,48.724,54.102,43.943,57.478,42.341,56.638,39.439,60.947,45.443,43.246,49.787,52.66,51.336,57.648,48.583
2026-03-08 01:00:00,CMP01,59.292,50.197,48.183,56.98,54.763,48.78,54.147,43.946,57.537,42.38,56.59,39.457,60.908,45.543,43.143,49.733,52.635,51.369,57.552,48.542
2026-03-08 01:30:00,CMP01,59.314,50.214,48.148,56.974,54.663,48.877,54.136,44.004,57.512,42.401,56.558,39.415,60.972,45.573,43.195,49.683,52.66,51.328,57.501,48.534
2026-03-08 02:00:00,CMP01,59.249,50.292,48.15,57.004,54.612,48.818,54.112,43.981,,42.428,56.535,39.344,60.95,45.603,43.273,49.678,52.615,51.345,57.526,48.603
2026-03-08 02:30:00,CMP01,59.184,50.285,48.136,56.941,54.504,48.882,54.167,44.03,57.569,42.451,56.569,39.253,61.042,45.616,43.238,49.79,52.644,51.36,57.527,48.598
2026-03-08 03:00:00,CMP01,59.23,50.463,48.185,56.904,54.5,48.772,54.137,43.951,57.506,42.492,56.612,39.267,61.05,45.642,43.406,49.826,52.624,51.49,57.476,48.542
2026-03-08 03:30:00,CMP01,,50.342,48.106,56.897,54.517,48.706,54.19,43.975,57.59,42.407,56.602,39.305,61.055,45.508,43.353,49.854,52.615,51.402,57.552,48.563
2026-03-08 04:00:00,CMP01,59.366,50.304,48.116,56.812,54.617,48.792,54.149,43.98,57.587,42.304,56.612,39.224,61.08,45.453,43.418,49.844,52.543,51.419,57.547,48.515
2026-03-08 04:30:00,CMP01,59.418,50.208,48.112,56.834,54.725,48.718,54.246,44.018,57.588,42.442,56.629,39.238,60.984,45.413,43.502,49.859,52.596,51.432,57.603,48.558
2026-03-08 05:00:00,CMP01,59.421,50.185,48.185,56.826,54.645,48.669,54.295,43.997,57.542,42.427,56.511,39.23,60.88,45.472,43.428,49.866,52.562,51.447,57.558,48.534
2026-03-08 05:30:00,CMP01,59.343,50.144,48.239,56.887,54.641,48.599,54.198,43.985,57.62,42.398,56.483,39.165,60.837,45.462,43.391,,52.545,51.409,57.559,48.563
2026-03-08 06:00:00,CMP01,59.339,50.093,48.269,56.918,54.666,48.541,,43.981,57.584,42.46,56.521,39.082,60.752,45.438,43.274,49.767,52.522,51.202,57.518,48.728
2026-03-08 06:30:00,CMP01,59.366,50.113,48.218,56.951,54.702,48.461,54.221,,57.686,42.467,56.586,39.041,60.836,45.425,43.306,49.683,52.504,51.197,57.549,48.802
2026-03-08 07:00:00,CMP01,59.4,50.229,48.209,56.87,54.775,48.57,54.133,43.951,57.765,42.487,56.498,39.058,60.861,45.363,43.331,49.63,52.461,51.142,57.644,48.785
2026-03-08 07:30:00,CMP01,59.345,50.199,48.227,56.839,54.748,48.531,54.037,43.92,57.809,42.492,56.421,39.045,60.767,45.417,43.195,49.622,52.438,51.159,57.668,48.871
2026-03-08 08:00:00,CMP01,59.38,50.091,48.281,56.801,54.784,48.466,54.041,43.967,57.735,42.47,56.46,39.137,60.689,45.358,43.282,49.521,52.389,51.131,57.625,48.971
2026-03-08 08:30:00,CMP01,59.46,50.133,48.278,56.743,54.76,48.465,54.067,44.105,57.766,42.571,56.525,39.142,60.762,45.241,43.276,49.471,52.269,51.003,57.626,48.958
2026-03-08 09:00:00,CMP01,59.408,50.088,48.343,56.773,54.773,48.464,54.025,44.197,57.805,42.585,56.533,39.181,60.709,45.176,43.265,49.416,52.259,51.02,57.607,48.965
2026-03-08 09:30:00,CMP01,59.346,49.92,48.427,56.868,54.739,48.535,54.035,44.13,57.776,42.636,56.463,39.167,60.696,45.212,43.171,49.367,52.143,51.097,57.643,48.881
2026-03-08 10:00:00,CMP01,59.304,49.989,48.516,56.777,54.877,48.552,53.826,44.141,57.819,42.597,56.37,39.18,60.67,45.095,43.124,49.265,52.023,51.072,57.63,48.915
2026-03-08 10:30:00,CMP01,59.321,49.993,48.452,56.876,54.846,48.47,53.794,44.249,57.818,42.57,56.404,39.108,60.647,45.061,43.21,49.21,51.991,51.095,57.705,48.865
2026-03-08 11:00:00,CMP01,59.35,49.858,48.403,56.896,54.894,48.555,53.707,44.339,57.721,42.645,56.382,39.218,60.651,45.074,43.18,49.146,51.952,51.024,57.671,48.952
2026-03-08 11:30:00,CMP01,59.365,49.738,48.421,56.888,54.868,48.505,,44.312,57.786,42.771,56.313,39.216,60.541,45.072,43.218,49.137,51.968,51.052,57.716,48.986
2026-03-08 12:00:00,CMP01,59.276,49.795,48.451,56.966,54.809,48.504,53.726,44.28,57.901,42.677,56.224,39.28,60.602,45.098,43.187,49.113,52.005,51.022,57.703,49.079
2026-03-08 12:30:00,CMP01,59.359,49.742,48.523,56.918,54.854,48.545,53.746,44.308,57.911,42.678,56.207,39.269,60.64,45.093,43.113,49.034,52.016,51.081,57.76,49.114
2026-03-08 13:00:00,CMP01,59.299,49.762,48.45,56.916,54.805,48.561,53.699,44.3,57.895,42.62,56.25,39.195,60.619,44.977,43.08,48.939,51.982,51.112,57.737,49.083
2026-03-08 13:30:00,CMP01,59.372,49.689,48.409,56.918,54.845,48.641,53.666,44.335,57.867,42.67,56.265,39.133,60.614,45.134,43.096,48.925,51.972,51.091,57.733,49.013
2026-03-08 14:00:00,CMP01,59.325,49.679,48.416,56.901,54.807,48.589,53.639,44.378,57.837,42.639,56.197,39.086,60.614,45.229,43.216,48.862,52.004,51.087,57.782,49.059
2026-03-08 14:30:00,CMP01,59.265,49.696,48.379,56.911,54.847,48.63,53.617,44.409,57.79,42.664,56.179,39.137,60.647,45.231,43.216,48.808,52.071,51.155,57.849,49.12
2026-03-08 15:00:00,CMP01,59.273,49.684,48.336,56.922,,48.622,53.575,44.354,57.726,42.603,56.151,39.154,60.606,45.138,43.189,48.829,52.014,51.152,57.84,49.127
2026-03-08 15:30:00,CMP01,59.165,49.648,48.236,56.942,54.764,48.636,53.574,44.405,57.694,42.585,56.108,39.073,60.609,45.092,43.14,48.765,52.008,51.17,57.936,49.128
2026-03-08 16:00:00,CMP01,59.112,49.674,48.241,56.925,54.738,48.57,53.569,44.445,57.585,42.637,56.079,38.998,60.641,45.137,43.122,48.786,52.106,51.052,57.977,49.095
2026-03-08 16:30:00,CMP01,59.2,49.612,,56.873,54.853,48.563,53.515,44.448,57.556,42.712,56.092,38.992,60.553,45.126,42.987,48.844,52.158,51.117,58.058,49.068
2026-03-08 17:00:00,CMP01,59.284,49.608,48.293,56.822,54.707,48.585,53.467,44.579,57.587,42.65,56.097,38.994,60.555,45.09,42.855,48.803,52.144,51.017,57.979,48.944
2026-03-08 17:30:00,CMP01,59.285,49.588,48.328,56.824,54.662,48.612,53.515,44.56,57.558,42.678,55.988,39.007,60.502,45.017,42.771,48.801,52.058,50.994,57.946,48.932
2026-03-08 18:00:00,CMP01,59.238,49.594,48.298,56.874,54.656,48.574,53.433,44.496,57.531,42.76,55.917,38.99,60.377,44.992,42.766,48.811,51.972,51.034,58.046,49.06
2026-03-08 18:30:00,CMP01,59.279,49.673,48.421,56.794,54.555,48.598,53.48,44.609,57.563,42.708,55.947,39.015,60.35,44.945,42.69,48.808,51.959,50.966,58.12,49.085
2026-03-08 19:00:00,CMP01,59.315,49.619,48.442,56.813,54.652,48.601,53.505,44.626,,42.614,55.894,39.119,60.341,45.015,42.451,48.731,51.983,50.971,58.099,48.982
2026-03-08 19:30:00,CMP01,59.335,49.668,48.51,56.81,54.607,48.609,53.462,44.667,57.571,42.569,55.852,38.997,60.32,44.987,42.552,48.581,51.916,50.905,58.075,49.0
2026-03-08 20:00:00,CMP01,59.382,49.701,48.49,56.857,54.608,48.549,53.501,44.772,57.571,42.505,55.849,39.019,60.322,45.025,42.537,48.546,52.012,50.829,58.1,48.936
2026-03-08 20:30:00,CMP01,59.442,49.821,48.424,56.817,54.532,48.502,53.411,44.721,57.547,42.413,55.844,39.034,60.445,,42.512,48.553,51.997,50.887,58.106,48.9
2026-03-08 21:00:00,CMP01,59.394,49.851,48.451,56.723,54.677,48.443,53.365,44.727,57.561,42.505,55.879,38.988,60.386,45.013,42.58,48.588,52.028,51.021,58.08,
2026-03-08 21:30:00,CMP01,59.465,49.85,48.453,56.677,54.662,48.385,53.375,44.799,57.587,42.509,55.843,38.918,60.363,44.983,42.476,48.623,52.044,51.018,58.008,48.738
2026-03-08 22:00:00,CMP01,59.545,49.816,48.572,56.666,54.556,48.433,53.387,44.826,57.585,42.527,55.838,38.959,60.348,44.945,42.459,48.625,52.038,50.995,57.844,48.688
2026-03-08 22:30:00,CMP01,59.513,49.755,48.62,56.641,54.584,48.44,53.403,44.913,57.551,42.445,55.856,39.073,60.422,44.958,42.401,48.64,52.018,50.976,57.656,48.687
2026-03-08 23:00:00,CMP01,59.457,49.71,48.639,56.646,54.607,48.398,53.455,44.828,57.407,42.502,55.855,39.07,60.436,44.909,42.376,48.686,52.056,50.925,57.505,48.593
2026-03-08 23:30:00,CMP01,59.495,49.763,48.644,56.678,54.583,48.38,53.484,44.75,57.38,42.413,55.929,39.121,60.518,44.931,42.452,48.658,52.038,50.914,57.452,48.54
2026-03-09 00:00:00,CMP01,59.438,49.787,,56.576,54.627,48.357,53.541,44.825,57.471,42.368,55.932,39.147,60.6,44.889,42.415,48.645,52.007,50.919,57.468,48.579
2026-03-09 00:30:00,CMP01,59.538,49.832,48.748,56.576,54.618,48.226,53.59,44.848,57.473,42.243,55.978,39.145,60.586,44.843,42.297,48.738,52.063,50.875,57.495,48.558
2026-03-09 01:00:00,CMP01,59.554,49.755,48.792,56.613,54.642,48.171,53.562,44.961,57.553,42.236,55.938,39.226,60.567,44.898,42.359,48.757,52.108,51.001,57.482,48.461
2026-03-09 01:30:00,CMP01,59.502,49.805,48.759,56.508,54.652,48.165,53.529,44.911,57.595,42.196,55.941,39.2,60.652,44.996,42.324,48.728,52.032,51.083,57.507,48.466
2026-03-09 02:00:00,CMP01,59.427,49.801,48.692,56.437,54.623,48.18,53.522,44.833,57.596,42.224,55.951,39.293,60.579,45.158,42.408,48.76,52.064,51.011,57.433,48.482
2026-03-09 02:30:00,CMP01,59.433,49.833,48.775,56.483,54.6,48.117,53.532,44.845,57.633,42.198,56.109,39.326,60.513,45.156,42.44,48.724,52.016,51.074,57.582,48.39
2026-03-09 03:00:00,CMP01,59.435,49.863,48.82,56.472,54.59,48.078,53.548,44.853,57.723,42.218,56.087,39.373,60.612,45.007,42.442,48.689,51.922,51.047,57.644,48.346
2026-03-09 03:30:00,CMP01,59.38,49.861,48.695,56.499,54.705,48.05,53.617,44.834,57.743,42.194,56.203,39.339,60.691,45.06,42.324,48.678,51.862,51.02,57.668,48.397
2026-03-09 04:00:00,CMP01,59.386,49.782,48.667,56.426,54.635,48.09,53.637,44.938,57.662,42.288,56.196,39.244,60.77,45.073,42.176,48.74,51.897,51.047,57.667,48.441
2026-03-09 04:30:00,CMP01,59.374,49.821,48.681,56.418,54.579,,53.541,45.06,57.694,42.254,56.198,39.271,60.891,45.032,42.191,48.78,51.891,51.09,57.552,48.374
2026-03-09 05:00:00,CMP01,59.302,49.702,48.685,56.38,54.63,47.969,53.585,45.064,57.634,42.211,56.167,39.35,60.934,45.043,42.226,48.764,51.81,51.011,57.577,48.318
2026-03-09 05:30:00,CMP01,59.27,49.626,48.781,56.402,54.718,47.884,53.635,45.017,57.625,,56.173,39.284,60.786,45.015,42.245,48.737,51.793,51.056,57.564,48.353
2026-03-02 06:00:00,CMP02,48.17,66.199,55.737,46.439,,38.976,49.332,49.155,44.771,44.253,49.747,53.611,53.463,50.552,55.721,50.912,40.747,58.659,49.572,50.819
2026-03-02 06:30:00,CMP02,48.207,66.164,55.745,46.396,47.417,39.019,49.366,49.139,,44.295,49.732,53.646,53.472,50.553,55.821,50.932,40.815,58.597,49.598,50.843
2026-03-02 07:00:00,CMP02,48.222,66.168,55.786,46.446,47.401,39.06,49.415,49.152,44.741,44.31,49.689,53.626,53.379,50.466,55.787,50.957,40.828,58.451,49.633,50.824
2026-03-02 07:30:00,CMP02,48.177,66.214,55.732,46.451,47.247,39.235,49.375,49.23,44.655,44.238,49.772,53.748,53.414,50.517,55.871,50.996,40.806,58.376,49.656,50.888
2026-03-02 08:00:00,CMP02,48.242,66.161,55.67,46.448,47.208,39.306,49.34,49.316,44.63,44.13,49.782,53.795,53.452,50.484,55.868,50.968,40.825,58.396,49.64,50.866
2026-03-02 08:30:00,CMP02,48.183,66.175,55.653,46.415,47.239,39.363,49.342,49.292,44.571,44.137,49.74,53.926,53.548,50.507,55.784,51.114,40.915,58.427,49.669,50.854
2026-03-02 09:00:00,CMP02,48.269,66.195,55.627,46.373,47.265,39.475,49.362,49.329,44.577,44.041,49.705,53.949,53.594,50.454,,51.126,40.926,58.44,49.639,50.803
2026-03-02 09:30:00,CMP02,48.281,66.168,55.648,46.447,47.306,39.496,49.225,49.339,44.598,44.053,49.59,53.941,53.606,50.44,55.677,51.054,40.985,58.36,49.693,50.772
2026-03-02 10:00:00,CMP02,48.349,66.165,55.68,46.476,47.271,39.503,49.2,49.288,44.638,44.05,49.644,53.866,53.551,50.462,55.776,50.999,40.873,58.302,49.649,50.808
2026-03-02 10:30:00,CMP02,48.285,66.172,55.642,46.403,47.331,39.473,49.241,49.361,44.544,44.037,49.635,53.915,53.565,50.639,55.789,50.99,40.872,58.347,49.654,50.853
2026-03-02 11:00:00,CMP02,48.403,66.095,55.68,46.527,47.394,39.467,49.397,49.309,44.511,44.074,49.594,53.94,53.643,50.672,55.727,51.025,40.813,58.367,49.577,50.856
2026-03-02 11:30:00,CMP02,48.381,66.212,55.643,46.401,47.423,39.424,49.372,49.375,44.485,44.079,49.608,53.88,53.565,50.721,55.725,51.022,40.68,58.416,49.603,50.923
2026-03-02 12:00:00,CMP02,48.407,66.146,55.697,46.516,47.424,39.504,49.341,49.478,44.61,44.093,49.676,53.875,53.678,50.716,55.753,50.995,40.778,58.367,49.56,50.889
2026-03-02 12:30:00,CMP02,48.315,66.171,55.77,46.495,47.45,39.431,49.306,49.476,44.696,44.104,49.719,53.885,53.626,50.605,55.824,50.956,40.696,58.333,49.547,50.987
2026-03-02 13:00:00,CMP02,48.214,66.267,55.794,46.486,47.47,39.442,49.31,49.534,44.75,44.076,49.783,53.94,53.584,50.551,55.89,50.891,40.701,58.344,49.538,51.041
2026-03-02 13:30:00,CMP02,48.149,66.29,55.86,,47.519,39.385,49.376,49.538,44.606,44.036,49.723,53.952,53.653,50.533,55.875,50.813,40.65,58.256,49.67,51.003
2026-03-02 14:00:00,CMP02,48.019,66.329,55.803,46.557,47.452,39.306,49.494,49.415,44.607,43.968,49.725,54.001,53.649,50.582,55.821,50.821,40.686,58.244,49.613,50.984
2026-03-02 14:30:00,CMP02,48.071,66.294,55.829,46.559,47.529,39.235,49.422,49.401,44.721,44.084,49.705,54.015,53.71,50.614,55.771,50.864,40.745,58.271,49.639,50.961
2026-03-02 15:00:00,CMP02,48.044,66.268,55.843,46.567,47.487,39.263,,49.387,44.712,43.997,49.801,53.975,53.756,50.602,55.779,50.872,40.619,58.246,49.604,50.979
2026-03-02 15:30:00,CMP02,48.028,66.317,55.843,46.425,47.532,39.236,49.438,49.417,44.763,44.056,49.735,53.895,53.821,50.559,55.784,50.887,40.647,58.277,49.674,50.938
2026-03-02 16:00:00,CMP02,47.956,66.243,55.879,46.498,47.591,39.225,49.347,49.449,44.823,43.947,49.753,53.874,53.762,50.575,55.83,50.893,40.572,58.25,49.619,50.974
2026-03-02 16:30:00,CMP02,47.875,66.301,55.766,46.565,47.543,39.301,49.293,49.448,44.92,44.051,49.728,53.853,53.799,50.522,55.853,50.954,40.602,58.178,49.659,50.888
2026-03-02 17:00:00,CMP02,47.919,66.268,55.739,46.52,47.444,39.351,49.219,49.61,44.998,44.104,49.712,53.75,53.884,50.511,55.98,50.994,40.644,58.063,49.616,50.822
2026-03-02 17:30:00,CMP02,47.973,66.303,55.702,46.476,47.35,39.38,49.117,49.612,45.015,44.279,49.624,53.754,,50.531,55.94,51.051,40.59,58.089,49.575,50.822
2026-03-02 18:00:00,CMP02,47.961,66.222,55.8,46.489,47.25,39.4,49.168,49.612,44.984,44.324,49.595,53.771,53.88,50.575,55.975,51.073,40.475,58.144,49.554,50.911
2026-03-02 18:30:00,CMP02,47.866,66.163,55.732,46.531,47.359,39.414,49.208,49.642,45.016,44.256,49.556,53.8,53.882,50.578,55.951,50.991,40.443,58.022,49.545,50.976
2026-03-02 19:00:00,CMP02,47.927,66.228,55.702,46.523,47.332,39.402,49.175,49.691,45.029,44.308,,53.774,53.948,50.61,55.905,50.986,40.403,57.97,49.522,50.872
2026-03-02 19:30:00,CMP02,47.883,66.224,55.709,46.548,47.236,39.353,49.153,49.682,44.995,44.343,49.491,53.832,53.88,50.631,55.894,50.885,40.297,57.893,49.529,50.944
2026-03-02 20:00:00,CMP02,47.902,66.221,55.717,46.535,47.246,39.365,49.042,49.804,44.991,44.363,49.429,53.87,53.871,50.663,55.959,50.775,40.321,57.986,49.479,50.892
2026-03-02 20:30:00,CMP02,47.815,66.256,55.715,46.528,47.271,39.359,49.036,49.813,44.867,44.331,49.382,53.989,53.865,50.667,55.912,50.735,40.245,58.002,49.493,50.905
2026-03-02 21:00:00,CMP02,47.881,66.262,55.641,46.598,47.286,39.307,48.996,49.852,44.867,44.23,49.422,54.057,53.843,50.663,55.836,50.754,40.247,58.003,49.415,50.86
2026-03-02 21:30:00,CMP02,47.776,66.217,55.631,46.52,47.325,39.325,48.895,49.876,44.807,44.298,49.439,54.085,53.88,50.59,55.772,50.839,40.211,58.032,49.439,50.856
2026-03-02 22:00:00,CMP02,47.769,66.292,55.641,46.506,47.362,39.359,48.861,49.853,44.818,44.138,49.538,54.068,53.906,50.444,55.674,50.771,40.225,58.131,49.425,50.857
2026-03-02 22:30:00,CMP02,47.799,66.226,55.666,46.501,47.276,39.368,48.872,49.887,44.88,44.11,49.543,54.151,53.922,50.468,55.7,50.742,40.196,58.136,49.433,50.779
2026-03-02 23:00:00,CMP02,47.782,66.185,55.683,46.438,47.148,39.235,48.84,49.903,44.937,44.059,49.53,54.064,53.938,50.501,55.701,50.652,40.154,58.074,49.493,50.737
2026-03-02 23:30:00,CMP02,47.746,66.141,55.691,46.414,47.179,39.254,48.802,49.916,44.908,43.995,49.604,54.124,53.926,50.51,55.779,50.551,40.126,58.18,49.577,50.74
2026-03-03 00:00:00,CMP02,47.81,66.164,55.619,46.471,47.244,39.295,48.732,49.881,44.939,43.891,49.529,54.186,53.811,50.522,55.719,50.541,40.18,58.047,49.616,50.715
2026-03-03 00:30:00,CMP02,47.807,66.224,55.673,46.521,47.24,39.292,48.768,49.9,44.941,43.856,49.543,54.02,53.758,50.603,55.71,50.549,40.25,58.142,49.589,50.66
2026-03-03 01:00:00,CMP02,47.765,66.24,55.68,46.57,47.194,39.288,48.689,,44.828,43.916,49.538,53.947,53.746,50.507,55.665,50.571,40.303,58.151,49.568,50.676
2026-03-03 01:30:00,CMP02,47.781,66.177,55.796,46.62,47.326,39.298,48.664,49.898,44.87,43.955,49.582,53.858,53.669,50.495,55.664,50.557,40.318,58.14,49.643,50.667
2026-03-03 02:00:00,CMP02,47.748,66.13,55.899,46.616,47.333,39.361,48.677,49.833,44.799,43.958,49.493,53.742,53.587,50.502,55.698,50.643,40.284,58.235,49.712,50.749
2026-03-03 02:30:00,CMP02,47.767,66.018,55.946,46.656,47.256,39.257,48.736,49.812,44.845,43.866,49.575,53.671,53.637,50.478,55.674,50.615,40.315,58.155,49.667,50.722
2026-03-03 03:00:00,CMP02,47.801,65.865,55.944,46.641,47.216,39.269,48.87,49.83,,43.853,49.617,53.7,53.684,50.425,55.618,50.674,40.277,58.187,49.733,50.812
2026-03-03 03:30:00,CMP02,47.82,65.816,55.869,46.653,47.17,39.283,48.794,49.797,44.729,43.776,49.623,53.736,53.648,50.449,55.749,50.716,40.338,58.165,49.633,50.709
2026-03-03 04:00:00,CMP02,47.918,65.87,55.883,46.799,47.099,39.307,48.762,49.828,44.71,43.862,49.616,53.764,53.619,50.317,55.83,50.693,40.29,58.197,49.581,50.678
2026-03-03 04:30:00,CMP02,47.965,65.879,55.889,46.758,47.137,39.256,48.664,49.793,44.697,43.763,49.505,53.741,53.775,50.276,55.746,50.761,40.234,58.267,49.548,50.706
2026-03-03 05:00:00,CMP02,47.945,65.897,55.92,46.841,47.229,39.275,48.622,49.733,44.742,43.818,49.467,53.763,53.773,50.197,55.773,50.716,40.284,58.337,49.576,50.71
2026-03-03 05:30:00,CMP02,47.909,65.875,55.856,46.914,47.254,39.204,48.581,49.858,44.813,43.874,,53.761,53.799,50.145,55.783,50.684,40.308,58.17,49.585,50.715
2026-03-03 06:00:00,CMP02,47.947,65.843,55.849,46.999,47.267,39.113,48.633,49.786,44.847,43.803,49.468,53.801,53.808,50.177,55.809,50.691,40.245,58.257,49.493,50.701
2026-03-03 06:30:00,CMP02,47.923,65.822,55.849,47.018,47.257,39.075,48.627,49.82,44.8,43.8,49.544,53.857,53.743,50.122,55.745,50.672,40.236,58.315,49.641,50.707
2026-03-03 07:00:00,CMP02,47.86,65.878,55.813,47.008,47.311,39.115,48.5,49.812,44.795,43.825,49.635,53.756,53.675,50.224,55.739,50.655,40.247,58.284,49.659,50.7
2026-03-03 07:30:00,CMP02,,65.827,55.864,47.086,47.299,39.149,48.432,49.82,44.827,43.768,49.699,53.767,53.697,50.286,55.756,50.628,40.291,58.299,49.697,50.611
2026-03-03 08:00:00,CMP02,47.918,65.845,55.84,47.013,47.27,39.209,48.468,49.824,44.907,43.74,49.666,53.769,53.735,50.325,55.76,50.742,40.22,58.369,49.754,50.57
2026-03-03 08:30:00,CMP02,47.985,65.832,55.841,47.101,47.295,39.233,48.446,49.808,44.921,43.682,,53.646,53.683,50.277,55.713,50.836,40.216,58.338,49.806,50.625
2026-03-03 09:00:00,CMP02,47.973,65.831,55.836,,47.306,39.391,48.351,49.81,44.913,43.658,49.619,53.676,53.798,50.315,55.776,50.852,40.249,58.319,49.87,50.636
2026-03-03 09:30:00,CMP02,47.973,65.838,55.837,47.127,47.284,39.427,48.351,49.738,44.882,43.645,49.654,53.696,53.713,50.356,55.731,50.769,40.26,58.332,49.833,50.578
2026-03-03 10:00:00,CMP02,48.015,65.79,55.957,47.186,47.301,39.389,48.438,49.618,44.883,43.621,49.571,53.749,53.656,50.394,55.624,50.731,40.247,58.335,49.739,50.569
2026-03-03 10:30:00,CMP02,47.964,65.713,55.95,47.285,47.297,39.393,48.49,49.641,44.782,43.616,49.672,53.806,53.715,50.409,55.756,50.7,40.213,58.36,49.732,50.456
2026-03-03 11:00:00,CMP02,47.968,65.809,56.044,47.284,47.315,39.43,48.521,49.577,44.794,43.535,49.723,53.793,53.707,50.389,55.67,50.663,40.122,,49.642,50.399
2026-03-03 11:30:00,CMP02,48.04,65.753,56.046,47.261,47.286,39.402,48.513,49.543,44.755,43.649,49.599,53.801,53.604,50.491,55.63,50.604,40.088,58.275,49.616,50.405
2026-03-03 12:00:00,CMP02,48.02,65.726,56.027,47.365,47.264,39.398,48.535,49.488,44.731,43.631,49.58,53.876,53.616,50.418,55.603,50.55,39.988,58.3,49.642,50.465
2026-03-03 12:30:00,CMP02,48.069,65.807,55.992,47.319,47.241,39.349,48.468,49.452,44.753,43.523,49.529,53.914,53.626,50.529,55.653,50.555,39.984,58.312,49.583,50.491
2026-03-03 13:00:00,CMP02,47.955,65.669,56.027,47.382,47.231,39.339,48.444,49.498,44.715,43.457,49.587,53.92,53.58,50.537,55.633,50.349,40.058,58.422,49.622,50.495
2026-03-03 13:30:00,CMP02,47.932,65.69,56.132,47.441,47.113,39.272,48.524,49.591,44.706,43.465,49.488,53.924,53.565,50.564,55.571,50.307,40.109,58.285,49.595,50.556
2026-03-03 14:00:00,CMP02,48.159,65.647,56.077,47.441,47.134,39.253,48.598,49.6,44.819,43.371,49.493,53.922,53.58,50.573,55.479,50.276,40.063,58.334,49.712,50.587
2026-03-03 14:30:00,CMP02,48.191,65.663,56.096,47.424,47.198,39.228,48.595,49.617,44.754,43.248,49.427,53.912,53.593,50.569,55.492,50.349,40.061,58.359,49.788,50.658
2026-03-03 15:00:00,CMP02,48.162,65.613,56.151,47.348,47.264,39.177,48.659,49.599,44.76,43.373,49.409,53.942,53.612,50.53,55.461,50.362,40.065,58.421,49.766,50.728
2026-03-03 15:30:00,CMP02,48.133,65.642,56.141,47.449,47.242,39.074,48.589,49.57,44.886,43.317,49.382,53.903,53.62,50.548,55.529,,40.158,58.351,49.871,50.814
2026-03-03 16:00:00,CMP02,48.213,65.69,56.124,47.463,47.274,39.071,48.685,49.554,44.978,43.365,49.394,53.884,53.474,50.467,55.529,50.338,40.165,58.319,49.87,50.768
2026-03-03 16:30:00,CMP02,48.145,65.669,56.184,47.487,47.324,39.127,48.673,49.515,44.962,43.428,49.301,53.876,53.5,50.419,55.517,50.38,40.192,58.269,49.865,50.859
2026-03-03 17:00:00,CMP02,48.007,65.75,56.127,47.399,47.313,39.214,48.615,49.572,44.902,43.473,49.309,53.795,53.54,50.344,55.498,50.349,40.173,58.235,49.77,51.035
2026-03-03 17:30:00,CMP02,48.014,65.681,56.029,47.383,47.236,39.264,48.662,49.469,44.941,43.392,49.258,53.764,53.64,50.379,55.566,50.311,40.225,58.168,49.768,51.115
2026-03-03 18:00:00,CMP02,47.995,65.617,56.049,47.333,47.19,39.347,48.699,49.444,44.906,43.346,49.242,53.702,53.627,50.366,55.5,50.184,40.192,58.127,49.68,51.069
2026-03-03 18:30:00,CMP02,47.954,65.625,56.175,47.43,47.254,39.316,48.777,49.48,44.883,43.306,49.39,53.794,53.631,50.344,55.491,50.287,40.115,58.13,49.647,51.132
2026-03-03 19:00:00,CMP02,47.932,65.55,56.149,47.424,47.227,39.25,48.845,49.517,44.908,43.282,49.388,53.763,53.695,50.301,55.465,50.229,40.185,58.18,49.673,51.104
2026-03-03 19:30:00,CMP02,47.976,65.55,56.212,47.368,47.304,39.205,48.765,49.491,45.018,43.374,49.448,53.674,,50.372,55.438,50.247,40.185,58.168,49.573,51.031
2026-03-03 20:00:00,CMP02,47.92,65.61,56.264,47.347,47.245,39.24,48.733,49.48,45.051,43.382,49.514,53.807,53.562,50.433,55.341,50.343,40.301,58.186,49.575,50.958
2026-03-03 20:30:00,CMP02,47.95,65.569,56.201,47.248,47.261,39.167,48.783,49.473,45.0,43.28,49.568,53.814,53.545,50.445,55.377,50.411,40.288,58.142,49.518,50.856
2026-03-03 21:00:00,CMP02,48.079,65.573,56.12,47.282,47.214,39.042,48.829,49.465,44.921,43.237,49.567,53.768,53.645,50.471,55.42,50.423,40.428,58.21,49.544,50.949
2026-03-03 21:30:00,CMP02,48.013,65.521,56.189,47.219,47.207,39.087,48.797,49.457,44.861,43.282,49.594,53.716,53.754,50.529,55.447,50.413,40.393,58.258,49.475,50.972
2026-03-03 22:00:00,CMP02,48.017,65.543,56.139,47.186,47.159,39.126,48.891,49.398,44.851,43.3,49.585,53.735,53.729,50.586,55.313,50.521,40.335,58.28,49.553,51.042
2026-03-03 22:30:00,CMP02,47.992,65.535,56.203,47.13,47.033,39.235,48.784,49.426,44.835,43.223,49.702,53.718,53.754,50.588,55.291,50.589,40.33,58.349,49.6,50.957
2026-03-03 23:00:00,CMP02,47.975,65.488,56.185,47.074,47.152,39.244,48.632,49.357,44.891,43.279,49.714,53.602,53.728,50.697,55.268,50.555,40.344,58.381,,50.899
2026-03-03 23:30:00,CMP02,48.165,65.588,56.201,47.095,47.124,39.215,48.718,49.446,44.94,43.175,49.684,53.505,53.568,50.729,55.25,50.509,40.412,58.339,49.609,50.836
2026-03-04 00:00:00,CMP02,48.235,65.546,56.184,47.094,47.149,39.114,48.722,49.408,45.013,43.19,49.719,53.549,53.595,50.9,55.297,50.446,40.428,58.289,49.556,50.855
2026-03-04 00:30:00,CMP02,48.168,65.534,56.203,47.014,47.206,39.09,48.807,49.351,44.935,43.203,49.661,53.585,53.589,50.826,55.286,50.491,40.524,58.373,49.537,50.954
2026-03-04 01:00:00,CMP02,48.083,65.546,56.264,47.0,47.278,39.061,48.81,49.296,44.916,43.216,49.743,53.57,53.646,50.9,55.242,50.534,40.574,58.352,49.615,51.067
2026-03-04 01:30:00,CMP02,48.071,65.584,56.193,46.919,47.094,39.011,48.802,49.237,44.97,43.164,49.749,53.53,53.65,50.881,55.35,50.537,40.554,58.252,49.439,51.084
2026-03-04 02:00:00,CMP02,48.063,65.587,56.12,46.865,47.05,39.03,48.814,49.233,45.006,43.133,49.63,53.437,53.758,50.948,55.421,50.511,40.541,58.353,49.567,51.073
2026-03-04 02:30:00,CMP02,48.159,65.602,56.133,46.82,47.006,39.047,48.764,49.184,45.091,43.13,49.706,53.515,53.89,50.99,55.36,50.546,40.691,58.3,49.512,51.013
2026-03-04 03:00:00,CMP02,48.206,65.656,56.229,46.722,47.025,39.03,48.783,49.251,45.1,43.054,49.716,53.519,53.887,51.032,55.357,50.652,40.687,58.328,49.491,51.058
2026-03-04 03:30:00,CMP02,48.175,65.741,56.121,46.729,46.996,39.038,48.77,49.254,45.066,43.178,49.652,53.472,53.865,51.078,55.346,50.62,40.692,58.375,49.565,50.969
2026-03-04 04:00:00,CMP02,,65.541,56.096,46.824,46.982,38.893,48.87,49.183,45.082,43.137,49.592,53.463,53.846,51.066,55.295,50.608,40.579,58.477,49.545,50.991
2026-03-04 04:30:00,CMP02,48.081,65.561,56.127,46.771,46.896,38.785,48.948,49.182,45.023,43.056,49.59,53.453,53.942,51.085,55.213,50.658,40.541,58.432,49.537,51.011
2026-03-04 05:00:00,CMP02,48.17,65.562,56.105,46.746,46.927,38.674,48.838,49.195,44.991,42.972,49.602,53.507,53.933,51.081,55.227,50.573,40.504,58.398,49.472,50.945
2026-03-04 05:30:00,CMP02,48.068,65.618,56.069,46.804,46.956,38.675,48.663,49.17,45.032,42.985,49.552,53.427,53.872,51.096,55.268,50.434,40.454,58.456,49.361,50.821
2026-03-04 06:00:00,CMP02,47.961,65.593,56.153,46.704,46.865,38.765,48.517,49.189,44.925,43.012,49.55,53.426,53.938,51.218,55.288,50.345,40.482,58.444,49.409,50.857
2026-03-04 06:30:00,CMP02,47.944,65.713,56.085,46.661,47.0,38.756,48.48,49.106,44.885,42.995,49.628,53.416,53.886,51.126,55.306,50.268,40.474,58.402,49.372,50.842
2026-03-04 07:00:00,CMP02,47.838,65.713,56.04,46.764,46.977,38.787,48.42,49.047,44.935,43.023,49.694,53.394,53.725,51.084,55.352,50.242,40.429,58.424,49.281,51.056
2026-03-04 07:30:00,CMP02,47.788,65.819,55.995,46.806,46.963,38.689,48.443,49.008,44.845,43.107,49.665,53.437,53.604,51.045,55.391,50.3,40.256,58.393,49.235,51.252
2026-03-04 08:00:00,CMP02,47.737,65.74,56.003,46.774,46.94,38.77,48.392,48.946,44.917,43.014,49.681,53.381,53.647,51.01,55.405,50.432,40.265,58.41,49.241,51.372
2026-03-04 08:30:00,CMP02,47.736,65.633,56.011,46.79,46.916,38.754,48.53,48.853,44.869,42.997,49.674,53.444,53.655,51.054,55.424,50.4,40.19,58.382,49.271,51.318
2026-03-04 09:00:00,CMP02,47.8,65.62,56.057,46.738,46.858,38.735,48.445,48.847,44.934,43.018,49.734,53.408,53.691,50.902,55.446,50.393,40.191,58.387,49.194,51.392
2026-03-04 09:30:00,CMP02,47.83,65.586,56.046,46.751,46.891,38.717,48.472,48.873,44.853,43.072,49.722,53.329,53.778,50.909,55.371,50.318,40.152,58.46,49.177,51.421
2026-03-04 10:00:00,CMP02,47.75,65.598,56.02,46.683,46.977,38.753,48.534,48.828,44.801,43.026,49.643,53.232,53.666,50.961,55.401,50.349,40.028,58.409,49.077,51.402
2026-03-04 10:30:00,CMP02,47.774,65.804,55.965,46.671,46.978,38.78,48.51,48.736,44.814,43.047,49.627,53.162,53.547,50.998,55.417,50.33,40.122,58.458,49.111,51.358
2026-03-04 11:00:00,CMP02,47.787,65.722,56.006,46.74,47.041,38.886,48.495,48.764,44.767,43.023,49.572,53.125,53.532,,55.427,50.332,40.122,58.308,49.101,51.389
2026-03-04 11:30:00,CMP02,47.801,65.76,56.008,46.758,46.98,38.941,48.429,,44.759,42.965,49.541,53.115,53.433,51.033,55.384,50.337,40.226,58.324,49.021,51.369
2026-03-04 12:00:00,CMP02,47.727,65.756,56.045,46.725,47.015,38.909,48.346,48.842,44.707,42.942,49.584,53.158,53.387,50.967,55.438,50.432,40.277,58.351,49.044,51.407
2026-03-04 12:30:00,CMP02,47.702,65.744,56.085,46.7,46.965,38.922,48.324,48.801,44.705,42.999,49.532,53.195,53.458,50.933,55.5,50.494,40.172,58.291,49.016,51.421
2026-03-04 13:00:00,CMP02,47.68,65.781,56.065,46.764,46.942,39.0,48.3,48.77,44.701,42.963,49.649,53.203,53.489,50.992,55.53,50.432,40.103,58.168,49.021,51.423
2026-03-04 13:30:00,CMP02,47.771,65.797,56.084,46.689,46.923,38.874,48.308,48.738,44.695,43.077,49.639,53.25,53.587,50.965,55.629,50.466,40.07,58.227,49.064,51.309
2026-03-04 14:00:00,CMP02,47.819,65.847,56.115,46.723,46.855,38.885,48.209,48.759,44.766,42.997,49.605,53.211,53.473,50.91,55.629,50.489,40.082,58.211,49.048,51.394
2026-03-04 14:30:00,CMP02,47.898,65.795,56.088,46.758,46.745,38.88,48.243,48.777,44.761,42.995,49.443,53.213,53.52,50.774,55.615,50.513,40.112,58.212,49.026,51.464
2026-03-04 15:00:00,CMP02,47.946,65.754,56.199,46.763,46.768,38.902,48.307,48.952,44.785,42.904,49.409,53.186,53.519,50.826,55.557,,40.101,58.045,49.074,51.509
2026-03-04 15:30:00,CMP02,48.086,65.824,56.152,46.76,,38.925,48.32,48.998,44.802,42.97,49.475,53.183,53.496,50.795,55.497,50.644,40.126,57.962,48.968,51.465
2026-03-04 16:00:00,CMP02,48.088,65.907,56.184,46.83,46.654,39.116,48.318,49.011,44.803,42.966,49.399,53.157,53.491,50.806,55.457,50.646,40.163,57.933,48.925,51.575
2026-03-04 16:30:00,CMP02,48.088,65.83,56.172,46.788,46.685,39.068,48.35,49.079,44.657,43.024,49.359,53.153,53.439,50.826,55.448,50.63,40.116,57.906,48.958,51.575
2026-03-04 17:00:00,CMP02,48.144,65.896,56.216,46.721,46.737,39.032,48.273,49.172,44.664,42.951,49.43,53.152,53.384,50.843,55.482,50.682,40.121,57.906,48.922,51.686
2026-03-04 17:30:00,CMP02,48.16,65.871,56.207,46.729,46.807,39.014,48.254,49.165,44.703,42.904,49.383,53.153,53.224,50.878,55.441,50.79,40.065,57.845,48.92,51.743
2026-03-04 18:00:00,CMP02,48.208,65.994,56.294,46.76,46.824,39.059,48.382,49.344,44.697,42.916,49.46,53.057,53.216,50.94,55.317,50.81,39.999,57.887,48.883,51.735
2026-03-04 18:30:00,CMP02,48.268,65.965,56.29,46.77,46.798,39.093,48.466,49.293,44.652,42.98,49.397,52.967,53.18,50.911,55.418,50.817,39.841,57.935,48.823,51.755
2026-03-04 19:00:00,CMP02,48.187,66.029,56.295,46.767,46.821,39.155,48.361,49.441,44.593,43.02,49.403,52.922,53.215,50.817,55.387,50.841,39.762,57.981,48.786,
2026-03-04 19:30:00,CMP02,48.218,66.093,56.265,46.809,46.77,39.062,48.312,,44.524,42.997,49.471,52.771,53.291,50.861,55.395,50.81,39.879,58.009,48.639,51.7
2026-03-04 20:00:00,CMP02,48.238,66.09,56.304,46.761,46.714,39.083,48.446,49.41,44.618,43.081,49.56,52.912,53.274,50.883,55.39,50.87,39.866,57.871,48.633,51.765
2026-03-04 20:30:00,CMP02,48.337,66.097,56.262,46.836,46.702,39.103,48.441,49.425,44.651,43.075,49.534,52.867,53.3,50.902,55.398,50.881,39.891,57.818,48.676,51.764
2026-03-04 21:00:00,CMP02,48.304,66.129,56.274,46.818,46.775,39.135,48.479,49.391,44.629,43.105,49.569,52.88,53.295,50.841,55.436,50.94,39.823,57.893,48.661,51.719
2026-03-04 21:30:00,CMP02,48.308,66.069,56.232,46.778,46.834,39.078,48.544,49.423,44.514,43.042,49.513,52.876,,50.905,55.596,50.949,39.897,57.943,48.649,51.75
2026-03-04 22:00:00,CMP02,48.296,66.017,56.249,46.895,46.795,39.088,48.535,49.348,44.554,43.005,49.448,52.833,53.339,50.877,55.488,50.961,39.896,57.949,48.636,51.842
2026-03-04 22:30:00,CMP02,48.243,66.06,56.28,47.003,46.766,39.073,48.579,49.235,44.613,43.034,49.312,52.795,53.326,50.844,55.435,50.961,39.848,57.992,48.633,51.791
2026-03-04 23:00:00,CMP02,48.248,66.068,56.258,46.986,46.816,39.049,48.524,49.224,44.589,43.108,49.256,52.759,53.305,50.869,55.408,50.953,39.885,58.066,48.634,51.771
2026-03-04 23:30:00,CMP02,48.218,66.056,56.168,47.024,46.768,38.95,48.441,49.291,44.687,43.14,49.137,52.632,53.369,50.806,55.435,50.904,39.905,58.033,48.683,51.764
2026-03-05 00:00:00,CMP02,48.241,66.211,56.163,47.072,46.777,38.95,48.492,49.262,44.704,43.091,49.042,52.672,53.439,50.813,55.539,51.005,39.898,58.04,48.764,51.844
2026-03-05 00:30:00,CMP02,48.199,66.206,56.153,47.06,46.753,38.885,,49.279,44.778,43.046,49.0,52.788,53.446,50.832,55.416,51.022,39.893,58.126,48.769,51.979
2026-03-05 01:00:00,CMP02,,66.339,56.112,47.02,46.717,38.904,48.41,49.291,44.787,43.069,48.967,52.913,53.373,50.823,55.359,50.93,39.87,58.182,48.775,51.906
2026-03-05 01:30:00,CMP02,48.208,66.262,56.137,47.036,46.731,38.902,48.412,49.384,44.784,43.155,48.892,52.954,53.42,50.716,55.369,50.908,39.806,58.256,48.761,51.941
2026-03-05 02:00:00,CMP02,48.158,66.351,56.155,47.031,46.716,38.858,48.475,49.347,44.737,43.108,48.912,52.963,53.496,50.614,55.254,50.969,39.81,58.281,48.754,52.042
2026-03-05 02:30:00,CMP02,48.098,66.228,56.249,47.15,46.793,38.878,48.446,49.287,44.715,43.139,48.874,52.899,53.526,50.564,55.365,51.089,39.903,58.332,48.673,52.12
2026-03-05 03:00:00,CMP02,47.977,66.204,56.345,47.131,46.782,38.873,48.447,49.308,44.707,43.124,48.883,52.905,53.549,50.591,55.501,51.074,39.831,58.241,48.653,52.045
2026-03-05 03:30:00,CMP02,47.987,66.174,56.426,47.099,46.685,38.887,48.489,49.389,44.646,43.075,49.0,52.976,53.472,50.637,55.494,51.129,39.766,58.234,48.545,52.051
2026-03-05 04:00:00,CMP02,48.047,66.15,56.557,47.049,46.722,38.872,48.322,49.422,44.572,43.059,49.098,52.99,53.4,50.599,55.488,51.091,39.767,58.282,48.659,52.097
2026-03-05 04:30:00,CMP02,48.035,66.199,56.48,47.07,46.771,38.909,48.315,49.391,44.642,43.053,49.121,52.992,53.377,50.633,55.366,51.015,39.739,58.26,48.577,52.129
2026-03-05 05:00:00,CMP02,47.956,66.191,56.6,47.096,46.777,38.928,48.335,49.367,44.728,43.064,49.072,52.982,53.345,50.609,55.297,51.019,39.627,58.288,48.593,52.25
2026-03-05 05:30:00,CMP02,47.897,66.142,56.607,47.07,46.737,39.001,48.31,49.202,44.683,43.03,48.996,52.944,53.384,50.642,55.307,51.142,39.704,58.248,48.606,52.295
2026-03-05 06:00:00,CMP02,47.848,66.084,56.609,47.022,46.777,38.927,48.258,49.112,44.712,43.091,49.021,52.977,53.377,50.71,55.382,51.155,39.72,58.255,48.539,52.192
2026-03-05 06:30:00,CMP02,47.883,66.068,56.613,47.039,46.744,38.906,48.242,49.063,44.702,42.998,49.048,53.012,53.341,50.69,55.353,51.161,39.729,58.213,48.535,52.248
2026-03-05 07:00:00,CMP02,47.903,66.013,56.603,47.08,46.716,38.926,48.216,49.083,44.668,42.971,49.101,53.001,53.361,50.608,55.39,51.13,39.731,58.223,48.499,52.16
2026-03-05 07:30:00,CMP02,47.87,66.065,56.574,47.116,46.702,38.89,48.204,49.131,44.596,43.101,49.152,52.937,53.449,50.59,55.351,51.098,39.679,58.22,48.57,52.09
2026-03-05 08:00:00,CMP02,47.856,66.094,56.533,47.076,46.701,38.913,48.279,49.169,44.628,43.147,49.103,52.78,53.513,50.66,55.287,51.134,39.719,58.202,48.624,52.18
2026-03-05 08:30:00,CMP02,47.907,66.027,56.497,47.048,46.773,38.856,48.333,49.2,44.642,43.161,49.034,52.839,53.558,50.622,55.307,51.095,39.746,58.267,48.62,52.269
2026-03-05 09:00:00,CMP02,47.853,66.015,56.479,47.084,46.791,38.752,48.309,49.133,44.687,43.048,48.909,52.878,53.543,50.663,55.405,51.084,39.797,58.293,48.588,52.358
2026-03-05 09:30:00,CMP02,47.825,66.026,56.372,47.013,46.796,38.731,48.303,49.052,44.522,43.078,48.928,52.796,53.549,50.718,55.413,51.079,39.847,58.341,48.71,52.333
2026-03-05 10:00:00,CMP02,47.883,65.944,56.352,47.009,46.745,38.642,48.304,49.061,44.539,43.216,48.98,52.785,53.546,50.738,55.389,51.152,39.91,58.248,48.554,52.148
2026-03-05 10:30:00,CMP02,48.014,65.958,56.302,46.997,46.799,38.628,48.326,49.085,44.573,43.167,48.924,52.755,53.626,50.725,55.45,51.302,40.016,58.232,48.494,52.24
2026-03-05 11:00:00,CMP02,48.007,65.962,56.328,,46.852,38.633,48.286,49.188,44.582,43.265,48.937,52.717,53.6,50.717,55.43,51.247,39.976,58.154,48.525,52.195
2026-03-05 11:30:00,CMP02,48.071,65.954,56.392,47.052,46.738,38.58,48.195,49.308,44.588,43.304,48.848,52.788,53.58,50.714,55.408,51.259,39.983,58.19,48.538,52.193
2026-03-05 12:00:00,CMP02,48.051,65.905,56.324,47.016,46.865,38.622,48.15,49.325,44.589,43.253,48.822,52.775,53.623,50.664,55.334,51.326,39.983,58.109,48.528,52.21
2026-03-05 12:30:00,CMP02,48.142,65.832,56.308,46.95,46.833,,48.249,49.326,44.537,43.14,48.77,52.774,53.618,50.684,55.35,51.377,39.933,58.118,48.549,52.121
2026-03-05 13:00:00,CMP02,48.131,65.822,56.29,46.89,46.85,38.672,48.217,49.352,44.496,43.134,48.775,52.813,,50.559,55.421,51.406,39.958,58.106,48.589,52.162
2026-03-05 13:30:00,CMP02,48.208,65.825,56.314,46.898,46.908,38.756,48.109,49.327,44.574,43.197,48.814,52.793,53.705,50.546,55.36,51.475,39.921,58.122,48.551,52.166
2026-03-05 14:00:00,CMP02,48.228,65.815,56.403,46.864,46.928,38.845,48.191,49.354,44.528,43.178,48.84,52.708,53.625,50.514,55.421,51.496,39.919,58.118,48.495,52.198
2026-03-05 14:30:00,CMP02,48.231,65.789,56.565,46.877,46.869,38.792,48.148,49.266,44.499,43.114,48.883,52.73,53.58,50.518,55.405,51.362,39.873,58.131,48.499,52.083
2026-03-05 15:00:00,CMP02,48.174,65.765,56.585,46.847,46.852,38.781,48.191,49.141,44.53,43.146,48.801,52.753,53.598,50.606,55.44,51.403,39.871,58.166,48.43,52.101
2026-03-05 15:30:00,CMP02,48.212,65.828,56.628,46.894,46.856,38.739,48.229,49.167,44.577,43.146,48.837,52.706,53.557,50.608,55.419,51.438,39.951,58.143,48.435,52.032
2026-03-05 16:00:00,CMP02,48.269,65.774,56.715,46.886,46.994,38.675,48.234,49.161,44.557,43.103,48.825,52.767,53.494,50.617,55.417,51.455,40.003,58.14,48.352,51.976
2026-03-05 16:30:00,CMP02,48.281,65.81,56.777,46.95,47.061,38.727,48.306,49.197,44.568,43.065,48.803,52.872,53.497,50.511,55.422,51.434,39.958,58.285,48.324,51.924
2026-03-05 17:00:00,CMP02,48.332,65.844,56.8,46.978,47.045,38.715,48.315,49.211,44.617,43.104,48.832,52.966,,50.442,55.462,51.531,39.808,58.113,48.355,51.954
2026-03-05 17:30:00,CMP02,48.266,65.832,56.847,46.926,47.092,38.764,48.346,49.131,44.594,43.136,48.838,52.973,53.502,50.456,55.456,51.426,39.787,58.121,48.337,51.974
2026-03-05 18:00:00,CMP02,48.31,65.88,56.838,46.965,47.064,38.716,48.363,49.022,44.629,43.041,48.793,52.938,53.453,50.429,55.32,51.379,39.828,58.126,48.373,51.933
2026-03-05 18:30:00,CMP02,48.336,65.904,56.812,46.997,47.124,38.868,48.403,49.053,44.617,42.981,48.78,52.799,53.39,50.503,55.297,51.366,39.751,58.16,48.36,51.957
2026-03-05 19:00:00,CMP02,48.342,65.933,56.778,47.055,47.157,38.959,48.305,49.092,44.664,42.991,48.817,52.815,53.442,50.477,55.381,51.426,39.689,,48.445,51.897
2026-03-05 19:30:00,CMP02,48.369,66.005,56.794,47.113,47.172,39.029,48.28,49.139,44.727,43.055,48.774,52.803,53.43,50.491,55.35,51.407,39.683,58.322,48.402,51.863
2026-03-05 20:00:00,CMP02,48.421,65.99,56.756,47.067,47.191,38.924,48.252,49.225,44.7,43.009,48.742,52.878,53.38,50.479,55.377,51.338,39.716,58.413,48.515,51.827
2026-03-05 20:30:00,CMP02,48.41,65.966,56.84,47.011,47.179,38.912,48.273,49.3,44.78,43.093,48.71,52.867,53.314,,55.346,51.316,39.862,58.487,48.468,51.735
2026-03-05 21:00:00,CMP02,48.393,65.958,56.884,47.111,47.206,38.927,48.297,49.279,44.811,43.151,48.756,52.986,53.342,50.354,55.38,51.406,39.865,,48.413,51.784
2026-03-05 21:30:00,CMP02,48.375,65.941,56.883,47.134,47.239,38.882,48.309,49.246,44.745,43.178,48.685,53.109,53.384,50.355,55.462,51.446,39.836,58.547,48.367,51.796
2026-03-05 22:00:00,CMP02,48.324,65.926,56.887,47.125,47.3,38.853,48.406,49.253,44.7,43.153,48.692,53.028,53.403,50.325,55.475,51.579,39.84,58.507,48.294,51.813
2026-03-05 22:30:00,CMP02,48.282,65.961,56.97,47.037,47.358,38.871,48.488,49.307,44.702,43.173,48.643,53.031,53.434,50.301,55.486,51.618,39.81,58.591,48.216,51.885
2026-03-05 23:00:00,CMP02,48.188,65.999,56.883,47.122,47.248,38.821,48.595,49.329,44.64,43.196,48.635,52.981,53.315,50.267,55.487,51.561,39.807,58.538,48.217,51.926
2026-03-05 23:30:00,CMP02,48.223,65.994,56.787,47.058,47.266,38.679,48.534,49.284,44.627,43.16,48.663,52.952,53.27,50.281,55.5,51.646,39.817,58.473,48.258,51.981
2026-03-06 00:00:00,CMP02,48.125,66.046,56.811,46.986,47.369,38.759,48.585,49.266,44.628,43.205,48.662,53.076,53.257,50.357,55.622,51.602,39.781,58.394,48.212,52.051
2026-03-06 00:30:00,CMP02,48.023,66.083,56.753,47.005,47.358,38.753,48.566,49.241,44.595,43.214,48.667,53.086,53.185,50.467,55.715,51.555,39.806,58.416,48.311,51.986
2026-03-06 01:00:00,CMP02,48.157,66.166,56.815,46.986,47.439,38.754,48.472,49.24,44.68,43.199,48.588,53.048,53.172,50.414,55.787,51.554,39.717,58.456,48.347,52.009
2026-03-06 01:30:00,CMP02,48.206,66.142,56.941,46.986,47.496,38.692,48.484,49.165,44.716,43.157,48.559,53.215,53.195,50.475,55.706,51.52,39.84,58.427,48.436,52.026
2026-03-06 02:00:00,CMP02,48.132,66.09,56.917,46.983,47.49,38.707,48.546,49.099,44.712,43.186,48.571,53.152,53.276,50.488,55.711,51.526,39.78,58.402,48.46,52.038
2026-03-06 02:30:00,CMP02,48.097,,56.958,46.933,47.574,38.684,48.54,49.011,44.644,43.192,48.589,53.282,53.266,50.402,55.705,51.534,39.66,58.388,48.452,52.032
2026-03-06 03:00:00,CMP02,48.173,66.098,56.935,46.938,47.547,38.841,48.663,48.964,44.694,43.229,48.66,53.273,53.178,50.397,55.825,51.528,39.712,58.341,48.466,52.053
2026-03-06 03:30:00,CMP02,48.206,66.154,56.875,46.958,47.586,38.766,48.658,48.956,44.686,43.18,48.63,53.177,53.27,50.288,55.868,51.554,39.726,58.287,,52.004
2026-03-06 04:00:00,CMP02,48.144,66.146,56.929,46.944,47.438,38.701,48.678,48.94,44.788,43.24,48.57,53.232,53.268,50.323,55.875,51.564,39.654,58.196,48.548,51.922
2026-03-06 04:30:00,CMP02,48.09,66.178,56.858,46.909,47.414,38.727,48.666,48.867,44.601,43.334,48.526,53.228,53.21,50.291,55.909,51.567,39.678,58.134,48.654,51.95
2026-03-06 05:00:00,CMP02,48.012,66.164,56.873,46.942,47.503,38.744,48.675,48.907,44.596,43.358,48.47,53.167,53.175,50.306,55.79,51.523,39.695,58.192,48.625,52.003
2026-03-06 05:30:00,CMP02,48.027,66.086,56.887,46.981,47.575,38.753,48.633,48.888,44.635,43.344,48.498,53.109,53.157,50.292,55.79,51.485,39.728,58.14,48.65,52.016
2026-03-06 06:00:00,CMP02,48.013,66.119,56.932,47.036,47.613,38.741,48.627,48.784,44.532,43.297,48.55,53.161,53.11,50.289,55.737,51.67,39.734,58.111,48.551,51.948
2026-03-06 06:30:00,CMP02,48.058,65.996,56.969,47.009,47.575,38.742,48.62,48.779,44.517,43.327,48.505,53.112,53.226,50.247,55.784,51.777,39.725,58.041,48.467,51.894
2026-03-06 07:00:00,CMP02,48.059,66.046,56.976,47.048,47.552,38.783,48.666,48.767,44.576,43.288,48.527,53.017,53.262,50.314,55.774,51.793,39.611,58.104,48.572,51.911
2026-03-06 07:30:00,CMP02,48.072,66.082,56.895,47.057,47.537,38.733,48.635,48.838,44.581,43.414,48.562,,53.167,50.364,55.672,51.851,39.782,58.095,48.573,52.008
2026-03-06 08:00:00,CMP02,48.12,66.088,56.869,47.154,47.538,38.673,48.68,48.944,44.478,43.357,48.551,53.124,53.12,50.364,55.689,51.788,39.682,58.154,48.563,52.054
2026-03-06 08:30:00,CMP02,48.184,66.043,56.796,47.151,47.638,38.565,48.68,49.017,44.416,43.292,48.519,52.985,53.093,50.43,55.718,51.704,39.696,58.16,48.593,52.006
2026-03-06 09:00:00,CMP02,48.2,66.011,56.845,47.053,47.729,38.548,48.751,48.899,44.437,43.324,48.536,52.976,53.08,50.427,55.873,51.647,39.713,58.175,48.593,52.039
2026-03-06 09:30:00,CMP02,48.186,65.953,56.768,47.02,47.728,38.549,48.759,48.905,44.427,43.295,48.5,52.975,53.036,50.444,55.795,51.628,39.735,58.21,48.51,52.011
2026-03-06 10:00:00,CMP02,48.215,66.055,56.69,46.987,47.672,38.639,48.673,48.874,,43.267,48.481,53.024,52.881,50.472,55.731,51.625,39.759,58.161,48.505,52.012
2026-03-06 10:30:00,CMP02,48.14,66.086,56.73,47.008,47.702,38.639,48.693,48.804,44.408,43.313,48.485,52.947,52.844,50.484,55.686,51.591,39.712,58.134,48.514,51.982
2026-03-06 11:00:00,CMP02,48.124,66.148,56.713,47.087,47.738,38.707,48.698,48.774,44.448,43.278,48.5,52.906,52.92,50.463,55.738,51.566,39.59,58.044,48.48,51.929
2026-03-06 11:30:00,CMP02,48.277,66.105,56.73,46.959,47.775,38.752,48.753,48.791,44.377,43.316,48.516,52.95,52.91,50.536,55.831,51.528,39.549,58.173,48.522,51.877
2026-03-06 12:00:00,CMP02,48.213,66.141,56.705,46.943,47.775,38.649,48.793,48.736,44.44,43.28,48.543,52.975,52.917,50.731,55.751,51.499,39.513,58.271,48.44,51.884
2026-03-06 12:30:00,CMP02,48.275,66.054,56.742,46.908,47.812,38.66,48.744,48.815,44.473,43.283,48.595,53.025,52.915,50.714,55.736,51.547,39.527,58.181,48.502,51.946
2026-03-06 13:00:00,CMP02,48.312,66.014,56.668,46.878,47.797,38.752,48.75,48.768,44.412,43.256,48.556,53.018,52.932,50.721,55.772,51.626,39.632,58.097,48.52,51.934
2026-03-06 13:30:00,CMP02,48.2,66.181,56.552,46.855,47.728,38.845,48.768,48.851,44.364,43.221,48.61,53.169,52.811,50.749,55.847,51.611,39.672,58.077,48.514,51.895
2026-03-06 14:00:00,CMP02,48.239,66.15,56.546,46.798,47.784,38.892,48.783,48.939,44.332,43.276,48.591,53.166,52.72,50.811,55.746,51.66,39.648,58.091,48.571,51.944
2026-03-06 14:30:00,CMP02,48.302,66.117,56.512,46.781,47.804,38.806,48.915,49.051,44.342,43.18,48.6,53.239,52.652,50.787,55.763,51.583,39.592,57.944,48.576,51.864
2026-03-06 15:00:00,CMP02,48.306,66.139,56.498,46.757,47.837,38.959,48.921,49.014,44.371,43.253,48.628,53.165,52.711,50.802,55.687,51.569,39.554,57.939,48.628,51.841
2026-03-06 15:30:00,CMP02,48.374,66.155,,46.797,47.911,38.981,48.891,49.035,44.333,43.3,48.616,53.204,52.727,50.869,55.618,51.581,39.644,57.82,48.597,51.836
2026-03-06 16:00:00,CMP02,48.364,66.152,56.498,46.781,47.856,39.047,48.888,48.964,44.327,43.362,48.565,53.164,52.624,50.925,55.588,51.583,39.73,57.697,48.671,51.858
2026-03-06 16:30:00,CMP02,48.436,66.113,56.36,46.788,47.86,39.038,48.992,48.964,44.201,43.384,48.499,53.139,52.556,51.002,55.536,51.651,39.758,57.723,48.625,
2026-03-06 17:00:00,CMP02,48.464,66.139,56.373,46.776,47.786,39.039,49.009,48.892,44.295,43.359,48.387,53.122,52.527,51.039,55.527,51.678,39.82,57.866,48.64,51.868
2026-03-06 17:30:00,CMP02,48.507,66.056,56.347,46.739,47.748,39.129,49.008,48.91,44.261,43.334,48.353,53.15,52.465,51.102,55.439,51.64,39.769,57.916,48.497,51.848
2026-03-06 18:00:00,CMP02,48.706,66.182,56.399,46.768,47.706,39.19,48.992,48.894,44.254,43.337,48.28,53.171,52.438,51.045,55.498,51.629,39.743,57.893,48.421,51.712
2026-03-06 18:30:00,CMP02,48.681,66.204,56.425,46.774,47.674,39.195,48.911,48.817,44.298,43.337,48.44,53.15,52.493,51.164,55.481,51.646,39.788,57.915,48.412,51.831
2026-03-06 19:00:00,CMP02,48.569,66.259,56.367,46.683,47.665,39.14,48.865,48.727,44.334,43.269,48.419,53.1,52.553,51.259,55.45,51.7,39.793,57.935,48.437,51.739
2026-03-06 19:30:00,CMP02,48.581,66.352,56.466,46.756,47.605,39.079,48.761,48.852,44.398,43.345,48.401,53.23,52.648,51.395,55.439,51.632,39.791,57.897,48.411,51.777
2026-03-06 20:00:00,CMP02,48.679,66.411,56.568,46.767,47.595,39.195,48.805,48.868,44.467,43.521,48.432,53.266,52.742,51.351,55.514,51.636,39.87,57.9,48.445,51.823
2026-03-06 20:30:00,CMP02,48.662,66.517,56.577,46.786,47.523,39.201,48.862,48.873,44.544,43.425,48.532,53.25,52.716,51.316,55.519,51.674,39.806,57.959,48.514,51.883
2026-03-06 21:00:00,CMP02,48.658,66.422,56.657,46.737,47.515,39.163,48.803,48.95,44.534,43.478,48.526,53.324,52.771,51.27,55.562,51.67,39.712,57.936,48.518,52.034
2026-03-06 21:30:00,CMP02,48.777,,56.749,46.768,47.499,39.175,48.961,48.981,44.571,43.461,48.543,53.255,52.825,51.276,55.625,51.605,39.725,57.979,48.39,51.966
2026-03-06 22:00:00,CMP02,48.776,66.494,56.78,46.785,47.519,39.071,49.007,48.916,44.52,43.541,48.612,53.284,52.821,51.356,55.665,51.616,39.745,58.04,48.512,51.922
2026-03-06 22:30:00,CMP02,48.821,66.537,56.787,46.776,47.425,39.124,48.974,48.955,44.511,43.678,48.694,53.31,52.756,51.364,55.642,51.683,39.705,58.08,48.561,51.834
2026-03-06 23:00:00,CMP02,48.836,66.333,56.725,46.785,47.531,39.067,48.921,48.983,44.489,43.673,48.731,53.372,52.849,51.229,55.681,51.731,39.635,58.101,48.534,51.772
2026-03-06 23:30:00,CMP02,48.801,66.296,56.771,46.727,47.575,39.086,48.908,48.971,44.55,43.748,48.737,53.314,52.755,51.237,55.62,51.715,39.695,58.063,48.46,51.871
2026-03-07 00:00:00,CMP02,48.714,66.308,56.73,46.876,47.6,39.136,48.928,48.946,44.58,43.703,48.837,53.289,52.692,51.195,55.656,51.698,39.66,58.117,48.527,51.852
2026-03-07 00:30:00,CMP02,48.742,66.365,56.729,46.836,47.501,39.086,49.0,48.964,44.589,43.615,48.697,53.3,52.622,51.196,55.564,51.651,39.727,58.121,48.654,51.903
2026-03-07 01:00:00,CMP02,48.644,66.415,56.665,46.741,47.487,39.162,49.031,48.864,44.594,43.634,48.687,53.409,52.57,51.253,55.563,51.795,39.727,58.155,48.627,51.892
2026-03-07 01:30:00,CMP02,48.68,66.311,56.623,46.76,47.528,39.059,49.034,48.908,44.801,43.653,48.836,53.395,52.549,51.204,55.5,51.783,39.581,58.074,48.609,51.871
2026-03-07 02:00:00,CMP02,48.703,66.396,56.603,46.896,47.501,39.071,49.016,48.936,44.828,43.7,48.833,53.364,52.563,51.258,55.558,51.894,39.596,58.0,48.689,51.866
2026-03-07 02:30:00,CMP02,48.659,66.415,56.674,46.801,47.542,39.103,49.026,48.972,44.732,43.627,48.808,53.262,52.604,51.238,55.619,51.957,39.54,57.942,48.574,51.824
2026-03-07 03:00:00,CMP02,48.61,66.533,56.675,46.877,47.402,39.002,49.073,48.977,44.544,43.574,48.787,53.308,52.586,51.095,55.563,51.975,39.563,57.989,48.531,51.71
2026-03-07 03:30:00,CMP02,48.546,66.549,56.614,46.873,47.377,39.103,49.137,49.037,44.592,43.627,48.721,53.235,52.543,51.051,55.504,52.042,39.425,57.877,48.64,51.834
2026-03-07 04:00:00,CMP02,48.593,66.541,56.746,47.042,47.359,39.063,49.134,49.113,44.54,43.55,48.635,53.296,52.56,51.101,55.47,51.953,39.465,57.936,48.622,51.804
2026-03-07 04:30:00,CMP02,48.594,66.54,56.738,47.018,47.33,38.991,49.096,49.168,44.458,43.551,48.614,53.196,52.549,51.12,55.398,51.912,39.373,57.998,48.66,51.788
2026-03-07 05:00:00,CMP02,48.523,66.516,56.799,47.078,47.363,39.048,49.112,49.294,44.432,43.441,48.688,53.155,52.522,51.097,55.341,51.935,39.365,57.932,48.684,51.722
2026-03-07 05:30:00,CMP02,48.451,66.468,56.628,47.137,47.257,39.077,49.022,49.281,44.419,43.53,48.706,53.147,52.586,51.063,55.263,51.963,39.475,57.877,48.698,51.793
2026-03-07 06:00:00,CMP02,48.431,66.487,56.525,47.08,47.271,38.972,48.948,49.248,44.489,43.417,48.731,53.096,52.647,51.092,55.119,52.097,39.509,57.847,48.733,51.941
2026-03-07 06:30:00,CMP02,48.487,66.571,56.55,47.038,47.238,38.897,49.029,49.237,44.553,43.431,48.854,53.068,52.676,50.998,55.086,52.057,39.601,57.864,48.75,52.013
2026-03-07 07:00:00,CMP02,48.465,66.644,56.542,47.138,47.32,38.952,48.976,49.211,44.708,43.321,48.839,53.027,52.718,51.038,55.136,52.087,39.661,57.978,48.696,52.139
2026-03-07 07:30:00,CMP02,48.505,66.63,56.642,47.241,47.342,38.969,48.98,49.211,44.657,43.335,48.916,52.97,52.785,50.993,55.16,52.093,39.731,58.108,48.804,52.166
2026-03-07 08:00:00,CMP02,48.596,66.71,56.639,47.288,47.275,38.949,48.993,49.209,44.675,43.225,48.896,52.918,52.883,51.094,55.164,52.055,39.696,58.093,48.762,52.048
2026-03-07 08:30:00,CMP02,48.609,66.699,56.637,47.306,47.267,39.046,,49.263,44.709,43.269,48.975,52.935,52.9,51.126,55.132,52.111,39.737,58.039,48.768,52.165
2026-03-07 09:00:00,CMP02,48.52,66.679,56.649,47.325,47.252,38.926,48.83,49.232,44.805,43.189,49.085,52.796,52.903,51.182,55.089,52.206,39.74,58.044,48.698,52.061
2026-03-07 09:30:00,CMP02,48.508,66.63,56.649,47.301,47.3,38.845,48.905,49.245,44.783,43.303,49.13,52.773,52.954,51.249,55.119,52.19,39.754,58.069,48.748,52.103
2026-03-07 10:00:00,CMP02,48.584,66.631,56.705,47.346,47.257,38.905,48.899,49.27,44.762,43.296,49.113,52.827,52.968,51.269,55.007,52.217,39.797,58.121,48.752,51.992
2026-03-07 10:30:00,CMP02,48.546,66.583,56.599,47.397,47.234,38.836,48.924,49.324,44.736,43.346,49.135,52.782,52.919,51.318,55.034,52.252,39.838,58.18,48.759,51.989
2026-03-07 11:00:00,CMP02,48.544,66.567,56.655,47.267,47.218,38.778,48.854,49.368,44.65,43.34,49.102,52.745,52.964,51.374,55.054,52.105,39.799,58.225,48.828,51.984
2026-03-07 11:30:00,CMP02,48.409,66.607,56.59,47.253,47.189,38.789,48.97,49.345,44.659,43.35,49.039,52.792,52.977,51.352,54.96,52.087,39.916,58.194,48.748,52.047
2026-03-07 12:00:00,CMP02,48.381,66.604,56.642,47.219,47.239,38.802,48.926,49.348,44.641,43.335,49.079,52.818,52.944,51.407,54.958,52.052,39.97,58.203,48.837,52.025
2026-03-07 12:30:00,CMP02,48.379,,56.735,47.185,47.159,38.784,49.002,49.335,44.646,43.369,49.029,52.756,52.978,51.303,54.828,52.019,39.968,58.323,48.821,52.083
2026-03-07 13:00:00,CMP02,48.403,66.522,56.779,47.251,47.174,38.756,49.007,49.268,44.646,43.392,48.978,52.641,52.926,51.193,54.715,51.979,39.995,58.313,48.762,52.129
2026-03-07 13:30:00,CMP02,48.42,66.449,56.821,47.256,47.224,38.739,48.966,49.11,44.702,43.287,48.895,52.63,52.948,51.057,54.687,51.917,39.975,58.401,48.729,52.225
2026-03-07 14:00:00,CMP02,48.418,66.455,56.717,47.275,47.17,38.824,49.012,49.131,44.69,43.217,48.905,52.647,52.958,51.083,54.739,51.829,39.974,58.4,48.689,52.309
2026-03-07 14:30:00,CMP02,48.406,66.578,56.739,47.317,47.121,38.865,48.976,49.119,44.601,43.319,48.894,52.612,53.075,51.139,54.767,51.848,40.076,58.468,48.628,52.353
2026-03-07 15:00:00,CMP02,48.251,66.616,56.751,47.416,47.201,38.868,48.992,49.177,44.642,43.338,48.9,52.714,53.042,51.207,54.794,51.849,40.209,58.461,48.722,52.543
2026-03-07 15:30:00,CMP02,48.204,66.551,56.715,47.427,47.273,38.922,48.913,49.071,44.63,43.22,48.808,52.749,53.131,51.202,54.786,51.853,40.188,58.416,48.751,52.533
2026-03-07 16:00:00,CMP02,48.246,66.583,56.645,47.453,47.318,38.936,48.884,49.131,44.482,43.129,48.856,52.76,53.149,51.245,54.907,51.787,40.115,58.362,48.678,52.521
2026-03-07 16:30:00,CMP02,48.217,66.531,56.605,47.399,47.313,38.944,48.927,49.115,44.464,43.056,48.83,52.753,53.139,51.143,54.951,51.884,40.127,58.425,48.507,52.564
2026-03-07 17:00:00,CMP02,48.252,66.459,56.571,47.397,47.357,39.021,48.846,49.071,44.344,43.144,48.798,52.771,53.057,51.169,55.065,51.967,40.099,58.452,48.493,52.536
2026-03-07 17:30:00,CMP02,48.391,66.387,56.465,47.373,47.335,39.038,48.913,49.112,44.309,43.087,48.685,52.79,53.012,51.226,55.047,51.907,40.003,58.373,48.546,52.486
2026-03-07 18:00:00,CMP02,48.44,66.377,56.51,47.323,47.398,38.96,,49.053,44.391,43.032,48.771,52.745,53.073,51.285,55.037,51.918,39.973,58.377,48.553,52.538
2026-03-07 18:30:00,CMP02,48.425,66.484,56.537,47.39,47.327,38.904,49.0,49.065,44.356,43.019,48.752,52.738,53.057,51.313,54.946,51.897,39.939,58.389,48.601,52.523
2026-03-07 19:00:00,CMP02,48.366,66.421,56.673,47.392,47.381,38.946,49.001,49.033,44.308,42.973,48.863,52.769,53.09,51.347,54.955,51.962,39.995,58.356,48.731,52.486
2026-03-07 19:30:00,CMP02,48.385,66.479,56.704,47.399,47.288,38.965,48.964,48.945,44.243,42.899,48.83,52.695,53.043,51.29,54.943,52.002,39.907,58.291,48.733,52.615
2026-03-07 20:00:00,CMP02,48.316,66.548,56.63,,47.331,38.96,48.934,48.966,44.243,42.801,48.836,52.766,52.992,51.31,54.897,52.013,39.976,58.367,48.752,52.621
2026-03-07 20:30:00,CMP02,48.312,66.576,56.747,47.435,47.386,38.905,48.921,49.026,44.257,42.916,48.911,52.698,53.007,51.247,54.881,52.025,39.972,58.34,48.738,52.617
2026-03-07 21:00:00,CMP02,48.3,66.538,56.72,47.429,47.281,38.891,48.927,48.923,44.18,42.954,48.84,52.704,52.921,51.334,54.807,52.074,40.019,58.2,48.856,52.618
2026-03-07 21:30:00,CMP02,48.227,66.449,56.791,47.477,47.313,38.878,48.844,48.854,44.199,42.897,48.687,52.711,52.963,51.366,54.886,52.136,39.981,58.176,48.889,52.583
2026-03-07 22:00:00,CMP02,48.116,66.48,56.82,47.465,47.342,38.845,48.821,48.894,44.241,42.886,48.731,52.7,52.98,51.33,54.844,52.145,39.982,58.185,48.866,52.619
2026-03-07 22:30:00,CMP02,48.047,66.43,56.897,47.467,47.337,38.837,48.83,49.083,44.259,42.825,48.779,52.703,52.933,51.338,54.807,52.17,40.002,58.26,48.847,52.543
2026-03-07 23:00:00,CMP02,48.071,66.494,56.767,47.619,47.243,38.758,48.766,49.177,44.273,42.804,48.821,52.768,52.917,,54.842,52.144,40.003,58.396,48.818,52.538
2026-03-07 23:30:00,CMP02,48.028,66.598,56.815,47.557,47.229,38.72,48.85,49.227,44.371,42.835,48.904,52.857,52.926,51.223,54.861,52.163,39.923,58.384,48.817,52.463
2026-03-08 00:00:00,CMP02,48.016,66.562,56.801,47.63,47.31,38.703,48.904,49.155,44.369,42.876,48.876,52.871,52.984,51.081,54.908,52.178,39.94,58.435,48.77,52.508
2026-03-08 00:30:00,CMP02,,66.547,56.72,47.568,47.359,38.734,48.856,49.098,44.363,42.856,48.834,52.843,52.898,51.048,54.889,52.271,39.821,58.524,48.757,52.459
2026-03-08 01:00:00,CMP02,48.059,66.576,56.758,47.443,47.337,38.776,48.832,49.145,44.384,42.789,48.704,,52.843,50.945,54.976,52.291,39.689,58.369,48.915,52.321
2026-03-08 01:30:00,CMP02,47.968,66.545,56.811,47.428,47.323,38.748,48.823,49.075,44.301,42.744,48.686,53.0,52.855,50.969,54.999,52.337,39.691,58.314,48.944,52.225
2026-03-08 02:00:00,CMP02,47.951,66.519,56.905,47.454,47.233,38.715,48.859,49.079,44.258,42.723,48.783,53.018,52.815,51.029,55.049,52.337,39.763,58.307,49.008,52.229
2026-03-08 02:30:00,CMP02,47.932,66.656,56.906,47.392,47.27,38.603,48.895,49.111,44.303,42.578,48.687,53.074,52.813,51.094,55.079,52.253,39.772,58.256,49.063,52.214
2026-03-08 03:00:00,CMP02,47.893,66.665,56.866,47.314,47.337,,48.766,49.076,44.333,42.558,48.744,53.146,52.935,51.056,55.131,52.242,39.806,58.291,49.001,52.327
2026-03-08 03:30:00,CMP02,47.905,66.693,56.89,47.361,47.364,38.561,48.641,,44.312,42.578,48.718,53.05,52.992,51.066,55.159,52.223,39.748,58.308,48.944,52.294
2026-03-08 04:00:00,CMP02,47.909,66.716,56.787,47.344,47.253,38.588,48.612,49.086,44.172,42.496,48.717,53.177,52.886,51.078,55.151,52.172,39.778,58.358,48.97,52.216
2026-03-08 04:30:00,CMP02,47.827,66.728,56.859,47.375,47.289,38.485,48.693,49.024,44.171,42.482,48.714,53.133,52.937,51.146,55.137,52.189,39.787,58.396,49.091,52.355
2026-03-08 05:00:00,CMP02,47.792,66.861,56.866,47.485,47.34,38.457,48.684,49.0,44.15,42.432,48.711,53.199,52.889,51.101,55.158,52.189,39.834,58.357,49.085,52.489
2026-03-08 05:30:00,CMP02,47.732,66.942,56.892,47.49,47.347,38.441,48.746,48.903,44.149,42.459,48.717,53.206,52.899,,55.237,52.214,39.789,58.358,49.151,52.5
2026-03-08 06:00:00,CMP02,47.756,66.795,56.966,47.501,47.293,38.407,48.745,48.955,44.117,42.502,48.729,53.217,52.9,51.034,55.168,52.217,39.834,58.309,49.13,52.457
2026-03-08 06:30:00,CMP02,47.725,66.713,56.94,47.465,47.353,38.364,48.854,48.943,44.156,42.56,48.836,53.279,52.903,50.911,55.176,52.22,39.794,58.347,49.107,52.461
2026-03-08 07:00:00,CMP02,47.754,66.712,56.782,47.641,47.402,38.395,48.868,48.985,44.172,42.544,48.844,53.307,52.852,50.897,55.118,52.221,39.888,58.348,49.057,52.398
2026-03-08 07:30:00,CMP02,47.748,66.682,56.768,47.608,47.463,38.412,48.882,48.894,44.305,42.598,48.816,53.395,52.873,50.92,55.205,52.228,39.81,58.29,49.141,52.359
2026-03-08 08:00:00,CMP02,47.699,66.713,56.767,47.599,47.438,38.376,49.012,48.894,44.324,42.55,48.819,53.398,52.857,50.93,55.192,52.298,39.783,58.354,49.288,52.352
2026-03-08 08:30:00,CMP02,47.601,66.727,56.778,47.686,47.438,38.369,49.131,48.839,44.282,42.548,48.848,53.354,52.877,50.899,55.173,52.326,39.891,58.347,49.427,52.33
2026-03-08 09:00:00,CMP02,,66.741,56.724,47.623,47.358,38.321,48.984,48.81,44.315,42.566,48.958,53.288,52.72,50.832,55.118,52.298,39.776,58.263,49.375,52.321
2026-03-08 09:30:00,CMP02,47.581,66.682,56.793,47.653,,38.398,49.009,48.863,44.361,42.55,48.967,53.273,52.729,50.838,55.17,52.334,39.761,58.231,49.392,52.372
2026-03-08 10:00:00,CMP02,47.542,66.644,56.726,47.717,47.213,38.445,48.967,48.874,44.294,42.551,48.959,53.273,52.722,50.881,55.204,52.233,39.826,58.265,49.354,52.263
2026-03-08 10:30:00,CMP02,47.54,66.628,56.699,47.716,47.228,38.433,48.956,48.867,44.26,42.624,48.853,53.256,52.716,50.878,55.211,52.267,39.848,58.283,49.381,52.375
2026-03-08 11:00:00,CMP02,47.634,66.635,56.677,47.619,47.267,38.482,48.91,48.866,44.264,42.602,48.913,53.277,52.762,50.821,55.269,52.211,39.825,58.214,49.403,52.386
2026-03-08 11:30:00,CMP02,47.646,66.674,56.666,47.628,47.231,38.51,48.915,48.866,44.305,42.552,49.01,53.3,52.716,50.89,55.156,52.283,39.789,58.262,49.466,52.422
2026-03-08 12:00:00,CMP02,47.625,66.666,56.755,47.678,,38.544,48.91,48.879,44.2,42.499,49.043,53.244,52.845,50.96,55.256,52.317,39.861,58.305,49.45,52.413
2026-03-08 12:30:00,CMP02,47.655,66.73,56.815,47.6,47.3,38.537,48.932,48.937,44.319,42.564,49.08,53.229,52.882,50.943,55.142,52.314,39.92,58.182,49.414,52.347
2026-03-08 13:00:00,CMP02,47.711,66.82,56.749,47.677,47.203,38.44,48.968,48.924,44.315,42.659,49.04,53.265,52.898,50.981,55.125,52.267,39.976,58.202,49.469,52.409
2026-03-08 13:30:00,CMP02,47.627,66.837,56.824,47.632,47.095,38.578,48.915,48.742,44.3,42.692,49.147,53.217,52.916,50.902,55.049,52.255,39.986,58.259,49.474,52.471
2026-03-08 14:00:00,CMP02,47.743,66.813,56.807,47.555,47.116,38.628,48.929,48.747,44.239,42.667,49.238,53.214,52.761,50.922,55.036,52.221,39.962,58.34,49.46,52.521
2026-03-08 14:30:00,CMP02,47.735,66.76,56.763,47.499,47.105,38.621,48.818,48.729,44.219,42.667,49.254,53.256,52.727,50.982,55.031,52.267,39.973,58.326,49.47,52.497
2026-03-08 15:00:00,CMP02,47.736,66.757,56.828,47.348,47.072,38.677,48.835,48.7,44.159,42.703,49.173,53.219,52.743,50.884,55.015,52.243,39.979,58.35,49.448,52.545
2026-03-08 15:30:00,CMP02,47.68,66.752,56.729,47.369,47.153,38.622,48.821,48.587,44.142,42.543,49.195,53.189,52.734,50.893,55.061,52.174,39.883,58.227,49.459,52.501
2026-03-08 16:00:00,CMP02,47.688,66.675,56.763,47.322,47.052,38.528,48.725,48.552,44.002,42.485,49.255,53.2,52.645,50.922,55.004,52.17,39.856,58.303,49.396,52.58
2026-03-08 16:30:00,CMP02,47.598,66.577,56.778,47.265,46.986,38.555,48.602,48.549,43.989,42.457,49.177,53.197,52.604,50.882,54.973,52.061,39.874,58.347,49.353,52.594
2026-03-08 17:00:00,CMP02,47.694,66.537,56.747,47.258,47.041,38.641,48.635,48.577,43.982,42.447,49.188,53.161,52.651,50.802,54.972,52.095,39.87,58.264,49.273,52.502
2026-03-08 17:30:00,CMP02,47.722,66.548,56.762,47.273,47.074,38.573,48.69,48.544,43.979,42.391,49.181,53.121,52.573,50.828,54.923,52.153,39.892,58.35,49.308,52.434
2026-03-08 18:00:00,CMP02,47.719,66.468,56.709,47.333,47.089,38.581,48.817,48.637,44.053,42.33,49.287,53.07,52.553,50.872,54.871,52.111,39.949,58.32,49.28,52.49
2026-03-08 18:30:00,CMP02,47.675,66.514,56.624,47.197,47.238,38.654,,48.574,44.073,42.421,49.248,53.016,52.553,50.987,54.935,52.101,39.906,58.335,49.259,52.455
2026-03-08 19:00:00,CMP02,47.774,66.5,56.648,47.234,47.239,38.634,48.882,48.574,44.088,42.438,49.265,52.916,52.544,50.935,54.913,52.03,39.847,58.407,49.225,52.399
2026-03-08 19:30:00,CMP02,47.775,66.583,56.641,47.248,47.195,38.722,48.806,48.506,43.925,42.45,49.321,52.891,52.644,51.046,54.926,52.102,39.768,58.417,49.261,52.322
2026-03-08 20:00:00,CMP02,47.859,66.511,56.593,47.279,47.126,38.72,48.856,48.658,43.835,42.47,49.314,52.861,52.697,51.065,55.08,52.068,39.904,58.442,49.274,52.327
2026-03-08 20:30:00,CMP02,47.784,66.478,56.581,47.291,47.138,38.725,48.917,48.753,43.715,42.372,49.349,52.865,52.807,51.088,55.058,52.14,39.978,58.432,49.296,52.414
2026-03-08 21:00:00,CMP02,47.751,66.512,56.619,47.25,47.145,38.665,48.966,48.766,43.745,42.477,49.288,52.872,52.809,51.185,55.056,52.093,39.828,58.457,49.342,52.357
2026-03-08 21:30:00,CMP02,47.705,66.469,56.716,47.321,47.1,38.785,49.015,48.647,43.859,42.488,49.31,52.799,52.804,51.164,55.079,52.025,39.857,58.386,49.293,52.346
2026-03-08 22:00:00,CMP02,47.816,66.514,56.784,47.375,47.039,38.802,49.042,48.58,43.753,42.411,49.348,52.789,52.85,51.109,55.179,51.924,39.838,58.292,49.411,52.384
2026-03-08 22:30:00,CMP02,,66.623,56.901,47.373,,38.836,48.96,48.55,43.682,42.469,49.349,52.766,52.905,51.151,55.201,51.92,39.754,58.366,49.397,52.408
2026-03-08 23:00:00,CMP02,47.886,66.615,56.919,47.367,47.166,38.825,48.894,48.509,43.711,42.442,49.396,52.825,52.881,51.075,55.29,51.951,39.731,58.341,49.348,52.42
2026-03-08 23:30:00,CMP02,47.861,66.44,56.834,47.444,47.189,38.927,48.854,48.429,43.676,42.372,49.542,52.793,52.911,51.085,,51.937,39.705,58.353,49.333,52.351
2026-03-09 00:00:00,CMP02,47.821,66.388,56.901,47.488,47.164,38.897,48.868,48.466,43.627,42.449,49.51,52.694,52.854,51.03,55.166,51.922,39.683,58.303,49.307,52.217
2026-03-09 00:30:00,CMP02,47.788,66.311,56.937,47.461,47.165,38.858,48.998,48.425,43.603,42.527,49.557,52.668,52.847,51.011,55.096,51.904,39.521,58.264,49.394,52.279
2026-03-09 01:00:00,CMP02,47.776,66.229,56.846,47.498,47.082,38.849,48.979,48.377,43.589,42.442,49.632,52.641,52.879,50.971,55.036,51.88,39.545,58.283,49.431,52.291
2026-03-09 01:30:00,CMP02,47.744,66.255,56.931,47.474,47.172,38.925,48.965,48.366,43.665,42.456,49.593,52.678,52.841,50.996,55.129,51.971,39.534,58.328,49.389,52.253
2026-03-09 02:00:00,CMP02,47.724,66.262,56.973,47.503,47.221,38.961,48.858,48.399,43.838,42.468,49.614,52.739,52.851,50.994,55.024,51.973,39.518,58.305,49.423,
2026-03-09 02:30:00,CMP02,47.758,66.333,56.923,47.51,47.269,38.87,48.964,48.419,43.969,,49.654,52.74,52.891,51.033,54.951,51.974,39.61,58.339,49.337,52.302
2026-03-09 03:00:00,CMP02,47.784,66.3,56.927,47.45,47.3,38.943,48.958,48.441,44.018,42.406,49.628,52.7,52.859,50.992,55.014,51.974,39.59,58.354,49.292,52.275
2026-03-09 03:30:00,CMP02,47.722,66.254,56.865,47.363,47.304,38.875,49.022,48.382,44.088,42.488,49.598,52.717,52.906,51.075,55.026,51.886,39.653,58.206,49.328,52.195
2026-03-09 04:00:00,CMP02,47.735,66.325,56.786,47.425,47.318,38.876,49.025,48.453,44.095,42.59,49.567,52.772,52.896,51.091,55.002,51.94,39.642,58.262,49.332,52.257
2026-03-09 04:30:00,CMP02,47.624,66.208,56.676,,47.26,38.854,49.055,48.376,44.124,42.635,49.635,52.8,52.845,51.143,54.997,52.036,39.578,58.389,49.434,52.208
2026-03-09 05:00:00,CMP02,47.387,66.19,56.663,47.355,47.255,38.886,49.127,48.345,44.23,42.635,49.593,52.774,52.885,51.07,55.005,52.007,39.454,58.416,49.462,52.265
2026-03-09 05:30:00,CMP02,,66.133,56.605,47.393,47.224,38.826,49.08,48.331,44.19,42.604,49.578,52.711,52.863,51.029,54.968,51.914,39.429,58.476,49.365,52.31
