ORDER_ID,ORDER_DATE,CUSTOMER,REGION,PRODUCT_FAMILY,QTY,UNIT_PRICE_USD,AMOUNT_USD,PROMISE_DATE,SHIP_DATE,STATUS
SO100000,2025-07-15,CUST_027,Korea,D1Z-DDR5-16G,3185,36.14,115105.9,2025-08-05,2025-08-14,SHIPPED
SO100001,2025-08-23,CUST_009,Korea,D1B-DDR5-24G,3577,7.57,27077.89,2025-09-13,2025-09-11,SHIPPED
SO100002,2025-09-06,CUST_018,Taiwan,LSI-ISOCELL-HP2,1806,18.28,33013.68,2025-09-27,2025-09-18,SHIPPED
SO100003,2025-07-10,CUST_009,Taiwan,D1Z-DDR5-16G,3600,22.62,81432.0,2025-07-31,2025-07-26,SHIPPED
SO100004,2026-03-28,CUST_030,China,V8-NAND-1Tb,1745,39.45,68840.25,2026-04-18,2026-04-05,SHIPPED
SO100005,2026-04-18,CUST_002,USA,D1Z-DDR5-16G,3984,12.65,50397.6,2026-05-09,2026-04-20,SHIPPED
SO100006,2026-02-05,CUST_003,Korea,D1B-DDR5-24G,1355,40.18,54443.9,2026-02-26,2026-02-28,SHIPPED
SO100007,2026-01-02,CUST_024,Japan,V8-NAND-1Tb,793,23.2,18397.6,2026-01-23,,CANCELLED
SO100008,2026-01-25,CUST_040,Korea,D1Z-DDR5-16G,4340,11.07,48043.8,2026-02-15,2026-03-08,SHIPPED
SO100009,2026-01-27,CUST_008,USA,LSI-ISOCELL-HP2,2847,10.61,30206.67,2026-02-17,2026-03-04,SHIPPED
SO100010,2025-08-05,CUST_031,USA,D1B-DDR5-24G,2636,10.94,28837.84,2025-08-26,2025-08-23,SHIPPED
SO100011,2026-05-20,CUST_014,Japan,LSI-ISOCELL-HP2,1506,39.14,58944.84,2026-06-10,2026-06-18,SHIPPED
SO100012,2026-02-14,CUST_023,Taiwan,V8-NAND-1Tb,1786,37.69,67314.34,2026-03-07,,OPEN
SO100013,2025-10-09,CUST_012,USA,LSI-ISOCELL-HP2,5695,10.19,58032.05,2025-10-30,,OPEN
SO100014,2025-12-15,CUST_021,China,D1Z-DDR5-16G,3221,36.61,117920.81,2026-01-05,2026-01-06,SHIPPED
SO100015,2026-04-19,CUST_032,Europe,V9-NAND-2Tb,1788,26.67,47685.96,2026-05-10,2026-05-12,SHIPPED
SO100016,2026-07-28,CUST_029,China,LSI-ISOCELL-HP2,1362,18.94,25796.28,2026-08-18,2026-08-31,SHIPPED
SO100017,2026-02-04,CUST_013,China,D1B-DDR5-24G,2799,1.98,5542.02,2026-02-25,2026-02-21,SHIPPED
SO100018,2025-09-20,CUST_022,Korea,D1B-DDR5-24G,566,34.04,19266.64,2025-10-11,,OPEN
SO100019,2025-12-03,CUST_019,China,V8-NAND-1Tb,2277,2.41,5487.57,2025-12-24,2026-01-02,SHIPPED
SO100020,2026-07-30,CUST_023,China,V9-NAND-2Tb,3954,37.87,149737.98,2026-08-20,2026-08-12,SHIPPED
SO100021,2025-07-30,CUST_008,USA,V9-NAND-2Tb,2771,3.23,8950.33,2025-08-20,2025-09-03,SHIPPED
SO100022,2025-10-06,CUST_030,China,D1Z-DDR5-16G,6239,10.27,64074.53,2025-10-27,2025-10-17,SHIPPED
SO100023,2025-10-24,CUST_018,Europe,D1Z-DDR5-16G,1,22.55,22.55,2025-11-14,,OPEN
SO100024,2025-08-03,CUST_010,Japan,V8-NAND-1Tb,1758,33.17,58312.86,2025-08-24,2025-09-04,SHIPPED
SO100025,2025-11-01,CUST_019,Taiwan,D1Z-DDR5-16G,1303,41.08,53527.24,2025-11-22,2025-12-03,SHIPPED
SO100026,2025-09-20,CUST_034,Japan,D1B-DDR5-24G,3966,26.27,104186.82,2025-10-11,2025-10-05,SHIPPED
SO100027,2026-03-07,CUST_003,Japan,LSI-ISOCELL-HP2,1588,34.86,55357.68,2026-03-28,2026-03-08,SHIPPED
SO100028,2026-02-24,CUST_025,China,V8-NAND-1Tb,1766,17.01,30039.66,2026-03-17,2026-03-07,SHIPPED
SO100029,2026-02-06,CUST_035,Taiwan,D1Z-DDR5-16G,390,35.83,13973.7,2026-02-27,2026-03-01,SHIPPED
SO100030,2025-12-26,CUST_029,USA,V9-NAND-2Tb,3495,14.56,50887.2,2026-01-16,2026-01-15,SHIPPED
SO100031,2026-03-17,CUST_014,Korea,V8-NAND-1Tb,1625,7.44,12090.0,2026-04-07,2026-04-05,SHIPPED
SO100032,2026-02-09,CUST_013,Taiwan,D1Z-DDR5-16G,1712,5.92,10135.04,2026-03-02,2026-03-09,SHIPPED
SO100033,2026-05-03,CUST_003,Europe,D1B-DDR5-24G,1924,23.43,45079.32,2026-05-24,,OPEN
SO100034,2025-11-13,CUST_017,Korea,D1B-DDR5-24G,1,13.81,13.81,2025-12-04,2025-11-24,SHIPPED
SO100035,2026-01-12,CUST_036,Europe,V8-NAND-1Tb,2707,35.9,97181.3,2026-02-02,,OPEN
SO100036,2025-11-11,CUST_031,Taiwan,V9-NAND-2Tb,3087,40.28,124344.36,2025-12-02,2025-12-02,SHIPPED
SO100037,2026-05-08,CUST_015,USA,D1B-DDR5-24G,3405,6.38,21723.9,2026-05-29,2026-05-20,SHIPPED
SO100038,2026-02-22,CUST_019,USA,V8-NAND-1Tb,2870,23.5,67445.0,2026-03-15,2026-03-29,SHIPPED
SO100039,2025-12-10,CUST_028,Korea,V9-NAND-2Tb,2674,34.75,92921.5,2025-12-31,2025-12-29,SHIPPED
SO100040,2026-05-22,CUST_020,Japan,V9-NAND-2Tb,2493,38.92,97027.56,2026-06-12,2026-06-19,SHIPPED
SO100041,2025-10-08,CUST_019,USA,D1B-DDR5-24G,2439,10.23,24950.97,2025-10-29,,OPEN
SO100042,2025-10-01,CUST_012,Taiwan,LSI-ISOCELL-HP2,3345,15.4,51513.0,2025-10-22,2025-10-22,SHIPPED
SO100043,2025-09-25,CUST_040,Japan,D1Z-DDR5-16G,588,20.5,12054.0,2025-10-16,,OPEN
SO100044,2026-01-28,CUST_012,Korea,LSI-ISOCELL-HP2,2196,36.45,80044.2,2026-02-18,2026-02-14,SHIPPED
SO100045,2026-05-30,CUST_026,Taiwan,V9-NAND-2Tb,2685,3.89,10444.65,2026-06-20,2026-06-25,SHIPPED
SO100046,2026-03-21,CUST_030,Japan,D1B-DDR5-24G,1957,23.24,45480.68,2026-04-11,2026-04-20,SHIPPED
SO100047,2026-03-29,CUST_006,Europe,V8-NAND-1Tb,1772,33.8,59893.6,2026-04-19,2026-04-14,SHIPPED
SO100048,2025-12-27,CUST_016,Taiwan,V8-NAND-1Tb,3943,29.81,117540.83,2026-01-17,2025-12-29,SHIPPED
SO100049,2026-02-08,CUST_002,Taiwan,V8-NAND-1Tb,2411,12.39,29872.29,2026-03-01,2026-02-26,SHIPPED
SO100050,2026-05-24,CUST_007,Korea,V9-NAND-2Tb,2645,30.24,79984.8,2026-06-14,2026-07-03,SHIPPED
SO100051,2025-10-16,CUST_017,Korea,LSI-ISOCELL-HP2,2760,26.49,73112.4,2025-11-06,2025-11-17,SHIPPED
SO100052,2025-08-28,CUST_019,Japan,V9-NAND-2Tb,1718,18.5,31783.0,2025-09-18,2025-09-30,SHIPPED
SO100053,2025-12-08,CUST_019,Taiwan,D1B-DDR5-24G,2791,2.22,6196.02,2025-12-29,2026-01-12,SHIPPED
SO100054,2026-05-16,CUST_031,Japan,V9-NAND-2Tb,2324,19.8,46015.2,2026-06-06,2026-06-15,SHIPPED
SO100055,2026-05-23,CUST_022,USA,V9-NAND-2Tb,1321,31.09,41069.89,2026-06-13,2026-06-09,SHIPPED
SO100056,2026-03-12,CUST_001,USA,D1Z-DDR5-16G,3074,9.39,28864.86,2026-04-02,2026-03-24,SHIPPED
SO100057,2025-09-09,CUST_016,Taiwan,D1Z-DDR5-16G,3808,28.22,107461.76,2025-09-30,,OPEN
SO100058,2026-01-11,CUST_008,USA,D1B-DDR5-24G,2588,19.06,49327.28,2026-02-01,2026-01-26,SHIPPED
SO100059,2025-10-10,CUST_012,Taiwan,V9-NAND-2Tb,4045,7.6,30742.0,2025-10-31,2025-10-25,SHIPPED
SO100060,2025-11-20,CUST_014,Europe,V9-NAND-2Tb,2691,33.5,90148.5,2025-12-11,2025-12-15,SHIPPED
SO100061,2026-01-22,CUST_039,China,LSI-ISOCELL-HP2,2579,10.82,27904.78,2026-02-12,2026-02-13,SHIPPED
SO100062,2026-01-10,CUST_040,Korea,V9-NAND-2Tb,3766,7.49,28207.34,2026-01-31,2026-01-30,SHIPPED
SO100063,2025-12-07,CUST_009,Japan,LSI-ISOCELL-HP2,1497,40.1,60029.7,2025-12-28,2025-12-13,SHIPPED
SO100064,2026-06-28,CUST_022,Taiwan,V9-NAND-2Tb,3136,3.8,11916.8,2026-07-19,2026-07-28,SHIPPED
SO100065,2026-03-07,CUST_003,Japan,LSI-ISOCELL-HP2,1467,24.64,36146.88,2026-03-28,,OPEN
SO100066,2026-03-13,CUST_028,Japan,V9-NAND-2Tb,4547,26.56,120768.32,2026-04-03,2026-04-09,SHIPPED
SO100067,2025-07-28,CUST_030,Japan,V8-NAND-1Tb,4340,5.82,25258.8,2025-08-18,2025-08-10,SHIPPED
SO100068,2026-02-05,CUST_003,Europe,LSI-ISOCELL-HP2,2535,4.07,10317.45,2026-02-26,,OPEN
SO100069,2025-08-07,CUST_016,Taiwan,V9-NAND-2Tb,2248,33.67,75690.16,2025-08-28,2025-08-24,SHIPPED
SO100070,2026-06-29,CUST_013,Korea,V8-NAND-1Tb,2172,2.55,5538.6,2026-07-20,2026-07-22,SHIPPED
SO100071,2026-07-19,CUST_007,Europe,LSI-ISOCELL-HP2,614,9.09,5581.26,2026-08-09,2026-08-23,SHIPPED
SO100072,2025-07-28,CUST_026,Europe,D1B-DDR5-24G,2922,6.04,17648.88,2025-08-18,2025-08-13,SHIPPED
SO100073,2026-02-24,CUST_028,Korea,D1Z-DDR5-16G,3961,9.53,37748.33,2026-03-17,2026-03-23,SHIPPED
SO100074,2025-12-02,CUST_034,USA,V9-NAND-2Tb,4535,2.88,13060.8,2025-12-23,2025-12-04,SHIPPED
SO100075,2026-03-17,CUST_005,Taiwan,V8-NAND-1Tb,3589,20.13,72246.57,2026-04-07,2026-04-11,SHIPPED
SO100076,2026-06-03,CUST_010,China,LSI-ISOCELL-HP2,3036,25.24,76628.64,2026-06-24,2026-06-26,SHIPPED
SO100077,2025-12-04,CUST_016,Europe,V9-NAND-2Tb,3783,26.22,99190.26,2025-12-25,2026-01-03,SHIPPED
SO100078,2025-08-07,CUST_032,Taiwan,V9-NAND-2Tb,3127,28.75,89901.25,2025-08-28,2025-09-05,SHIPPED
SO100079,2026-05-17,CUST_033,Taiwan,V9-NAND-2Tb,916,33.89,31043.24,2026-06-07,2026-06-02,SHIPPED
SO100080,2025-09-15,CUST_023,Japan,D1B-DDR5-24G,3555,2.88,10238.4,2025-10-06,2025-10-07,SHIPPED
SO100081,2026-02-23,CUST_028,USA,D1B-DDR5-24G,2352,12.01,28247.52,2026-03-16,2026-03-18,SHIPPED
SO100082,2026-03-05,CUST_031,Korea,D1B-DDR5-24G,3676,40.3,148142.8,2026-03-26,2026-04-02,SHIPPED
SO100083,2026-02-13,CUST_013,China,D1B-DDR5-24G,2731,32.59,89003.29,2026-03-06,,OPEN
SO100084,2025-07-14,CUST_033,Korea,D1Z-DDR5-16G,3283,11.62,38148.46,2025-08-04,2025-08-11,SHIPPED
SO100085,2026-07-02,CUST_013,Japan,D1Z-DDR5-16G,5541,9.6,53193.6,2026-07-23,,OPEN
SO100086,2025-12-03,CUST_022,USA,LSI-ISOCELL-HP2,3217,13.09,42110.53,2025-12-24,2025-12-14,SHIPPED
SO100087,2025-09-28,CUST_005,Korea,V8-NAND-1Tb,3408,32.72,111509.76,2025-10-19,,OPEN
SO100088,2025-08-05,CUST_013,Taiwan,V9-NAND-2Tb,2046,16.53,33820.38,2025-08-26,,OPEN
SO100089,2026-02-21,CUST_005,Japan,D1B-DDR5-24G,1897,22.58,42834.26,2026-03-14,2026-03-21,SHIPPED
SO100090,2025-08-19,CUST_004,Japan,LSI-ISOCELL-HP2,2156,28.63,61726.28,2025-09-09,2025-09-03,SHIPPED
SO100091,2026-05-21,CUST_002,Europe,D1B-DDR5-24G,1126,37.81,42574.06,2026-06-11,2026-06-13,SHIPPED
SO100092,2026-05-29,CUST_032,Taiwan,D1B-DDR5-24G,3859,16.7,64445.3,2026-06-19,2026-06-28,SHIPPED
SO100093,2026-01-29,CUST_016,China,V9-NAND-2Tb,6316,26.12,164973.92,2026-02-19,2026-02-24,SHIPPED
SO100094,2025-09-02,CUST_024,Japan,V8-NAND-1Tb,2506,2.27,5688.62,2025-09-23,2025-09-25,SHIPPED
SO100095,2025-07-20,CUST_022,Japan,D1Z-DDR5-16G,2848,15.73,44799.04,2025-08-10,2025-07-31,SHIPPED
SO100096,2025-09-22,CUST_021,Taiwan,LSI-ISOCELL-HP2,4033,13.09,52791.97,2025-10-13,2025-10-21,SHIPPED
SO100097,2026-05-07,CUST_013,Korea,D1Z-DDR5-16G,2819,23.23,65485.37,2026-05-28,2026-05-21,SHIPPED
SO100098,2026-01-12,CUST_009,Korea,D1B-DDR5-24G,1998,22.45,44855.1,2026-02-02,,CANCELLED
SO100099,2025-08-20,CUST_039,Japan,D1Z-DDR5-16G,1890,32.03,60536.7,2025-09-10,2025-09-14,SHIPPED
SO100100,2026-05-21,CUST_015,Korea,V8-NAND-1Tb,2820,19.69,55525.8,2026-06-11,,OPEN
SO100101,2026-01-04,CUST_029,Japan,D1Z-DDR5-16G,2581,20.78,53633.18,2026-01-25,2026-01-28,SHIPPED
SO100102,2026-05-27,CUST_030,China,D1B-DDR5-24G,3222,38.89,125303.58,2026-06-17,,OPEN
SO100103,2026-06-26,CUST_007,Korea,V8-NAND-1Tb,2994,22.67,67873.98,2026-07-17,2026-07-29,SHIPPED
SO100104,2026-02-14,CUST_024,Japan,V8-NAND-1Tb,2114,32.26,68197.64,2026-03-07,2026-03-13,SHIPPED
SO100105,2026-06-12,CUST_018,Taiwan,V9-NAND-2Tb,4910,33.08,162422.8,2026-07-03,2026-07-04,SHIPPED
SO100106,2026-01-14,CUST_008,USA,D1Z-DDR5-16G,2405,25.7,61808.5,2026-02-04,2026-02-14,SHIPPED
SO100107,2026-04-02,CUST_037,China,D1B-DDR5-24G,731,11.51,8413.81,2026-04-23,2026-04-15,SHIPPED
SO100108,2026-06-22,CUST_038,China,D1B-DDR5-24G,2580,38.01,98065.8,2026-07-13,,OPEN
SO100109,2025-11-30,CUST_019,Europe,D1B-DDR5-24G,4249,24.96,106055.04,2025-12-21,2025-12-21,SHIPPED
SO100110,2026-04-14,CUST_024,Europe,V9-NAND-2Tb,2231,41.82,93300.42,2026-05-05,2026-05-27,SHIPPED
SO100111,2026-06-14,CUST_011,Korea,D1Z-DDR5-16G,2089,20.21,42218.69,2026-07-05,,CANCELLED
SO100112,2025-10-17,CUST_035,China,LSI-ISOCELL-HP2,1682,38.77,65211.14,2025-11-07,2025-11-01,SHIPPED
SO100113,2025-07-14,CUST_001,Korea,V8-NAND-1Tb,3193,24.35,77749.55,2025-08-04,2025-07-15,SHIPPED
SO100114,2026-07-23,CUST_002,Taiwan,LSI-ISOCELL-HP2,3961,9.92,39293.12,2026-08-13,2026-08-06,SHIPPED
SO100115,2025-09-02,CUST_032,Europe,LSI-ISOCELL-HP2,1,39.64,39.64,2025-09-23,,OPEN
SO100116,2026-02-16,CUST_021,Europe,D1Z-DDR5-16G,4468,33.62,150214.16,2026-03-09,2026-03-13,SHIPPED
SO100117,2025-09-20,CUST_020,USA,D1Z-DDR5-16G,1584,22.69,35940.96,2025-10-11,2025-10-15,SHIPPED
SO100118,2025-11-23,CUST_037,Korea,D1B-DDR5-24G,4478,33.3,149117.4,2025-12-14,2025-12-14,SHIPPED
SO100119,2026-02-05,CUST_019,USA,D1B-DDR5-24G,1133,34.42,38997.86,2026-02-26,2026-02-17,SHIPPED
SO100120,2025-12-30,CUST_006,Taiwan,D1B-DDR5-24G,3780,16.09,60820.2,2026-01-20,2026-01-18,SHIPPED
SO100121,2026-03-21,CUST_007,Japan,D1Z-DDR5-16G,2558,7.82,20003.56,2026-04-11,2026-04-16,SHIPPED
SO100122,2025-11-11,CUST_013,China,LSI-ISOCELL-HP2,6320,26.34,166468.8,2025-12-02,2025-12-11,SHIPPED
SO100123,2025-12-20,CUST_033,Taiwan,LSI-ISOCELL-HP2,3014,40.57,122277.98,2026-01-10,2026-01-07,SHIPPED
SO100124,2025-10-23,CUST_018,China,V8-NAND-1Tb,2322,25.21,58537.62,2025-11-13,2025-11-22,SHIPPED
SO100125,2025-09-09,CUST_020,China,LSI-ISOCELL-HP2,3506,26.2,91857.2,2025-09-30,2025-09-24,SHIPPED
SO100126,2026-03-27,CUST_027,USA,V9-NAND-2Tb,4312,27.77,119744.24,2026-04-17,2026-04-18,SHIPPED
SO100127,2025-12-05,CUST_014,Japan,V9-NAND-2Tb,3368,36.54,123066.72,2025-12-26,,OPEN
SO100128,2025-09-10,CUST_014,Europe,V9-NAND-2Tb,556,40.24,22373.44,2025-10-01,2025-10-10,SHIPPED
SO100129,2025-09-15,CUST_039,Europe,LSI-ISOCELL-HP2,4058,11.97,48574.26,2025-10-06,2025-10-02,SHIPPED
SO100130,2025-07-03,CUST_028,Korea,LSI-ISOCELL-HP2,5207,23.06,120073.42,2025-07-24,2025-07-21,SHIPPED
SO100131,2026-07-01,CUST_040,China,V8-NAND-1Tb,2938,14.69,43159.22,2026-07-22,2026-07-21,SHIPPED
SO100132,2026-05-01,CUST_023,Korea,D1Z-DDR5-16G,1998,19.76,39480.48,2026-05-22,2026-05-26,SHIPPED
SO100133,2026-08-02,CUST_007,USA,D1B-DDR5-24G,4406,37.36,164608.16,2026-08-23,2026-08-14,SHIPPED
SO100134,2026-04-24,CUST_032,USA,V8-NAND-1Tb,3775,17.0,64175.0,2026-05-15,,OPEN
SO100135,2025-07-16,CUST_018,Taiwan,V8-NAND-1Tb,1737,7.24,12575.88,2025-08-06,2025-08-11,SHIPPED
SO100136,2026-02-07,CUST_029,Europe,V8-NAND-1Tb,2432,7.37,17923.84,2026-02-28,2026-03-10,SHIPPED
SO100137,2026-01-08,CUST_002,Korea,LSI-ISOCELL-HP2,1890,26.82,50689.8,2026-01-29,,CANCELLED
SO100138,2026-03-29,CUST_029,USA,V9-NAND-2Tb,1140,16.64,18969.6,2026-04-19,2026-04-23,SHIPPED
SO100139,2026-04-23,CUST_025,Taiwan,D1B-DDR5-24G,392,33.65,13190.8,2026-05-14,2026-05-10,SHIPPED
SO100140,2026-06-12,CUST_022,Europe,V9-NAND-2Tb,3241,8.32,26965.12,2026-07-03,2026-06-23,SHIPPED
SO100141,2025-07-24,CUST_004,USA,V9-NAND-2Tb,1958,37.28,72994.24,2025-08-14,2025-07-25,SHIPPED
SO100142,2026-08-03,CUST_020,China,LSI-ISOCELL-HP2,1644,34.29,56372.76,2026-08-24,,CANCELLED
SO100143,2026-01-24,CUST_008,Japan,V8-NAND-1Tb,2299,30.21,69452.79,2026-02-14,2026-03-07,SHIPPED
SO100144,2025-07-15,CUST_003,Taiwan,LSI-ISOCELL-HP2,4241,38.76,164381.16,2025-08-05,,OPEN
SO100145,2026-02-14,CUST_034,China,V8-NAND-1Tb,1980,5.65,11187.0,2026-03-07,2026-03-04,SHIPPED
SO100146,2025-08-27,CUST_020,Taiwan,D1Z-DDR5-16G,1339,10.15,13590.85,2025-09-17,,OPEN
SO100147,2025-10-23,CUST_032,Korea,D1B-DDR5-24G,2511,10.53,26440.83,2025-11-13,2025-11-09,SHIPPED
SO100148,2026-04-20,CUST_037,Europe,LSI-ISOCELL-HP2,3590,21.59,77508.1,2026-05-11,2026-05-07,SHIPPED
SO100149,2026-06-06,CUST_010,Europe,V8-NAND-1Tb,3109,33.72,104835.48,2026-06-27,2026-06-22,SHIPPED
SO100150,2025-07-25,CUST_008,Japan,V9-NAND-2Tb,3273,8.98,29391.54,2025-08-15,,OPEN
SO100151,2025-08-22,CUST_011,Korea,LSI-ISOCELL-HP2,5371,30.01,161183.71,2025-09-12,2025-09-08,SHIPPED
SO100152,2026-07-25,CUST_026,USA,V9-NAND-2Tb,2383,8.39,19993.37,2026-08-15,2026-08-10,SHIPPED
SO100153,2026-06-10,CUST_024,Japan,D1Z-DDR5-16G,1928,35.1,67672.8,2026-07-01,2026-07-11,SHIPPED
SO100154,2026-06-01,CUST_021,Taiwan,LSI-ISOCELL-HP2,4416,40.05,176860.8,2026-06-22,2026-06-27,SHIPPED
SO100155,2025-09-09,CUST_003,Taiwan,D1Z-DDR5-16G,2102,10.33,21713.66,2025-09-30,2025-09-28,SHIPPED
SO100156,2025-07-21,CUST_031,USA,D1B-DDR5-24G,1236,35.39,43742.04,2025-08-11,,OPEN
SO100157,2026-03-16,CUST_037,USA,LSI-ISOCELL-HP2,3545,36.15,128151.75,2026-04-06,2026-03-31,SHIPPED
SO100158,2026-01-30,CUST_032,Taiwan,V9-NAND-2Tb,643,9.62,6185.66,2026-02-20,2026-02-23,SHIPPED
SO100159,2025-10-12,CUST_031,Korea,V8-NAND-1Tb,2028,17.84,36179.52,2025-11-02,2025-10-27,SHIPPED
SO100160,2025-10-28,CUST_006,USA,D1Z-DDR5-16G,1640,5.56,9118.4,2025-11-18,2025-11-12,SHIPPED
SO100161,2026-04-27,CUST_006,Taiwan,D1Z-DDR5-16G,3853,22.08,85074.24,2026-05-18,,CANCELLED
SO100162,2025-10-01,CUST_032,Europe,D1Z-DDR5-16G,2700,34.03,91881.0,2025-10-22,2025-10-31,SHIPPED
SO100163,2026-02-13,CUST_004,China,LSI-ISOCELL-HP2,2819,28.33,79862.27,2026-03-06,2026-03-09,SHIPPED
SO100164,2025-08-05,CUST_003,China,D1B-DDR5-24G,1,19.96,19.96,2025-08-26,2025-09-03,SHIPPED
SO100165,2025-11-30,CUST_007,Europe,V8-NAND-1Tb,5543,16.2,89796.6,2025-12-21,2025-12-16,SHIPPED
SO100166,2026-02-04,CUST_038,China,V8-NAND-1Tb,1756,11.22,19702.32,2026-02-25,2026-02-26,SHIPPED
SO100167,2025-10-30,CUST_030,Europe,V8-NAND-1Tb,3128,23.65,73977.2,2025-11-20,,OPEN
SO100168,2026-07-09,CUST_032,Taiwan,V9-NAND-2Tb,2482,39.57,98212.74,2026-07-30,2026-07-11,SHIPPED
SO100169,2026-03-16,CUST_021,Europe,LSI-ISOCELL-HP2,2243,14.9,33420.7,2026-04-06,2026-04-12,SHIPPED
SO100170,2025-07-06,CUST_017,USA,V9-NAND-2Tb,1,37.69,37.69,2025-07-27,2025-07-26,SHIPPED
SO100171,2026-02-02,CUST_008,Europe,LSI-ISOCELL-HP2,2145,17.37,37258.65,2026-02-23,2026-03-07,SHIPPED
SO100172,2025-10-18,CUST_038,USA,D1B-DDR5-24G,3512,3.97,13942.64,2025-11-08,2025-11-18,SHIPPED
SO100173,2026-05-27,CUST_020,Europe,D1Z-DDR5-16G,1216,18.91,22994.56,2026-06-17,2026-06-18,SHIPPED
SO100174,2025-07-03,CUST_037,USA,LSI-ISOCELL-HP2,473,38.29,18111.17,2025-07-24,2025-08-08,SHIPPED
SO100175,2026-06-19,CUST_005,Japan,D1B-DDR5-24G,3465,2.96,10256.4,2026-07-10,2026-07-04,SHIPPED
SO100176,2026-03-10,CUST_026,USA,V8-NAND-1Tb,2980,13.83,41213.4,2026-03-31,2026-04-07,SHIPPED
SO100177,2025-12-08,CUST_016,USA,LSI-ISOCELL-HP2,3621,2.32,8400.72,2025-12-29,2025-12-19,SHIPPED
SO100178,2026-03-31,CUST_031,China,V9-NAND-2Tb,1773,6.69,11861.37,2026-04-21,2026-04-11,SHIPPED
SO100179,2026-02-03,CUST_011,Korea,D1B-DDR5-24G,2206,19.4,42796.4,2026-02-24,2026-03-02,SHIPPED
SO100180,2025-10-18,CUST_004,USA,V8-NAND-1Tb,3621,23.65,85636.65,2025-11-08,2025-11-13,SHIPPED
SO100181,2026-07-25,CUST_019,Japan,V9-NAND-2Tb,3393,34.37,116617.41,2026-08-15,2026-08-13,SHIPPED
SO100182,2026-07-21,CUST_022,USA,V8-NAND-1Tb,21,29.73,624.33,2026-08-11,2026-08-01,SHIPPED
SO100183,2025-12-30,CUST_009,USA,D1Z-DDR5-16G,2063,28.24,58259.12,2026-01-20,2026-01-27,SHIPPED
SO100184,2026-05-03,CUST_007,Europe,V9-NAND-2Tb,1400,6.94,9716.0,2026-05-24,2026-06-02,SHIPPED
SO100185,2026-04-12,CUST_025,Japan,V9-NAND-2Tb,3920,10.88,42649.6,2026-05-03,,OPEN
SO100186,2025-10-08,CUST_031,Korea,V8-NAND-1Tb,1417,38.34,54327.78,2025-10-29,2025-10-25,SHIPPED
SO100187,2026-01-05,CUST_005,Taiwan,LSI-ISOCELL-HP2,3286,2.12,6966.32,2026-01-26,2026-01-16,SHIPPED
SO100188,2026-05-30,CUST_018,China,V8-NAND-1Tb,2839,3.75,10646.25,2026-06-20,2026-06-19,SHIPPED
SO100189,2026-06-20,CUST_013,China,V9-NAND-2Tb,2334,32.36,75528.24,2026-07-11,2026-07-07,SHIPPED
SO100190,2026-06-04,CUST_008,China,V9-NAND-2Tb,3949,28.31,111796.19,2026-06-25,2026-06-17,SHIPPED
SO100191,2026-02-12,CUST_023,Japan,LSI-ISOCELL-HP2,1,9.63,9.63,2026-03-05,2026-02-22,SHIPPED
SO100192,2025-08-17,CUST_004,Europe,D1B-DDR5-24G,2619,18.76,49132.44,2025-09-07,2025-09-02,SHIPPED
SO100193,2025-07-12,CUST_033,China,D1B-DDR5-24G,2818,24.96,70337.28,2025-08-02,2025-08-01,SHIPPED
SO100194,2026-01-31,CUST_024,USA,LSI-ISOCELL-HP2,1952,4.79,9350.08,2026-02-21,2026-02-19,SHIPPED
SO100195,2026-02-22,CUST_040,Korea,V8-NAND-1Tb,4737,2.5,11842.5,2026-03-15,2026-03-13,SHIPPED
SO100196,2026-06-08,CUST_022,Taiwan,D1B-DDR5-24G,2085,6.06,12635.1,2026-06-29,,OPEN
SO100197,2025-08-24,CUST_008,Europe,LSI-ISOCELL-HP2,2865,24.32,69676.8,2025-09-14,2025-09-26,SHIPPED
SO100198,2025-07-07,CUST_037,Japan,V9-NAND-2Tb,2322,34.92,81084.24,2025-07-28,2025-07-23,SHIPPED
SO100199,2026-04-08,CUST_011,Korea,V8-NAND-1Tb,2932,25.19,73857.08,2026-04-29,2026-04-21,SHIPPED
SO100200,2026-06-16,CUST_005,Japan,D1B-DDR5-24G,3076,25.19,77484.44,2026-07-07,2026-07-09,SHIPPED
SO100201,2025-08-31,CUST_040,Japan,LSI-ISOCELL-HP2,2433,13.08,31823.64,2025-09-21,2025-09-25,SHIPPED
SO100202,2026-05-17,CUST_007,USA,D1B-DDR5-24G,2552,9.74,24856.48,2026-06-07,,CANCELLED
SO100203,2026-06-29,CUST_009,Japan,LSI-ISOCELL-HP2,2079,26.94,56008.26,2026-07-20,2026-07-16,SHIPPED
SO100204,2025-11-12,CUST_029,Europe,LSI-ISOCELL-HP2,3230,22.58,72933.4,2025-12-03,2025-11-28,SHIPPED
SO100205,2026-04-30,CUST_005,China,D1B-DDR5-24G,6078,33.47,203430.66,2026-05-21,2026-06-03,SHIPPED
SO100206,2025-09-10,CUST_032,USA,V9-NAND-2Tb,1690,26.95,45545.5,2025-10-01,,OPEN
SO100207,2026-05-12,CUST_026,USA,D1B-DDR5-24G,2138,38.88,83125.44,2026-06-02,2026-06-03,SHIPPED
SO100208,2026-02-08,CUST_028,USA,V8-NAND-1Tb,2093,20.15,42173.95,2026-03-01,2026-02-28,SHIPPED
SO100209,2026-06-15,CUST_001,USA,LSI-ISOCELL-HP2,4368,14.27,62331.36,2026-07-06,2026-07-16,SHIPPED
SO100210,2025-09-30,CUST_004,Japan,D1B-DDR5-24G,3060,8.82,26989.2,2025-10-21,2025-10-08,SHIPPED
SO100211,2026-06-02,CUST_002,Taiwan,V9-NAND-2Tb,3433,9.52,32682.16,2026-06-23,2026-06-03,SHIPPED
SO100212,2026-02-17,CUST_023,China,D1Z-DDR5-16G,2189,28.44,62255.16,2026-03-10,2026-03-17,SHIPPED
SO100213,2026-05-12,CUST_009,China,LSI-ISOCELL-HP2,1835,33.93,62261.55,2026-06-02,2026-05-31,SHIPPED
SO100214,2026-02-07,CUST_040,China,V8-NAND-1Tb,2999,19.32,57940.68,2026-02-28,2026-03-10,SHIPPED
SO100215,2025-08-09,CUST_023,Europe,D1Z-DDR5-16G,3227,25.63,82708.01,2025-08-30,2025-09-14,SHIPPED
SO100216,2026-08-03,CUST_022,Japan,D1Z-DDR5-16G,3168,11.32,35861.76,2026-08-24,2026-09-01,SHIPPED
SO100217,2026-03-08,CUST_011,Europe,D1B-DDR5-24G,2699,28.19,76084.81,2026-03-29,2026-04-09,SHIPPED
SO100218,2026-07-23,CUST_009,Europe,V8-NAND-1Tb,2476,17.7,43825.2,2026-08-13,2026-08-17,SHIPPED
SO100219,2025-09-13,CUST_015,Korea,D1Z-DDR5-16G,1700,29.85,50745.0,2025-10-04,2025-10-24,SHIPPED
SO100220,2025-10-06,CUST_009,Europe,V8-NAND-1Tb,4515,6.34,28625.1,2025-10-27,2025-11-01,SHIPPED
SO100221,2026-07-13,CUST_028,Europe,V8-NAND-1Tb,3180,22.16,70468.8,2026-08-03,2026-07-30,SHIPPED
SO100222,2026-02-09,CUST_036,USA,V8-NAND-1Tb,3335,19.03,63465.05,2026-03-02,2026-02-20,SHIPPED
SO100223,2026-05-30,CUST_017,China,D1B-DDR5-24G,3039,39.36,119615.04,2026-06-20,2026-06-30,SHIPPED
SO100224,2025-12-31,CUST_025,USA,D1Z-DDR5-16G,1173,9.09,10662.57,2026-01-21,2026-01-08,SHIPPED
SO100225,2026-03-22,CUST_031,Japan,D1B-DDR5-24G,2027,23.41,47452.07,2026-04-12,2026-04-01,SHIPPED
SO100226,2025-09-05,CUST_007,Taiwan,LSI-ISOCELL-HP2,2534,36.04,91325.36,2025-09-26,2025-09-22,SHIPPED
SO100227,2026-03-25,CUST_030,Japan,V9-NAND-2Tb,3737,38.85,145182.45,2026-04-15,2026-04-12,SHIPPED
SO100228,2026-01-02,CUST_021,Korea,D1B-DDR5-24G,855,36.19,30942.45,2026-01-23,2026-01-31,SHIPPED
SO100229,2025-07-25,CUST_013,Japan,D1B-DDR5-24G,2906,30.68,89156.08,2025-08-15,2025-08-17,SHIPPED
SO100230,2025-12-12,CUST_028,Europe,LSI-ISOCELL-HP2,510,27.09,13815.9,2026-01-02,2026-01-11,SHIPPED
SO100231,2026-06-21,CUST_007,Taiwan,LSI-ISOCELL-HP2,3860,22.86,88239.6,2026-07-12,,CANCELLED
SO100232,2026-03-31,CUST_009,USA,LSI-ISOCELL-HP2,3226,2.82,9097.32,2026-04-21,2026-04-23,SHIPPED
SO100233,2026-04-02,CUST_022,Europe,V8-NAND-1Tb,3280,18.92,62057.6,2026-04-23,2026-04-04,SHIPPED
SO100234,2026-04-07,CUST_014,Europe,LSI-ISOCELL-HP2,1443,12.67,18282.81,2026-04-28,2026-05-02,SHIPPED
SO100235,2025-11-22,CUST_014,USA,V8-NAND-1Tb,2930,39.2,114856.0,2025-12-13,2025-12-20,SHIPPED
SO100236,2025-12-15,CUST_018,USA,V9-NAND-2Tb,2074,24.38,50564.12,2026-01-05,2026-01-19,SHIPPED
SO100237,2026-01-30,CUST_027,Taiwan,D1B-DDR5-24G,1768,7.35,12994.8,2026-02-20,2026-02-21,SHIPPED
SO100238,2025-09-08,CUST_016,Japan,V9-NAND-2Tb,3652,8.13,29690.76,2025-09-29,2025-09-27,SHIPPED
SO100239,2026-05-07,CUST_038,Taiwan,D1B-DDR5-24G,3105,23.02,71477.1,2026-05-28,2026-05-16,SHIPPED
SO100240,2026-04-26,CUST_026,Korea,V9-NAND-2Tb,2806,23.27,65295.62,2026-05-17,2026-05-12,SHIPPED
SO100241,2026-02-18,CUST_035,China,V8-NAND-1Tb,1226,37.62,46122.12,2026-03-11,2026-03-09,SHIPPED
SO100242,2026-01-06,CUST_033,Japan,LSI-ISOCELL-HP2,1675,30.83,51640.25,2026-01-27,2026-01-29,SHIPPED
SO100243,2026-07-28,CUST_017,Taiwan,LSI-ISOCELL-HP2,3290,25.11,82611.9,2026-08-18,2026-08-06,SHIPPED
SO100244,2025-11-18,CUST_030,Europe,V9-NAND-2Tb,1923,3.52,6768.96,2025-12-09,2025-12-03,SHIPPED
SO100245,2026-02-22,CUST_009,Korea,V8-NAND-1Tb,2434,16.17,39357.78,2026-03-15,2026-03-17,SHIPPED
SO100246,2025-07-19,CUST_021,Korea,V9-NAND-2Tb,1235,34.91,43113.85,2025-08-09,2025-08-01,SHIPPED
SO100247,2025-07-20,CUST_018,Taiwan,V8-NAND-1Tb,2757,19.15,52796.55,2025-08-10,2025-08-20,SHIPPED
SO100248,2026-06-18,CUST_017,China,V8-NAND-1Tb,4571,1.84,8410.64,2026-07-09,2026-07-17,SHIPPED
SO100249,2025-12-04,CUST_019,Japan,D1B-DDR5-24G,2192,6.63,14532.96,2025-12-25,2026-01-04,SHIPPED
SO100250,2026-02-28,CUST_030,USA,V8-NAND-1Tb,2891,5.34,15437.94,2026-03-21,2026-03-20,SHIPPED
SO100251,2025-09-12,CUST_031,China,V8-NAND-1Tb,3424,16.24,55605.76,2025-10-03,2025-10-01,SHIPPED
SO100252,2026-03-17,CUST_024,China,D1Z-DDR5-16G,1723,29.63,51052.49,2026-04-07,2026-03-30,SHIPPED
SO100253,2026-04-02,CUST_017,Japan,V8-NAND-1Tb,2936,28.13,82589.68,2026-04-23,2026-04-13,SHIPPED
SO100254,2025-07-11,CUST_008,USA,LSI-ISOCELL-HP2,2795,35.78,100005.1,2025-08-01,2025-07-16,SHIPPED
SO100255,2026-04-08,CUST_020,Korea,V9-NAND-2Tb,2273,25.26,57415.98,2026-04-29,,OPEN
SO100256,2026-02-03,CUST_008,Taiwan,V8-NAND-1Tb,3044,34.55,105170.2,2026-02-24,2026-02-14,SHIPPED
SO100257,2026-05-14,CUST_031,USA,V9-NAND-2Tb,1663,22.46,37350.98,2026-06-04,,OPEN
SO100258,2026-03-02,CUST_017,Europe,LSI-ISOCELL-HP2,387,12.46,4822.02,2026-03-23,2026-04-07,SHIPPED
SO100259,2026-01-09,CUST_032,Taiwan,D1Z-DDR5-16G,1101,21.95,24166.95,2026-01-30,2026-02-21,SHIPPED
SO100260,2025-11-28,CUST_001,USA,D1Z-DDR5-16G,3245,7.7,24986.5,2025-12-19,2025-12-17,SHIPPED
SO100261,2025-09-03,CUST_030,Korea,V8-NAND-1Tb,2688,19.88,53437.44,2025-09-24,2025-10-07,SHIPPED
SO100262,2025-09-01,CUST_003,China,V9-NAND-2Tb,2537,32.21,81716.77,2025-09-22,2025-09-17,SHIPPED
SO100263,2025-09-21,CUST_001,USA,V8-NAND-1Tb,1030,17.6,18128.0,2025-10-12,,OPEN
SO100264,2025-10-13,CUST_026,China,V9-NAND-2Tb,4134,35.4,146343.6,2025-11-03,2025-10-28,SHIPPED
SO100265,2026-06-03,CUST_029,China,D1B-DDR5-24G,3160,33.05,104438.0,2026-06-24,2026-06-29,SHIPPED
SO100266,2025-07-08,CUST_014,Taiwan,D1B-DDR5-24G,3996,29.49,117842.04,2025-07-29,2025-07-27,SHIPPED
SO100267,2026-04-05,CUST_025,China,D1B-DDR5-24G,2316,7.0,16212.0,2026-04-26,2026-05-09,SHIPPED
SO100268,2025-12-20,CUST_006,China,D1B-DDR5-24G,618,16.35,10104.3,2026-01-10,2026-01-03,SHIPPED
SO100269,2025-07-09,CUST_031,China,D1Z-DDR5-16G,3604,21.6,77846.4,2025-07-30,2025-08-11,SHIPPED
SO100270,2025-10-31,CUST_012,China,V9-NAND-2Tb,2214,17.81,39431.34,2025-11-21,2025-11-28,SHIPPED
SO100271,2025-10-02,CUST_005,Taiwan,D1Z-DDR5-16G,3418,29.26,100010.68,2025-10-23,2025-10-03,SHIPPED
SO100272,2025-07-04,CUST_032,USA,V8-NAND-1Tb,3794,21.32,80888.08,2025-07-25,,OPEN
SO100273,2026-01-31,CUST_030,Europe,D1Z-DDR5-16G,1087,30.43,33077.41,2026-02-21,2026-02-01,SHIPPED
SO100274,2026-03-05,CUST_036,Taiwan,LSI-ISOCELL-HP2,4895,33.08,161926.6,2026-03-26,2026-04-06,SHIPPED
SO100275,2025-07-09,CUST_025,Europe,LSI-ISOCELL-HP2,1703,14.84,25272.52,2025-07-30,2025-07-29,SHIPPED
SO100276,2026-02-18,CUST_038,China,D1B-DDR5-24G,2289,4.74,10849.86,2026-03-11,2026-02-27,SHIPPED
SO100277,2025-07-06,CUST_003,China,LSI-ISOCELL-HP2,2011,40.83,82109.13,2025-07-27,2025-07-13,SHIPPED
SO100278,2025-07-10,CUST_005,Europe,V8-NAND-1Tb,1891,40.1,75829.1,2025-07-31,2025-08-04,SHIPPED
SO100279,2025-08-18,CUST_016,China,V9-NAND-2Tb,4015,23.88,95878.2,2025-09-08,2025-09-03,SHIPPED
SO100280,2025-10-09,CUST_035,Korea,V9-NAND-2Tb,313,33.2,10391.6,2025-10-30,2025-11-09,SHIPPED
SO100281,2026-06-15,CUST_029,Europe,D1Z-DDR5-16G,3784,3.48,13168.32,2026-07-06,2026-07-03,SHIPPED
SO100282,2025-11-11,CUST_009,Taiwan,V8-NAND-1Tb,1963,10.76,21121.88,2025-12-02,,OPEN
SO100283,2026-03-17,CUST_036,USA,LSI-ISOCELL-HP2,3665,2.61,9565.65,2026-04-07,2026-04-05,SHIPPED
SO100284,2026-05-19,CUST_008,China,V8-NAND-1Tb,3131,41.6,130249.6,2026-06-09,2026-05-28,SHIPPED
SO100285,2026-08-03,CUST_008,China,V9-NAND-2Tb,3697,19.91,73607.27,2026-08-24,2026-08-20,SHIPPED
SO100286,2026-04-24,CUST_039,Korea,V8-NAND-1Tb,2767,32.57,90121.19,2026-05-15,2026-05-17,SHIPPED
SO100287,2026-08-04,CUST_022,Taiwan,V9-NAND-2Tb,1225,32.71,40069.75,2026-08-25,2026-08-28,SHIPPED
SO100288,2026-06-29,CUST_022,Japan,LSI-ISOCELL-HP2,3898,10.72,41786.56,2026-07-20,2026-07-24,SHIPPED
SO100289,2025-12-09,CUST_030,Japan,D1B-DDR5-24G,4185,9.44,39506.4,2025-12-30,2025-12-28,SHIPPED
SO100290,2026-02-19,CUST_024,Taiwan,V8-NAND-1Tb,2860,30.31,86686.6,2026-03-12,2026-03-11,SHIPPED
SO100291,2025-09-23,CUST_020,Korea,D1B-DDR5-24G,3943,33.43,131814.49,2025-10-14,2025-10-08,SHIPPED
SO100292,2026-01-02,CUST_009,USA,D1B-DDR5-24G,3840,7.04,27033.6,2026-01-23,2026-01-16,SHIPPED
SO100293,2025-07-27,CUST_013,Japan,D1Z-DDR5-16G,3235,35.95,116298.25,2025-08-17,2025-08-08,SHIPPED
SO100294,2026-06-02,CUST_012,China,V9-NAND-2Tb,3030,13.46,40783.8,2026-06-23,2026-06-29,SHIPPED
SO100295,2026-03-20,CUST_015,Europe,V8-NAND-1Tb,4393,31.13,136754.09,2026-04-10,2026-04-17,SHIPPED
SO100296,2025-11-09,CUST_012,China,D1Z-DDR5-16G,1093,39.65,43337.45,2025-11-30,2025-12-01,SHIPPED
SO100297,2025-08-06,CUST_029,Taiwan,V9-NAND-2Tb,735,7.66,5630.1,2025-08-27,,OPEN
SO100298,2026-04-03,CUST_026,Europe,V8-NAND-1Tb,821,30.06,24679.26,2026-04-24,2026-04-25,SHIPPED
SO100299,2025-10-14,CUST_022,Taiwan,D1Z-DDR5-16G,3666,9.19,33690.54,2025-11-04,2025-10-25,SHIPPED
SO100300,2025-09-24,CUST_007,China,V9-NAND-2Tb,1828,24.15,44146.2,2025-10-15,,CANCELLED
SO100301,2026-03-23,CUST_029,Korea,V9-NAND-2Tb,2594,12.82,33255.08,2026-04-13,2026-04-11,SHIPPED
SO100302,2025-07-22,CUST_018,USA,D1B-DDR5-24G,1529,23.85,36466.65,2025-08-12,2025-08-02,SHIPPED
SO100303,2025-07-01,CUST_022,Europe,V9-NAND-2Tb,1344,8.68,11665.92,2025-07-22,2025-07-10,SHIPPED
SO100304,2026-01-26,CUST_008,Taiwan,V8-NAND-1Tb,2240,36.87,82588.8,2026-02-16,2026-02-15,SHIPPED
SO100305,2026-01-15,CUST_021,Korea,V9-NAND-2Tb,293,4.14,1213.02,2026-02-05,2026-02-12,SHIPPED
SO100306,2025-07-09,CUST_024,Europe,V8-NAND-1Tb,2356,37.92,89339.52,2025-07-30,2025-08-13,SHIPPED
SO100307,2025-10-04,CUST_035,Taiwan,V8-NAND-1Tb,2331,4.31,10046.61,2025-10-25,2025-10-19,SHIPPED
SO100308,2025-12-26,CUST_011,Korea,V9-NAND-2Tb,3010,26.24,78982.4,2026-01-16,2026-01-10,SHIPPED
SO100309,2025-09-26,CUST_016,Europe,V9-NAND-2Tb,3283,4.21,13821.43,2025-10-17,2025-10-05,SHIPPED
SO100310,2025-11-06,CUST_014,USA,V8-NAND-1Tb,3402,21.29,72428.58,2025-11-27,,OPEN
SO100311,2026-02-17,CUST_021,Japan,D1Z-DDR5-16G,3244,12.24,39706.56,2026-03-10,2026-03-01,SHIPPED
SO100312,2025-09-29,CUST_031,Korea,LSI-ISOCELL-HP2,731,18.03,13179.93,2025-10-20,,OPEN
SO100313,2026-05-21,CUST_037,USA,V9-NAND-2Tb,3341,19.03,63579.23,2026-06-11,2026-06-12,SHIPPED
SO100314,2025-12-01,CUST_024,Taiwan,D1Z-DDR5-16G,1512,14.89,22513.68,2025-12-22,2025-12-31,SHIPPED
SO100315,2026-03-14,CUST_014,China,V9-NAND-2Tb,3204,5.55,17782.2,2026-04-04,2026-04-17,SHIPPED
SO100316,2025-08-04,CUST_011,China,D1Z-DDR5-16G,3622,31.29,113332.38,2025-08-25,,OPEN
SO100317,2025-09-24,CUST_036,China,LSI-ISOCELL-HP2,3106,10.05,31215.3,2025-10-15,2025-09-25,SHIPPED
SO100318,2025-11-05,CUST_007,Korea,LSI-ISOCELL-HP2,426,16.62,7080.12,2025-11-26,2025-12-12,SHIPPED
SO100319,2026-02-04,CUST_008,USA,V8-NAND-1Tb,2190,31.83,69707.7,2026-02-25,2026-02-23,SHIPPED
SO100320,2026-04-18,CUST_006,China,D1B-DDR5-24G,1330,2.73,3630.9,2026-05-09,2026-05-20,SHIPPED
SO100321,2026-05-24,CUST_031,Europe,V9-NAND-2Tb,5080,16.72,84937.6,2026-06-14,2026-06-29,SHIPPED
SO100322,2026-07-28,CUST_029,USA,V8-NAND-1Tb,4003,2.66,10647.98,2026-08-18,2026-08-02,SHIPPED
SO100323,2026-07-10,CUST_034,Europe,V9-NAND-2Tb,2694,13.1,35291.4,2026-07-31,2026-08-10,SHIPPED
SO100324,2025-12-15,CUST_024,Taiwan,V8-NAND-1Tb,1287,26.54,34156.98,2026-01-05,,OPEN
SO100325,2026-06-16,CUST_030,Japan,LSI-ISOCELL-HP2,998,32.34,32275.32,2026-07-07,2026-06-26,SHIPPED
SO100326,2026-04-03,CUST_039,Korea,D1B-DDR5-24G,1215,22.41,27228.15,2026-04-24,2026-05-07,SHIPPED
SO100327,2026-04-30,CUST_008,Taiwan,V8-NAND-1Tb,3567,20.36,72624.12,2026-05-21,2026-05-18,SHIPPED
SO100328,2026-03-22,CUST_019,Taiwan,LSI-ISOCELL-HP2,4766,18.68,89028.88,2026-04-12,2026-04-29,SHIPPED
SO100329,2026-04-13,CUST_012,Korea,V8-NAND-1Tb,1355,33.04,44769.2,2026-05-04,2026-05-04,SHIPPED
SO100330,2026-01-06,CUST_014,Taiwan,V9-NAND-2Tb,2403,6.14,14754.42,2026-01-27,2026-01-28,SHIPPED
SO100331,2025-09-29,CUST_001,China,LSI-ISOCELL-HP2,1596,34.97,55812.12,2025-10-20,2025-10-11,SHIPPED
SO100332,2026-05-03,CUST_011,Europe,LSI-ISOCELL-HP2,586,17.4,10196.4,2026-05-24,2026-05-27,SHIPPED
SO100333,2025-10-03,CUST_005,Europe,V8-NAND-1Tb,2508,41.07,103003.56,2025-10-24,2025-11-01,SHIPPED
SO100334,2026-05-12,CUST_028,Europe,D1B-DDR5-24G,1854,12.63,23416.02,2026-06-02,2026-05-19,SHIPPED
SO100335,2025-10-27,CUST_018,Japan,D1Z-DDR5-16G,406,33.65,13661.9,2025-11-17,2025-11-19,SHIPPED
SO100336,2026-04-18,CUST_026,Korea,D1B-DDR5-24G,3175,20.56,65278.0,2026-05-09,2026-05-06,SHIPPED
SO100337,2026-07-12,CUST_032,Japan,D1Z-DDR5-16G,3035,19.86,60275.1,2026-08-02,,OPEN
SO100338,2025-12-30,CUST_036,Japan,LSI-ISOCELL-HP2,2552,12.65,32282.8,2026-01-20,2026-01-04,SHIPPED
SO100339,2026-06-02,CUST_034,USA,V9-NAND-2Tb,1982,20.97,41562.54,2026-06-23,2026-06-09,SHIPPED
SO100340,2026-06-09,CUST_021,Europe,V8-NAND-1Tb,2266,26.6,60275.6,2026-06-30,2026-06-16,SHIPPED
SO100341,2026-04-12,CUST_017,Taiwan,D1Z-DDR5-16G,5179,29.11,150760.69,2026-05-03,2026-04-13,SHIPPED
SO100342,2025-07-17,CUST_021,Japan,D1B-DDR5-24G,2924,7.99,23362.76,2025-08-07,2025-07-30,SHIPPED
SO100343,2026-07-07,CUST_005,Taiwan,D1B-DDR5-24G,3008,6.31,18980.48,2026-07-28,2026-08-08,SHIPPED
SO100344,2026-07-23,CUST_035,Japan,D1B-DDR5-24G,1482,39.54,58598.28,2026-08-13,,OPEN
SO100345,2025-08-08,CUST_036,Korea,D1B-DDR5-24G,2322,8.94,20758.68,2025-08-29,2025-08-22,SHIPPED
SO100346,2025-07-02,CUST_019,Taiwan,D1Z-DDR5-16G,2384,34.45,82128.8,2025-07-23,2025-08-05,SHIPPED
SO100347,2025-09-25,CUST_001,USA,V9-NAND-2Tb,4206,8.7,36592.2,2025-10-16,2025-10-12,SHIPPED
SO100348,2026-06-10,CUST_038,Taiwan,V8-NAND-1Tb,1278,30.85,39426.3,2026-07-01,2026-06-24,SHIPPED
SO100349,2026-02-08,CUST_013,USA,LSI-ISOCELL-HP2,3031,12.0,36372.0,2026-03-01,2026-03-11,SHIPPED
SO100350,2026-01-30,CUST_002,Europe,D1Z-DDR5-16G,2451,22.72,55686.72,2026-02-20,2026-02-12,SHIPPED
SO100351,2025-11-11,CUST_032,Japan,D1Z-DDR5-16G,312,33.48,10445.76,2025-12-02,2025-11-21,SHIPPED
SO100352,2026-05-18,CUST_019,Taiwan,D1Z-DDR5-16G,417,29.36,12243.12,2026-06-08,2026-06-02,SHIPPED
SO100353,2025-09-22,CUST_024,Europe,D1B-DDR5-24G,3547,40.24,142731.28,2025-10-13,2025-10-14,SHIPPED
SO100354,2025-11-22,CUST_021,China,V8-NAND-1Tb,1818,33.32,60575.76,2025-12-13,2025-12-09,SHIPPED
SO100355,2026-01-11,CUST_029,Taiwan,V8-NAND-1Tb,1821,5.7,10379.7,2026-02-01,2026-02-05,SHIPPED
SO100356,2026-02-11,CUST_035,Taiwan,V9-NAND-2Tb,1502,5.88,8831.76,2026-03-04,2026-02-24,SHIPPED
SO100357,2026-07-02,CUST_021,USA,V9-NAND-2Tb,2514,25.42,63905.88,2026-07-23,2026-07-11,SHIPPED
SO100358,2026-03-01,CUST_018,USA,LSI-ISOCELL-HP2,743,37.5,27862.5,2026-03-22,,OPEN
SO100359,2026-07-01,CUST_037,Europe,V8-NAND-1Tb,1429,41.67,59546.43,2026-07-22,2026-08-05,SHIPPED
SO100360,2025-10-13,CUST_040,China,D1B-DDR5-24G,4576,14.7,67267.2,2025-11-03,2025-11-19,SHIPPED
SO100361,2025-08-07,CUST_017,Japan,V9-NAND-2Tb,1277,11.67,14902.59,2025-08-28,2025-08-12,SHIPPED
SO100362,2026-05-16,CUST_033,China,V8-NAND-1Tb,2494,28.46,70979.24,2026-06-06,2026-06-28,SHIPPED
SO100363,2025-09-21,CUST_011,China,D1Z-DDR5-16G,4010,31.13,124831.3,2025-10-12,2025-10-19,SHIPPED
SO100364,2025-08-31,CUST_014,Europe,D1B-DDR5-24G,2341,39.01,91322.41,2025-09-21,2025-09-15,SHIPPED
SO100365,2025-10-16,CUST_035,Europe,V8-NAND-1Tb,2116,22.1,46763.6,2025-11-06,2025-11-15,SHIPPED
SO100366,2026-05-11,CUST_003,China,V9-NAND-2Tb,3178,15.2,48305.6,2026-06-01,2026-06-21,SHIPPED
SO100367,2025-12-24,CUST_040,Europe,V9-NAND-2Tb,3154,17.48,55131.92,2026-01-14,2026-01-04,SHIPPED
SO100368,2026-02-07,CUST_033,Korea,V9-NAND-2Tb,2432,18.27,44432.64,2026-02-28,,OPEN
SO100369,2025-07-17,CUST_033,USA,D1B-DDR5-24G,755,4.35,3284.25,2025-08-07,2025-08-17,SHIPPED
SO100370,2026-07-09,CUST_013,USA,V9-NAND-2Tb,4568,33.68,153850.24,2026-07-30,2026-07-19,SHIPPED
SO100371,2025-11-13,CUST_021,Japan,V9-NAND-2Tb,574,3.12,1790.88,2025-12-04,2025-11-27,SHIPPED
SO100372,2025-09-10,CUST_001,Korea,D1Z-DDR5-16G,3880,26.79,103945.2,2025-10-01,,OPEN
SO100373,2025-07-07,CUST_005,Europe,D1B-DDR5-24G,1372,6.06,8314.32,2025-07-28,2025-07-22,SHIPPED
SO100374,2026-01-01,CUST_023,Taiwan,V8-NAND-1Tb,2485,14.17,35212.45,2026-01-22,2026-01-21,SHIPPED
SO100375,2025-08-12,CUST_032,Europe,V8-NAND-1Tb,4322,31.17,134716.74,2025-09-02,2025-09-02,SHIPPED
SO100376,2025-12-16,CUST_010,Europe,D1Z-DDR5-16G,2350,11.24,26414.0,2026-01-06,,OPEN
SO100377,2026-06-16,CUST_017,Japan,D1Z-DDR5-16G,2612,10.08,26328.96,2026-07-07,2026-07-05,SHIPPED
SO100378,2025-07-05,CUST_024,Korea,LSI-ISOCELL-HP2,6310,20.05,126515.5,2025-07-26,2025-07-23,SHIPPED
SO100379,2026-07-19,CUST_025,USA,LSI-ISOCELL-HP2,1136,36.21,41134.56,2026-08-09,2026-08-04,SHIPPED
SO100380,2026-01-16,CUST_006,USA,LSI-ISOCELL-HP2,1447,20.06,29026.82,2026-02-06,2026-02-15,SHIPPED
SO100381,2025-08-14,CUST_008,USA,D1Z-DDR5-16G,2773,23.43,64971.39,2025-09-04,2025-08-31,SHIPPED
SO100382,2025-10-18,CUST_001,Japan,LSI-ISOCELL-HP2,2098,13.67,28679.66,2025-11-08,2025-11-11,SHIPPED
SO100383,2026-05-14,CUST_031,Europe,D1B-DDR5-24G,2552,20.65,52698.8,2026-06-04,2026-05-23,SHIPPED
SO100384,2025-10-05,CUST_032,Taiwan,D1B-DDR5-24G,1664,26.36,43863.04,2025-10-26,2025-11-05,SHIPPED
SO100385,2026-06-28,CUST_035,Japan,V9-NAND-2Tb,1940,9.34,18119.6,2026-07-19,2026-07-18,SHIPPED
SO100386,2025-07-25,CUST_014,China,D1B-DDR5-24G,3007,39.67,119287.69,2025-08-15,,OPEN
SO100387,2026-01-22,CUST_030,USA,D1Z-DDR5-16G,2069,6.41,13262.29,2026-02-12,2026-02-14,SHIPPED
SO100388,2025-08-20,CUST_014,Korea,V8-NAND-1Tb,3181,26.85,85409.85,2025-09-10,2025-09-12,SHIPPED
SO100389,2026-08-02,CUST_024,Korea,V8-NAND-1Tb,3831,5.68,21760.08,2026-08-23,,OPEN
SO100390,2026-04-03,CUST_019,Japan,V9-NAND-2Tb,3600,26.54,95544.0,2026-04-24,2026-04-15,SHIPPED
SO100391,2025-08-31,CUST_003,China,D1B-DDR5-24G,2472,9.57,23657.04,2025-09-21,2025-09-22,SHIPPED
SO100392,2026-06-21,CUST_036,Taiwan,V9-NAND-2Tb,410,30.71,12591.1,2026-07-12,2026-07-12,SHIPPED
SO100393,2026-03-02,CUST_031,China,D1Z-DDR5-16G,1416,16.7,23647.2,2026-03-23,2026-03-25,SHIPPED
SO100394,2026-01-17,CUST_018,Europe,D1B-DDR5-24G,3392,39.2,132966.4,2026-02-07,,OPEN
SO100395,2026-05-08,CUST_029,Korea,D1B-DDR5-24G,2257,4.2,9479.4,2026-05-29,2026-05-17,SHIPPED
SO100396,2025-11-16,CUST_025,China,V8-NAND-1Tb,1620,32.81,53152.2,2025-12-07,2025-11-24,SHIPPED
SO100397,2025-09-02,CUST_030,USA,LSI-ISOCELL-HP2,891,3.98,3546.18,2025-09-23,2025-09-18,SHIPPED
SO100398,2025-11-13,CUST_010,Korea,D1Z-DDR5-16G,1919,2.2,4221.8,2025-12-04,2025-11-27,SHIPPED
SO100399,2025-10-14,CUST_006,Taiwan,LSI-ISOCELL-HP2,3064,34.62,106075.68,2025-11-04,2025-11-12,SHIPPED
SO100400,2025-07-01,CUST_016,Japan,D1Z-DDR5-16G,3367,33.68,113400.56,2025-07-22,2025-08-01,SHIPPED
SO100401,2025-11-07,CUST_025,Europe,LSI-ISOCELL-HP2,2953,5.66,16713.98,2025-11-28,2025-11-22,SHIPPED
SO100402,2026-03-18,CUST_036,Korea,V8-NAND-1Tb,2778,15.56,43225.68,2026-04-08,2026-04-18,SHIPPED
SO100403,2025-10-07,CUST_040,Taiwan,D1Z-DDR5-16G,2427,40.34,97905.18,2025-10-28,2025-10-23,SHIPPED
SO100404,2025-10-15,CUST_023,USA,D1B-DDR5-24G,4495,12.72,57176.4,2025-11-05,2025-11-15,SHIPPED
SO100405,2026-06-03,CUST_034,USA,V8-NAND-1Tb,2238,18.42,41223.96,2026-06-24,2026-06-19,SHIPPED
SO100406,2025-09-21,CUST_004,Japan,V9-NAND-2Tb,3618,9.83,35564.94,2025-10-12,2025-10-02,SHIPPED
SO100407,2025-10-21,CUST_024,Korea,V8-NAND-1Tb,1370,35.1,48087.0,2025-11-11,2025-10-31,SHIPPED
SO100408,2026-07-02,CUST_003,China,V8-NAND-1Tb,3485,41.31,143965.35,2026-07-23,,OPEN
SO100409,2026-04-25,CUST_031,Europe,D1Z-DDR5-16G,2869,2.52,7229.88,2026-05-16,2026-05-18,SHIPPED
SO100410,2026-06-21,CUST_031,USA,V8-NAND-1Tb,1864,36.35,67756.4,2026-07-12,2026-07-17,SHIPPED
SO100411,2026-01-10,CUST_027,USA,V9-NAND-2Tb,504,7.78,3921.12,2026-01-31,2026-02-07,SHIPPED
SO100412,2026-01-13,CUST_019,Europe,V9-NAND-2Tb,2197,34.88,76631.36,2026-02-03,2026-03-01,SHIPPED
SO100413,2026-04-28,CUST_010,Taiwan,D1Z-DDR5-16G,2233,15.63,34901.79,2026-05-19,2026-05-12,SHIPPED
SO100414,2025-12-20,CUST_011,China,LSI-ISOCELL-HP2,1839,10.99,20210.61,2026-01-10,,OPEN
SO100415,2025-12-14,CUST_023,China,D1B-DDR5-24G,2783,3.28,9128.24,2026-01-04,2025-12-28,SHIPPED
SO100416,2026-05-25,CUST_005,Europe,V8-NAND-1Tb,1631,32.7,53333.7,2026-06-15,2026-06-07,SHIPPED
SO100417,2026-06-25,CUST_038,Europe,V8-NAND-1Tb,695,3.79,2634.05,2026-07-16,2026-07-02,SHIPPED
SO100418,2025-12-20,CUST_027,Taiwan,V8-NAND-1Tb,809,6.16,4983.44,2026-01-10,2026-01-07,SHIPPED
SO100419,2026-07-05,CUST_040,Korea,D1B-DDR5-24G,3515,29.38,103270.7,2026-07-26,2026-08-02,SHIPPED
SO100420,2026-04-05,CUST_016,Korea,LSI-ISOCELL-HP2,1614,13.52,21821.28,2026-04-26,,OPEN
SO100421,2025-08-26,CUST_040,Taiwan,V9-NAND-2Tb,2865,11.84,33921.6,2025-09-16,2025-09-19,SHIPPED
SO100422,2026-03-31,CUST_005,China,V8-NAND-1Tb,473,31.32,14814.36,2026-04-21,2026-04-25,SHIPPED
SO100423,2025-11-14,CUST_004,Korea,D1Z-DDR5-16G,3527,24.68,87046.36,2025-12-05,2025-11-23,SHIPPED
SO100424,2026-05-17,CUST_019,Japan,D1B-DDR5-24G,1611,21.13,34040.43,2026-06-07,2026-06-10,SHIPPED
SO100425,2026-02-07,CUST_032,Japan,LSI-ISOCELL-HP2,4276,25.39,108567.64,2026-02-28,2026-02-27,SHIPPED
SO100426,2025-09-11,CUST_028,Korea,LSI-ISOCELL-HP2,2321,40.3,93536.3,2025-10-02,2025-10-06,SHIPPED
SO100427,2026-04-18,CUST_026,Taiwan,LSI-ISOCELL-HP2,3718,28.28,105145.04,2026-05-09,,OPEN
SO100428,2025-08-20,CUST_024,Europe,LSI-ISOCELL-HP2,2915,19.76,57600.4,2025-09-10,,CANCELLED
SO100429,2026-02-19,CUST_040,China,LSI-ISOCELL-HP2,2562,8.09,20726.58,2026-03-12,2026-03-17,SHIPPED
SO100430,2025-11-06,CUST_034,Taiwan,LSI-ISOCELL-HP2,5270,31.94,168323.8,2025-11-27,2025-11-15,SHIPPED
SO100431,2026-05-19,CUST_005,Japan,D1B-DDR5-24G,2144,8.56,18352.64,2026-06-09,2026-05-24,SHIPPED
SO100432,2025-10-17,CUST_008,Europe,V9-NAND-2Tb,1916,35.04,67136.64,2025-11-07,2025-11-08,SHIPPED
SO100433,2026-04-02,CUST_024,Japan,V8-NAND-1Tb,2429,16.53,40151.37,2026-04-23,2026-05-04,SHIPPED
SO100434,2025-08-25,CUST_010,Taiwan,D1B-DDR5-24G,1363,16.92,23061.96,2025-09-15,2025-09-08,SHIPPED
SO100435,2025-11-09,CUST_006,USA,D1B-DDR5-24G,3596,29.54,106225.84,2025-11-30,2025-12-07,SHIPPED
SO100436,2026-05-27,CUST_008,Taiwan,V8-NAND-1Tb,2614,17.69,46241.66,2026-06-17,2026-06-13,SHIPPED
SO100437,2026-02-19,CUST_012,Taiwan,V9-NAND-2Tb,1802,30.31,54618.62,2026-03-12,2026-03-15,SHIPPED
SO100438,2025-07-05,CUST_003,Korea,V8-NAND-1Tb,3025,12.92,39083.0,2025-07-26,2025-08-13,SHIPPED
SO100439,2026-02-11,CUST_011,Taiwan,V8-NAND-1Tb,577,2.8,1615.6,2026-03-04,2026-02-24,SHIPPED
SO100440,2025-09-03,CUST_012,Taiwan,LSI-ISOCELL-HP2,3832,21.14,81008.48,2025-09-24,2025-09-13,SHIPPED
SO100441,2025-12-15,CUST_040,USA,V9-NAND-2Tb,3086,9.82,30304.52,2026-01-05,,OPEN
SO100442,2026-08-01,CUST_014,Japan,D1Z-DDR5-16G,798,36.8,29366.4,2026-08-22,2026-08-22,SHIPPED
SO100443,2025-11-29,CUST_005,China,V9-NAND-2Tb,3013,7.12,21452.56,2025-12-20,2025-12-14,SHIPPED
SO100444,2025-09-10,CUST_024,Taiwan,V9-NAND-2Tb,1439,19.05,27412.95,2025-10-01,2025-09-24,SHIPPED
SO100445,2026-01-28,CUST_034,China,D1B-DDR5-24G,3187,1.91,6087.17,2026-02-18,2026-02-06,SHIPPED
SO100446,2026-01-02,CUST_038,Korea,D1Z-DDR5-16G,1145,28.32,32426.4,2026-01-23,2026-01-12,SHIPPED
SO100447,2025-07-23,CUST_008,Japan,V9-NAND-2Tb,2787,26.24,73130.88,2025-08-13,2025-08-19,SHIPPED
SO100448,2025-12-03,CUST_032,Japan,V8-NAND-1Tb,2144,18.0,38592.0,2025-12-24,2025-12-30,SHIPPED
SO100449,2026-06-02,CUST_039,Europe,V8-NAND-1Tb,1414,41.59,58808.26,2026-06-23,2026-07-08,SHIPPED
SO100450,2026-07-15,CUST_036,USA,D1B-DDR5-24G,3575,28.49,101851.75,2026-08-05,2026-08-05,SHIPPED
SO100451,2025-10-20,CUST_039,Korea,V9-NAND-2Tb,1866,9.84,18361.44,2025-11-10,,OPEN
SO100452,2025-11-22,CUST_026,USA,V9-NAND-2Tb,2301,20.59,47377.59,2025-12-13,2025-12-10,SHIPPED
SO100453,2025-10-22,CUST_013,USA,D1Z-DDR5-16G,1830,33.36,61048.8,2025-11-12,2025-11-22,SHIPPED
SO100454,2026-03-26,CUST_010,Korea,LSI-ISOCELL-HP2,1812,12.37,22414.44,2026-04-16,2026-04-16,SHIPPED
SO100455,2025-10-03,CUST_037,Korea,V9-NAND-2Tb,2213,25.11,55568.43,2025-10-24,2025-11-12,SHIPPED
SO100456,2026-02-07,CUST_030,Taiwan,D1B-DDR5-24G,1176,35.02,41183.52,2026-02-28,2026-03-15,SHIPPED
SO100457,2025-12-07,CUST_027,Europe,LSI-ISOCELL-HP2,2215,4.34,9613.1,2025-12-28,2025-12-26,SHIPPED
SO100458,2026-04-02,CUST_033,Taiwan,LSI-ISOCELL-HP2,1184,38.28,45323.52,2026-04-23,2026-04-21,SHIPPED
SO100459,2026-08-01,CUST_035,Japan,LSI-ISOCELL-HP2,1411,4.58,6462.38,2026-08-22,2026-08-11,SHIPPED
SO100460,2025-11-21,CUST_038,Europe,V9-NAND-2Tb,2254,15.09,34012.86,2025-12-12,2025-12-14,SHIPPED
SO100461,2025-09-30,CUST_022,Japan,LSI-ISOCELL-HP2,3872,15.33,59357.76,2025-10-21,2025-10-22,SHIPPED
SO100462,2026-04-21,CUST_010,Europe,V9-NAND-2Tb,2197,31.58,69381.26,2026-05-12,2026-05-25,SHIPPED
SO100463,2026-01-22,CUST_035,Taiwan,D1B-DDR5-24G,4019,14.34,57632.46,2026-02-12,2026-02-12,SHIPPED
SO100464,2026-07-21,CUST_016,Japan,V8-NAND-1Tb,2470,8.35,20624.5,2026-08-11,,CANCELLED
SO100465,2026-07-11,CUST_011,Japan,V8-NAND-1Tb,1553,16.84,26152.52,2026-08-01,2026-07-21,SHIPPED
SO100466,2025-12-18,CUST_031,Europe,LSI-ISOCELL-HP2,2461,38.6,94994.6,2026-01-08,2025-12-26,SHIPPED
SO100467,2026-06-12,CUST_003,USA,LSI-ISOCELL-HP2,3237,33.05,106982.85,2026-07-03,2026-07-13,SHIPPED
SO100468,2025-07-02,CUST_019,Japan,LSI-ISOCELL-HP2,3260,16.06,52355.6,2025-07-23,2025-07-26,SHIPPED
SO100469,2026-05-26,CUST_040,China,LSI-ISOCELL-HP2,3224,17.81,57419.44,2026-06-16,2026-06-04,SHIPPED
SO100470,2026-01-30,CUST_036,Japan,V9-NAND-2Tb,4261,29.01,123611.61,2026-02-20,,OPEN
SO100471,2025-09-11,CUST_034,China,V9-NAND-2Tb,3978,39.08,155460.24,2025-10-02,2025-09-23,SHIPPED
SO100472,2026-04-20,CUST_030,Taiwan,LSI-ISOCELL-HP2,2050,26.53,54386.5,2026-05-11,,OPEN
SO100473,2025-08-06,CUST_001,Japan,LSI-ISOCELL-HP2,3211,19.73,63353.03,2025-08-27,2025-08-27,SHIPPED
SO100474,2025-09-07,CUST_024,Korea,V8-NAND-1Tb,1581,20.99,33185.19,2025-09-28,,OPEN
SO100475,2026-07-22,CUST_028,Taiwan,D1B-DDR5-24G,2245,35.47,79630.15,2026-08-12,,OPEN
SO100476,2025-08-18,CUST_020,Japan,LSI-ISOCELL-HP2,4376,26.95,117933.2,2025-09-08,,OPEN
SO100477,2026-07-01,CUST_005,China,V9-NAND-2Tb,1203,5.96,7169.88,2026-07-22,2026-08-02,SHIPPED
SO100478,2025-08-03,CUST_016,USA,V9-NAND-2Tb,1302,37.42,48720.84,2025-08-24,2025-08-25,SHIPPED
SO100479,2025-12-11,CUST_039,Taiwan,LSI-ISOCELL-HP2,1508,21.2,31969.6,2026-01-01,2025-12-16,SHIPPED
SO100480,2026-04-12,CUST_032,China,V8-NAND-1Tb,2555,25.75,65791.25,2026-05-03,2026-05-05,SHIPPED
SO100481,2026-01-08,CUST_027,Korea,V8-NAND-1Tb,342,17.11,5851.62,2026-01-29,2026-02-01,SHIPPED
SO100482,2025-08-31,CUST_035,Europe,D1Z-DDR5-16G,3518,9.74,34265.32,2025-09-21,2025-09-08,SHIPPED
SO100483,2025-11-21,CUST_032,Europe,V9-NAND-2Tb,4503,27.46,123652.38,2025-12-12,2025-12-10,SHIPPED
SO100484,2026-04-04,CUST_014,Japan,D1B-DDR5-24G,3035,18.83,57149.05,2026-04-25,2026-04-12,SHIPPED
SO100485,2026-04-16,CUST_013,China,LSI-ISOCELL-HP2,1494,23.05,34436.7,2026-05-07,2026-05-07,SHIPPED
SO100486,2026-01-30,CUST_022,Taiwan,LSI-ISOCELL-HP2,1224,41.52,50820.48,2026-02-20,2026-02-18,SHIPPED
SO100487,2026-03-03,CUST_032,China,V9-NAND-2Tb,2192,24.54,53791.68,2026-03-24,2026-03-12,SHIPPED
SO100488,2026-04-18,CUST_029,Korea,D1B-DDR5-24G,3561,26.86,95648.46,2026-05-09,2026-05-12,SHIPPED
SO100489,2026-03-11,CUST_010,Europe,D1B-DDR5-24G,1598,40.4,64559.2,2026-04-01,2026-03-29,SHIPPED
SO100490,2025-08-19,CUST_006,USA,D1Z-DDR5-16G,1393,41.71,58102.03,2025-09-09,2025-09-21,SHIPPED
SO100491,2026-03-12,CUST_029,Taiwan,D1B-DDR5-24G,1846,3.69,6811.74,2026-04-02,2026-03-30,SHIPPED
SO100492,2025-11-25,CUST_028,Taiwan,V8-NAND-1Tb,2784,6.4,17817.6,2025-12-16,2025-12-05,SHIPPED
SO100493,2025-09-02,CUST_026,Japan,V9-NAND-2Tb,2786,14.63,40759.18,2025-09-23,2025-09-20,SHIPPED
SO100494,2025-12-21,CUST_030,China,D1Z-DDR5-16G,3455,6.19,21386.45,2026-01-11,2026-01-21,SHIPPED
SO100495,2025-09-14,CUST_014,Europe,D1Z-DDR5-16G,1937,41.25,79901.25,2025-10-05,2025-09-17,SHIPPED
SO100496,2026-04-01,CUST_026,Japan,LSI-ISOCELL-HP2,4745,22.41,106335.45,2026-04-22,2026-04-22,SHIPPED
SO100497,2026-05-08,CUST_025,China,D1Z-DDR5-16G,3947,21.13,83400.11,2026-05-29,2026-05-31,SHIPPED
SO100498,2025-12-29,CUST_010,Korea,D1B-DDR5-24G,2889,16.99,49084.11,2026-01-19,2026-01-22,SHIPPED
SO100499,2026-03-19,CUST_031,Europe,V9-NAND-2Tb,1742,2.45,4267.9,2026-04-09,2026-04-08,SHIPPED
SO100500,2026-07-08,CUST_034,China,V9-NAND-2Tb,1695,35.7,60511.5,2026-07-29,2026-07-30,SHIPPED
SO100501,2025-07-27,CUST_035,USA,V9-NAND-2Tb,1955,1.95,3812.25,2025-08-17,2025-08-07,SHIPPED
SO100502,2026-01-12,CUST_009,China,V8-NAND-1Tb,2493,15.71,39165.03,2026-02-02,2026-02-01,SHIPPED
SO100503,2025-12-04,CUST_010,China,D1B-DDR5-24G,4331,19.17,83025.27,2025-12-25,2025-12-22,SHIPPED
SO100504,2025-08-14,CUST_009,Taiwan,LSI-ISOCELL-HP2,5996,33.25,199367.0,2025-09-04,2025-09-11,SHIPPED
SO100505,2026-03-27,CUST_036,Korea,D1Z-DDR5-16G,1346,7.18,9664.28,2026-04-17,2026-04-19,SHIPPED
SO100506,2025-11-13,CUST_021,China,V9-NAND-2Tb,4704,37.93,178422.72,2025-12-04,2025-12-03,SHIPPED
SO100507,2026-05-24,CUST_006,Korea,D1B-DDR5-24G,2373,20.99,49809.27,2026-06-14,2026-06-17,SHIPPED
SO100508,2026-02-19,CUST_011,China,V8-NAND-1Tb,1043,7.61,7937.23,2026-03-12,2026-03-02,SHIPPED
SO100509,2026-07-13,CUST_005,USA,LSI-ISOCELL-HP2,1172,41.09,48157.48,2026-08-03,2026-08-11,SHIPPED
SO100510,2026-02-01,CUST_022,Taiwan,D1Z-DDR5-16G,3516,33.32,117153.12,2026-02-22,2026-02-15,SHIPPED
SO100511,2026-07-08,CUST_027,USA,V8-NAND-1Tb,2580,10.58,27296.4,2026-07-29,2026-08-01,SHIPPED
SO100512,2025-10-11,CUST_017,Korea,LSI-ISOCELL-HP2,1256,18.09,22721.04,2025-11-01,2025-11-07,SHIPPED
SO100513,2026-04-27,CUST_002,USA,D1Z-DDR5-16G,1214,17.88,21706.32,2026-05-18,2026-05-24,SHIPPED
SO100514,2026-05-10,CUST_009,USA,LSI-ISOCELL-HP2,3345,5.29,17695.05,2026-05-31,2026-06-07,SHIPPED
SO100515,2025-12-27,CUST_022,USA,V9-NAND-2Tb,2170,30.91,67074.7,2026-01-17,2026-01-14,SHIPPED
SO100516,2025-11-12,CUST_029,Taiwan,V8-NAND-1Tb,2370,3.31,7844.7,2025-12-03,2025-11-28,SHIPPED
SO100517,2025-11-17,CUST_036,USA,D1Z-DDR5-16G,1543,19.85,30628.55,2025-12-08,2025-11-26,SHIPPED
SO100518,2026-02-24,CUST_031,China,V9-NAND-2Tb,3655,4.38,16008.9,2026-03-17,,OPEN
SO100519,2025-07-06,CUST_020,China,D1Z-DDR5-16G,3495,26.48,92547.6,2025-07-27,2025-08-02,SHIPPED
SO100520,2025-12-27,CUST_040,Europe,V8-NAND-1Tb,3090,14.85,45886.5,2026-01-17,,CANCELLED
SO100521,2026-04-28,CUST_028,Korea,D1Z-DDR5-16G,2603,18.92,49248.76,2026-05-19,2026-05-23,SHIPPED
SO100522,2026-01-31,CUST_012,China,D1B-DDR5-24G,4628,8.86,41004.08,2026-02-21,2026-02-17,SHIPPED
SO100523,2026-03-18,CUST_023,USA,V9-NAND-2Tb,2701,19.89,53722.89,2026-04-08,2026-03-30,SHIPPED
SO100524,2026-06-16,CUST_039,China,D1Z-DDR5-16G,2315,27.08,62690.2,2026-07-07,2026-06-24,SHIPPED
SO100525,2025-11-27,CUST_006,Korea,V8-NAND-1Tb,1254,35.38,44366.52,2025-12-18,2025-12-23,SHIPPED
SO100526,2025-07-06,CUST_032,Korea,D1Z-DDR5-16G,4119,8.31,34228.89,2025-07-27,2025-07-23,SHIPPED
SO100527,2026-04-10,CUST_034,Europe,D1B-DDR5-24G,3479,9.18,31937.22,2026-05-01,2026-05-04,SHIPPED
SO100528,2026-01-20,CUST_024,Taiwan,LSI-ISOCELL-HP2,2891,36.62,105868.42,2026-02-10,2026-01-31,SHIPPED
SO100529,2025-11-21,CUST_007,Japan,LSI-ISOCELL-HP2,5379,36.01,193697.79,2025-12-12,2025-12-21,SHIPPED
SO100530,2025-09-30,CUST_029,Europe,D1B-DDR5-24G,2577,20.25,52184.25,2025-10-21,2025-10-14,SHIPPED
SO100531,2026-01-02,CUST_025,USA,V9-NAND-2Tb,2113,19.79,41816.27,2026-01-23,2026-01-31,SHIPPED
SO100532,2026-02-03,CUST_022,China,V9-NAND-2Tb,2337,14.52,33933.24,2026-02-24,2026-02-21,SHIPPED
SO100533,2026-01-26,CUST_003,Taiwan,LSI-ISOCELL-HP2,2096,20.0,41920.0,2026-02-16,2026-02-14,SHIPPED
SO100534,2025-09-22,CUST_027,Taiwan,V9-NAND-2Tb,1872,36.73,68758.56,2025-10-13,2025-10-06,SHIPPED
SO100535,2025-07-27,CUST_008,China,V8-NAND-1Tb,1679,29.28,49161.12,2025-08-17,2025-08-13,SHIPPED
SO100536,2025-10-17,CUST_007,Japan,D1B-DDR5-24G,1804,34.86,62887.44,2025-11-07,2025-11-17,SHIPPED
SO100537,2026-07-12,CUST_031,Korea,LSI-ISOCELL-HP2,3231,36.06,116509.86,2026-08-02,2026-08-16,SHIPPED
SO100538,2025-09-13,CUST_024,USA,D1Z-DDR5-16G,2312,23.36,54008.32,2025-10-04,2025-09-23,SHIPPED
SO100539,2025-12-04,CUST_028,China,V9-NAND-2Tb,2814,30.27,85179.78,2025-12-25,2026-01-04,SHIPPED
SO100540,2025-09-06,CUST_014,Japan,D1B-DDR5-24G,3714,29.14,108225.96,2025-09-27,,CANCELLED
SO100541,2025-10-22,CUST_016,Japan,D1Z-DDR5-16G,1042,17.42,18151.64,2025-11-12,2025-11-13,SHIPPED
SO100542,2026-06-28,CUST_002,Korea,D1B-DDR5-24G,3718,5.0,18590.0,2026-07-19,2026-07-19,SHIPPED
SO100543,2025-08-30,CUST_031,Europe,D1Z-DDR5-16G,1947,4.98,9696.06,2025-09-20,2025-10-07,SHIPPED
SO100544,2025-10-25,CUST_014,Japan,V9-NAND-2Tb,2656,38.0,100928.0,2025-11-15,2025-11-20,SHIPPED
SO100545,2025-10-05,CUST_011,China,V8-NAND-1Tb,1760,32.36,56953.6,2025-10-26,2025-10-25,SHIPPED
SO100546,2025-10-26,CUST_019,USA,V8-NAND-1Tb,2454,40.25,98773.5,2025-11-16,2025-11-17,SHIPPED
SO100547,2025-09-26,CUST_029,China,D1B-DDR5-24G,3729,2.36,8800.44,2025-10-17,2025-10-15,SHIPPED
SO100548,2025-11-06,CUST_026,Korea,V8-NAND-1Tb,3130,9.91,31018.3,2025-11-27,2025-11-22,SHIPPED
SO100549,2025-12-05,CUST_037,Japan,D1B-DDR5-24G,4851,18.73,90859.23,2025-12-26,2025-12-29,SHIPPED
SO100550,2025-10-03,CUST_009,Europe,V9-NAND-2Tb,2649,37.47,99258.03,2025-10-24,2025-10-25,SHIPPED
SO100551,2026-03-13,CUST_008,Europe,V8-NAND-1Tb,2644,39.44,104279.36,2026-04-03,2026-03-28,SHIPPED
SO100552,2026-03-09,CUST_014,Korea,D1Z-DDR5-16G,1472,39.0,57408.0,2026-03-30,2026-03-10,SHIPPED
SO100553,2025-11-13,CUST_018,USA,V9-NAND-2Tb,2862,11.37,32540.94,2025-12-04,2025-12-08,SHIPPED
SO100554,2026-03-27,CUST_026,Taiwan,D1B-DDR5-24G,3190,34.96,111522.4,2026-04-17,2026-04-14,SHIPPED
SO100555,2025-09-16,CUST_017,Japan,D1B-DDR5-24G,2832,24.27,68732.64,2025-10-07,2025-09-21,SHIPPED
SO100556,2026-06-14,CUST_018,Japan,D1Z-DDR5-16G,3317,33.33,110555.61,2026-07-05,2026-07-22,SHIPPED
SO100557,2025-07-17,CUST_013,Korea,LSI-ISOCELL-HP2,1807,20.27,36627.89,2025-08-07,2025-08-16,SHIPPED
SO100558,2025-07-23,CUST_010,Korea,V9-NAND-2Tb,3099,27.67,85749.33,2025-08-13,2025-07-26,SHIPPED
SO100559,2025-09-12,CUST_034,Japan,V8-NAND-1Tb,2401,35.62,85523.62,2025-10-03,2025-09-28,SHIPPED
SO100560,2025-08-29,CUST_003,Taiwan,D1B-DDR5-24G,4151,34.67,143915.17,2025-09-19,2025-09-29,SHIPPED
SO100561,2026-02-11,CUST_029,China,D1B-DDR5-24G,1267,17.44,22096.48,2026-03-04,2026-03-05,SHIPPED
SO100562,2025-08-05,CUST_034,Korea,V8-NAND-1Tb,3145,40.13,126208.85,2025-08-26,2025-08-26,SHIPPED
SO100563,2026-06-23,CUST_020,China,D1Z-DDR5-16G,235,31.74,7458.9,2026-07-14,,OPEN
SO100564,2026-01-14,CUST_033,USA,V8-NAND-1Tb,2879,7.17,20642.43,2026-02-04,2026-01-29,SHIPPED
SO100565,2026-02-02,CUST_022,Europe,D1Z-DDR5-16G,2250,9.96,22410.0,2026-02-23,,OPEN
SO100566,2026-06-04,CUST_034,Japan,D1B-DDR5-24G,1,39.93,39.93,2026-06-25,2026-06-22,SHIPPED
SO100567,2026-01-19,CUST_015,USA,D1B-DDR5-24G,3897,21.0,81837.0,2026-02-09,2026-02-23,SHIPPED
SO100568,2025-12-04,CUST_036,China,V8-NAND-1Tb,1832,5.57,10204.24,2025-12-25,2025-12-27,SHIPPED
SO100569,2025-10-24,CUST_028,China,V9-NAND-2Tb,1,25.88,25.88,2025-11-14,2025-11-27,SHIPPED
SO100570,2026-03-27,CUST_037,Korea,D1Z-DDR5-16G,1726,26.88,46394.88,2026-04-17,2026-04-17,SHIPPED
SO100571,2025-08-09,CUST_016,Europe,V9-NAND-2Tb,1869,28.29,52874.01,2025-08-30,2025-08-28,SHIPPED
SO100572,2026-06-01,CUST_011,Korea,V8-NAND-1Tb,1762,33.92,59767.04,2026-06-22,2026-06-30,SHIPPED
SO100573,2025-10-19,CUST_026,Europe,D1Z-DDR5-16G,1216,8.13,9886.08,2025-11-09,2025-11-10,SHIPPED
SO100574,2025-12-18,CUST_033,Japan,D1Z-DDR5-16G,2513,29.55,74259.15,2026-01-08,2026-01-03,SHIPPED
SO100575,2026-02-23,CUST_021,China,V8-NAND-1Tb,3337,39.86,133012.82,2026-03-16,2026-03-20,SHIPPED
SO100576,2026-06-25,CUST_036,Japan,D1Z-DDR5-16G,2354,32.27,75963.58,2026-07-16,,OPEN
SO100577,2025-10-08,CUST_038,Korea,D1Z-DDR5-16G,2313,9.39,21719.07,2025-10-29,2025-10-29,SHIPPED
SO100578,2025-10-14,CUST_029,China,LSI-ISOCELL-HP2,3727,6.05,22548.35,2025-11-04,2025-11-08,SHIPPED
SO100579,2026-03-21,CUST_033,Japan,LSI-ISOCELL-HP2,914,29.39,26862.46,2026-04-11,2026-04-11,SHIPPED
SO100580,2026-03-06,CUST_002,USA,V9-NAND-2Tb,483,15.19,7336.77,2026-03-27,2026-03-28,SHIPPED
SO100581,2025-09-14,CUST_009,Europe,D1Z-DDR5-16G,3558,22.85,81300.3,2025-10-05,2025-10-13,SHIPPED
SO100582,2026-07-20,CUST_003,Korea,V8-NAND-1Tb,2237,36.63,81941.31,2026-08-10,2026-08-01,SHIPPED
SO100583,2026-07-06,CUST_034,USA,V9-NAND-2Tb,3188,38.96,124204.48,2026-07-27,,OPEN
SO100584,2026-04-11,CUST_026,Europe,V8-NAND-1Tb,2008,8.72,17509.76,2026-05-02,2026-04-30,SHIPPED
SO100585,2026-01-31,CUST_029,USA,D1Z-DDR5-16G,2769,10.03,27773.07,2026-02-21,2026-02-20,SHIPPED
SO100586,2025-11-29,CUST_017,Europe,V9-NAND-2Tb,2310,9.41,21737.1,2025-12-20,2025-12-15,SHIPPED
SO100587,2025-08-11,CUST_017,Korea,V9-NAND-2Tb,1831,36.75,67289.25,2025-09-01,2025-08-23,SHIPPED
SO100588,2025-09-08,CUST_016,Korea,V9-NAND-2Tb,2978,3.84,11435.52,2025-09-29,2025-09-23,SHIPPED
SO100589,2026-07-24,CUST_014,Japan,V8-NAND-1Tb,3525,25.96,91509.0,2026-08-14,2026-08-10,SHIPPED
SO100590,2026-07-06,CUST_017,USA,D1Z-DDR5-16G,885,22.49,19903.65,2026-07-27,2026-07-17,SHIPPED
SO100591,2026-07-10,CUST_021,Japan,V8-NAND-1Tb,3813,24.64,93952.32,2026-07-31,2026-08-09,SHIPPED
SO100592,2025-11-03,CUST_024,Taiwan,V8-NAND-1Tb,2765,21.07,58258.55,2025-11-24,2025-11-09,SHIPPED
SO100593,2025-10-10,CUST_006,Taiwan,LSI-ISOCELL-HP2,1499,32.0,47968.0,2025-10-31,2025-11-03,SHIPPED
SO100594,2026-01-15,CUST_023,Europe,LSI-ISOCELL-HP2,1952,25.22,49229.44,2026-02-05,2026-01-25,SHIPPED
SO100595,2026-07-28,CUST_009,Japan,V8-NAND-1Tb,2363,6.73,15902.99,2026-08-18,2026-08-17,SHIPPED
SO100596,2025-10-23,CUST_001,Japan,V8-NAND-1Tb,2263,5.15,11654.45,2025-11-13,,OPEN
SO100597,2025-12-14,CUST_006,USA,D1B-DDR5-24G,1,11.91,11.91,2026-01-04,2025-12-30,SHIPPED
SO100598,2026-03-22,CUST_024,Taiwan,D1B-DDR5-24G,2182,41.95,91534.9,2026-04-12,2026-04-14,SHIPPED
SO100599,2026-07-01,CUST_016,Europe,V8-NAND-1Tb,3581,35.09,125657.29,2026-07-22,2026-07-22,SHIPPED
SO100600,2025-07-22,CUST_019,USA,D1B-DDR5-24G,2326,19.48,45310.48,2025-08-12,2025-08-07,SHIPPED
SO100601,2025-09-01,CUST_025,Korea,LSI-ISOCELL-HP2,1637,10.64,17417.68,2025-09-22,2025-09-29,SHIPPED
SO100602,2026-03-25,CUST_039,China,V9-NAND-2Tb,1323,30.98,40986.54,2026-04-15,2026-04-26,SHIPPED
SO100603,2025-07-01,CUST_010,USA,D1Z-DDR5-16G,3190,24.6,78474.0,2025-07-22,2025-07-16,SHIPPED
SO100604,2026-06-12,CUST_037,Japan,V8-NAND-1Tb,742,17.07,12665.94,2026-07-03,2026-06-26,SHIPPED
SO100605,2025-08-23,CUST_025,Korea,V8-NAND-1Tb,3534,37.78,133514.52,2025-09-13,,OPEN
SO100606,2026-03-07,CUST_015,Korea,LSI-ISOCELL-HP2,2774,3.91,10846.34,2026-03-28,2026-04-05,SHIPPED
SO100607,2025-12-14,CUST_005,Taiwan,LSI-ISOCELL-HP2,1693,11.82,20011.26,2026-01-04,2025-12-25,SHIPPED
SO100608,2025-10-30,CUST_020,Europe,D1B-DDR5-24G,2110,14.1,29751.0,2025-11-20,2025-11-11,SHIPPED
SO100609,2025-08-17,CUST_020,Korea,LSI-ISOCELL-HP2,1269,14.7,18654.3,2025-09-07,2025-08-29,SHIPPED
SO100610,2026-05-17,CUST_006,Korea,D1B-DDR5-24G,2919,6.52,19031.88,2026-06-07,2026-06-06,SHIPPED
SO100611,2026-04-17,CUST_016,Europe,V8-NAND-1Tb,2695,16.53,44548.35,2026-05-08,2026-05-02,SHIPPED
SO100612,2025-10-05,CUST_022,Taiwan,D1Z-DDR5-16G,3730,14.82,55278.6,2025-10-26,2025-10-11,SHIPPED
SO100613,2026-04-07,CUST_031,Japan,LSI-ISOCELL-HP2,2131,20.3,43259.3,2026-04-28,2026-04-24,SHIPPED
SO100614,2025-07-18,CUST_034,USA,LSI-ISOCELL-HP2,2350,10.07,23664.5,2025-08-08,2025-08-09,SHIPPED
SO100615,2026-04-15,CUST_006,Europe,LSI-ISOCELL-HP2,1325,12.73,16867.25,2026-05-06,2026-05-17,SHIPPED
SO100616,2026-03-06,CUST_024,USA,V9-NAND-2Tb,2048,12.01,24596.48,2026-03-27,2026-04-02,SHIPPED
SO100617,2026-06-16,CUST_006,Japan,LSI-ISOCELL-HP2,2455,12.82,31473.1,2026-07-07,2026-06-22,SHIPPED
SO100618,2025-10-10,CUST_029,Europe,LSI-ISOCELL-HP2,1528,32.64,49873.92,2025-10-31,2025-11-06,SHIPPED
SO100619,2025-07-25,CUST_009,USA,V9-NAND-2Tb,1863,39.02,72694.26,2025-08-15,2025-08-14,SHIPPED
SO100620,2026-06-06,CUST_039,China,V8-NAND-1Tb,3230,38.67,124904.1,2026-06-27,2026-07-08,SHIPPED
SO100621,2025-08-20,CUST_037,USA,V9-NAND-2Tb,3898,39.51,154009.98,2025-09-10,2025-09-06,SHIPPED
SO100622,2026-06-25,CUST_004,China,LSI-ISOCELL-HP2,5228,22.9,119721.2,2026-07-16,2026-07-04,SHIPPED
SO100623,2026-03-04,CUST_006,Korea,D1B-DDR5-24G,4457,14.81,66008.17,2026-03-25,2026-04-11,SHIPPED
SO100624,2025-09-25,CUST_035,Korea,V9-NAND-2Tb,3274,7.45,24391.3,2025-10-16,2025-10-20,SHIPPED
SO100625,2025-12-05,CUST_036,Taiwan,V8-NAND-1Tb,4253,36.31,154426.43,2025-12-26,,CANCELLED
SO100626,2025-10-27,CUST_027,China,LSI-ISOCELL-HP2,2750,33.22,91355.0,2025-11-17,2025-11-27,SHIPPED
SO100627,2025-07-07,CUST_022,Europe,D1B-DDR5-24G,877,18.54,16259.58,2025-07-28,2025-08-08,SHIPPED
SO100628,2025-11-03,CUST_008,Taiwan,V8-NAND-1Tb,2855,41.36,118082.8,2025-11-24,2025-11-29,SHIPPED
SO100629,2026-02-09,CUST_012,Japan,LSI-ISOCELL-HP2,3873,38.35,148529.55,2026-03-02,2026-03-14,SHIPPED
SO100630,2025-07-24,CUST_037,USA,V9-NAND-2Tb,3471,25.37,88059.27,2025-08-14,2025-09-05,SHIPPED
SO100631,2025-10-21,CUST_036,Taiwan,D1B-DDR5-24G,2426,38.49,93376.74,2025-11-11,2025-11-14,SHIPPED
SO100632,2025-12-16,CUST_035,Korea,D1Z-DDR5-16G,5013,13.44,67374.72,2026-01-06,2026-01-08,SHIPPED
SO100633,2026-06-15,CUST_037,USA,D1Z-DDR5-16G,971,33.72,32742.12,2026-07-06,2026-07-03,SHIPPED
SO100634,2025-10-18,CUST_028,Japan,D1B-DDR5-24G,411,10.38,4266.18,2025-11-08,2025-10-30,SHIPPED
SO100635,2025-07-07,CUST_003,Korea,LSI-ISOCELL-HP2,3160,2.21,6983.6,2025-07-28,2025-07-28,SHIPPED
SO100636,2026-03-28,CUST_022,Korea,D1Z-DDR5-16G,2589,27.79,71948.31,2026-04-18,2026-04-18,SHIPPED
SO100637,2026-07-02,CUST_024,Japan,V8-NAND-1Tb,568,34.05,19340.4,2026-07-23,2026-07-19,SHIPPED
SO100638,2026-06-17,CUST_004,Korea,D1Z-DDR5-16G,1,18.33,18.33,2026-07-08,2026-06-25,SHIPPED
SO100639,2025-11-04,CUST_023,Japan,D1B-DDR5-24G,3854,20.36,78467.44,2025-11-25,2025-11-12,SHIPPED
SO100640,2025-08-31,CUST_031,Taiwan,D1Z-DDR5-16G,1406,34.99,49195.94,2025-09-21,2025-09-08,SHIPPED
SO100641,2025-11-25,CUST_036,USA,D1Z-DDR5-16G,1558,2.02,3147.16,2025-12-16,2025-12-01,SHIPPED
SO100642,2025-08-04,CUST_013,China,V9-NAND-2Tb,1779,25.31,45026.49,2025-08-25,2025-08-20,SHIPPED
SO100643,2025-08-05,CUST_008,Europe,V9-NAND-2Tb,2127,32.84,69850.68,2025-08-26,2025-09-06,SHIPPED
SO100644,2025-10-03,CUST_030,Korea,D1B-DDR5-24G,2056,7.6,15625.6,2025-10-24,2025-10-20,SHIPPED
SO100645,2025-07-30,CUST_007,USA,D1Z-DDR5-16G,635,2.82,1790.7,2025-08-20,2025-08-15,SHIPPED
SO100646,2026-05-18,CUST_038,Korea,V8-NAND-1Tb,2508,26.82,67264.56,2026-06-08,2026-06-01,SHIPPED
SO100647,2025-08-06,CUST_005,Taiwan,D1B-DDR5-24G,4578,29.2,133677.6,2025-08-27,2025-09-01,SHIPPED
SO100648,2025-09-26,CUST_008,Europe,D1Z-DDR5-16G,1663,15.71,26125.73,2025-10-17,2025-10-08,SHIPPED
SO100649,2026-04-25,CUST_021,USA,LSI-ISOCELL-HP2,2648,24.05,63684.4,2026-05-16,2026-05-11,SHIPPED
SO100650,2025-12-22,CUST_036,Taiwan,V8-NAND-1Tb,2863,28.47,81509.61,2026-01-12,2026-01-14,SHIPPED
SO100651,2026-01-02,CUST_013,Taiwan,D1B-DDR5-24G,2673,4.3,11493.9,2026-01-23,2026-01-25,SHIPPED
SO100652,2025-08-18,CUST_037,Japan,D1Z-DDR5-16G,1,20.6,20.6,2025-09-08,2025-09-01,SHIPPED
SO100653,2026-01-10,CUST_024,USA,V8-NAND-1Tb,3036,6.32,19187.52,2026-01-31,2026-02-01,SHIPPED
SO100654,2026-04-10,CUST_013,Japan,LSI-ISOCELL-HP2,3236,3.67,11876.12,2026-05-01,,OPEN
SO100655,2026-07-20,CUST_012,Europe,D1B-DDR5-24G,2340,31.97,74809.8,2026-08-10,2026-08-10,SHIPPED
SO100656,2026-05-27,CUST_001,Taiwan,V9-NAND-2Tb,2775,29.06,80641.5,2026-06-17,2026-06-07,SHIPPED
SO100657,2026-07-20,CUST_006,Europe,V9-NAND-2Tb,4208,41.57,174926.56,2026-08-10,2026-08-14,SHIPPED
SO100658,2025-09-02,CUST_034,USA,V9-NAND-2Tb,794,33.93,26940.42,2025-09-23,2025-10-03,SHIPPED
SO100659,2025-07-27,CUST_018,China,D1B-DDR5-24G,4499,41.17,185223.83,2025-08-17,2025-08-13,SHIPPED
SO100660,2026-07-09,CUST_028,Taiwan,D1Z-DDR5-16G,2746,31.51,86526.46,2026-07-30,2026-08-08,SHIPPED
SO100661,2026-04-27,CUST_003,Taiwan,D1B-DDR5-24G,3105,15.03,46668.15,2026-05-18,2026-05-25,SHIPPED
SO100662,2026-05-11,CUST_003,Japan,V8-NAND-1Tb,2541,30.14,76585.74,2026-06-01,,OPEN
SO100663,2025-10-03,CUST_026,Taiwan,LSI-ISOCELL-HP2,3341,31.01,103604.41,2025-10-24,2025-10-15,SHIPPED
SO100664,2026-05-13,CUST_037,USA,LSI-ISOCELL-HP2,3155,1.89,5962.95,2026-06-03,2026-06-03,SHIPPED
SO100665,2025-08-30,CUST_020,Japan,D1Z-DDR5-16G,3283,36.33,119271.39,2025-09-20,,CANCELLED
SO100666,2025-09-23,CUST_030,Korea,D1Z-DDR5-16G,3455,28.0,96740.0,2025-10-14,,OPEN
SO100667,2025-11-22,CUST_019,Europe,D1B-DDR5-24G,1132,2.06,2331.92,2025-12-13,,OPEN
SO100668,2026-05-09,CUST_036,Korea,V8-NAND-1Tb,2186,14.28,31216.08,2026-05-30,2026-05-30,SHIPPED
SO100669,2025-12-06,CUST_032,China,LSI-ISOCELL-HP2,2124,29.68,63040.32,2025-12-27,2026-01-10,SHIPPED
SO100670,2026-04-28,CUST_033,USA,D1B-DDR5-24G,1227,37.73,46294.71,2026-05-19,2026-05-23,SHIPPED
SO100671,2026-03-12,CUST_011,Taiwan,V8-NAND-1Tb,3222,33.24,107099.28,2026-04-02,,OPEN
SO100672,2025-10-16,CUST_011,Japan,D1B-DDR5-24G,1988,2.8,5566.4,2025-11-06,2025-11-03,SHIPPED
SO100673,2026-04-21,CUST_007,Taiwan,V9-NAND-2Tb,2080,11.67,24273.6,2026-05-12,2026-05-21,SHIPPED
SO100674,2025-12-31,CUST_009,Taiwan,D1Z-DDR5-16G,2434,37.81,92029.54,2026-01-21,2026-01-11,SHIPPED
SO100675,2026-03-01,CUST_032,Taiwan,LSI-ISOCELL-HP2,4297,37.16,159676.52,2026-03-22,2026-03-20,SHIPPED
SO100676,2025-10-12,CUST_014,Europe,V8-NAND-1Tb,3636,15.04,54685.44,2025-11-02,2025-11-07,SHIPPED
SO100677,2026-07-21,CUST_030,Korea,D1B-DDR5-24G,2237,41.62,93103.94,2026-08-11,2026-08-17,SHIPPED
SO100678,2026-04-07,CUST_036,Korea,D1B-DDR5-24G,1280,30.31,38796.8,2026-04-28,2026-04-24,SHIPPED
SO100679,2025-12-08,CUST_028,Europe,D1Z-DDR5-16G,1087,32.71,35555.77,2025-12-29,2025-12-17,SHIPPED
SO100680,2025-10-22,CUST_019,China,D1Z-DDR5-16G,2640,15.97,42160.8,2025-11-12,2025-11-10,SHIPPED
SO100681,2025-09-25,CUST_018,Japan,V8-NAND-1Tb,1033,33.65,34760.45,2025-10-16,,OPEN
SO100682,2026-03-10,CUST_003,Japan,V9-NAND-2Tb,1542,30.58,47154.36,2026-03-31,2026-04-13,SHIPPED
SO100683,2026-08-02,CUST_012,China,LSI-ISOCELL-HP2,2569,17.77,45651.13,2026-08-23,2026-08-19,SHIPPED
SO100684,2026-08-02,CUST_005,Europe,V8-NAND-1Tb,2783,37.51,104390.33,2026-08-23,2026-08-30,SHIPPED
SO100685,2026-03-20,CUST_025,China,V8-NAND-1Tb,3264,11.66,38058.24,2026-04-10,2026-04-22,SHIPPED
SO100686,2026-01-11,CUST_036,China,D1B-DDR5-24G,2090,29.7,62073.0,2026-02-01,2026-01-31,SHIPPED
SO100687,2026-07-08,CUST_032,Japan,LSI-ISOCELL-HP2,2646,28.95,76601.7,2026-07-29,2026-07-31,SHIPPED
SO100688,2026-01-05,CUST_005,USA,V8-NAND-1Tb,4288,4.28,18352.64,2026-01-26,2026-01-17,SHIPPED
SO100689,2025-12-09,CUST_004,Korea,V9-NAND-2Tb,633,14.38,9102.54,2025-12-30,2026-01-10,SHIPPED
SO100690,2026-02-01,CUST_029,USA,D1B-DDR5-24G,731,22.13,16177.03,2026-02-22,2026-02-22,SHIPPED
SO100691,2026-07-26,CUST_032,China,D1B-DDR5-24G,2265,3.97,8992.05,2026-08-16,2026-08-21,SHIPPED
SO100692,2026-01-21,CUST_031,Korea,D1Z-DDR5-16G,4150,20.02,83083.0,2026-02-11,2026-02-17,SHIPPED
SO100693,2026-01-28,CUST_017,Taiwan,LSI-ISOCELL-HP2,3578,4.01,14347.78,2026-02-18,2026-02-07,SHIPPED
SO100694,2026-06-16,CUST_040,USA,V8-NAND-1Tb,3400,26.96,91664.0,2026-07-07,2026-06-25,SHIPPED
SO100695,2025-07-09,CUST_006,Korea,LSI-ISOCELL-HP2,1894,26.74,50645.56,2025-07-30,2025-07-24,SHIPPED
SO100696,2026-03-13,CUST_036,China,LSI-ISOCELL-HP2,2526,5.25,13261.5,2026-04-03,2026-04-10,SHIPPED
SO100697,2025-11-20,CUST_005,Taiwan,D1Z-DDR5-16G,2739,10.51,28786.89,2025-12-11,2025-11-28,SHIPPED
SO100698,2026-06-03,CUST_015,China,D1Z-DDR5-16G,3971,21.54,85535.34,2026-06-24,2026-06-22,SHIPPED
SO100699,2025-11-21,CUST_036,USA,D1Z-DDR5-16G,3069,33.13,101675.97,2025-12-12,2025-12-18,SHIPPED
SO100700,2026-06-14,CUST_034,Taiwan,D1Z-DDR5-16G,1685,15.32,25814.2,2026-07-05,2026-07-16,SHIPPED
SO100701,2025-08-08,CUST_029,China,V8-NAND-1Tb,4571,28.29,129313.59,2025-08-29,2025-08-16,SHIPPED
SO100702,2025-12-10,CUST_024,Taiwan,D1B-DDR5-24G,3092,24.09,74486.28,2025-12-31,2025-12-17,SHIPPED
SO100703,2025-10-06,CUST_015,Taiwan,LSI-ISOCELL-HP2,2164,33.47,72429.08,2025-10-27,2025-10-29,SHIPPED
SO100704,2025-12-26,CUST_014,Korea,V8-NAND-1Tb,3308,31.03,102647.24,2026-01-16,,CANCELLED
SO100705,2026-03-24,CUST_006,Taiwan,LSI-ISOCELL-HP2,2712,30.62,83041.44,2026-04-14,2026-03-31,SHIPPED
SO100706,2025-07-29,CUST_017,Europe,V8-NAND-1Tb,3602,29.63,106727.26,2025-08-19,2025-08-30,SHIPPED
SO100707,2025-11-18,CUST_026,China,D1Z-DDR5-16G,1875,22.68,42525.0,2025-12-09,2025-11-30,SHIPPED
SO100708,2025-12-25,CUST_023,China,D1B-DDR5-24G,3523,6.84,24097.32,2026-01-15,2026-01-23,SHIPPED
SO100709,2025-09-17,CUST_027,Europe,D1Z-DDR5-16G,3193,24.02,76695.86,2025-10-08,2025-10-08,SHIPPED
SO100710,2025-10-09,CUST_007,Japan,LSI-ISOCELL-HP2,2613,25.21,65873.73,2025-10-30,2025-11-09,SHIPPED
SO100711,2025-12-11,CUST_001,Korea,LSI-ISOCELL-HP2,2518,7.9,19892.2,2026-01-01,2026-01-07,SHIPPED
SO100712,2025-10-21,CUST_022,USA,LSI-ISOCELL-HP2,4215,40.94,172562.1,2025-11-11,,CANCELLED
SO100713,2025-09-18,CUST_032,Japan,D1Z-DDR5-16G,2279,7.09,16158.11,2025-10-09,2025-10-20,SHIPPED
SO100714,2025-07-23,CUST_024,Taiwan,D1B-DDR5-24G,1572,36.16,56843.52,2025-08-13,2025-08-19,SHIPPED
SO100715,2026-02-16,CUST_012,Europe,D1B-DDR5-24G,1741,14.89,25923.49,2026-03-09,2026-03-04,SHIPPED
SO100716,2026-07-31,CUST_024,Japan,V9-NAND-2Tb,1971,10.76,21207.96,2026-08-21,2026-08-13,SHIPPED
SO100717,2026-04-30,CUST_012,China,D1Z-DDR5-16G,2886,10.45,30158.7,2026-05-21,2026-05-11,SHIPPED
SO100718,2026-07-01,CUST_003,Taiwan,V9-NAND-2Tb,3284,36.46,119734.64,2026-07-22,2026-07-22,SHIPPED
SO100719,2025-10-09,CUST_031,USA,V8-NAND-1Tb,2533,15.36,38906.88,2025-10-30,2025-10-19,SHIPPED
SO100720,2025-10-07,CUST_014,Korea,V9-NAND-2Tb,3401,7.04,23943.04,2025-10-28,2025-10-22,SHIPPED
SO100721,2026-06-18,CUST_034,China,V8-NAND-1Tb,3552,6.41,22768.32,2026-07-09,2026-07-06,SHIPPED
SO100722,2026-03-20,CUST_009,Japan,V8-NAND-1Tb,2726,22.3,60789.8,2026-04-10,2026-04-09,SHIPPED
SO100723,2026-06-16,CUST_037,China,V8-NAND-1Tb,2817,34.06,95947.02,2026-07-07,2026-06-29,SHIPPED
SO100724,2025-08-24,CUST_020,Korea,LSI-ISOCELL-HP2,1313,36.5,47924.5,2025-09-14,2025-09-18,SHIPPED
SO100725,2026-02-16,CUST_029,Korea,V9-NAND-2Tb,2379,32.43,77150.97,2026-03-09,2026-02-28,SHIPPED
SO100726,2026-08-03,CUST_030,Korea,LSI-ISOCELL-HP2,2631,10.36,27257.16,2026-08-24,2026-08-27,SHIPPED
SO100727,2025-12-10,CUST_038,Europe,D1Z-DDR5-16G,1232,26.01,32044.32,2025-12-31,2025-12-28,SHIPPED
SO100728,2025-08-08,CUST_013,Taiwan,D1Z-DDR5-16G,4014,5.45,21876.3,2025-08-29,2025-09-09,SHIPPED
SO100729,2025-07-01,CUST_035,Korea,V9-NAND-2Tb,3928,2.71,10644.88,2025-07-22,2025-07-31,SHIPPED
SO100730,2025-12-07,CUST_037,China,V9-NAND-2Tb,3270,27.33,89369.1,2025-12-28,2025-12-23,SHIPPED
SO100731,2026-06-06,CUST_008,Japan,LSI-ISOCELL-HP2,5293,2.64,13973.52,2026-06-27,2026-06-10,SHIPPED
SO100732,2025-07-22,CUST_014,Korea,D1B-DDR5-24G,590,36.62,21605.8,2025-08-12,2025-08-07,SHIPPED
SO100733,2025-07-10,CUST_039,Japan,LSI-ISOCELL-HP2,1620,25.92,41990.4,2025-07-31,2025-07-28,SHIPPED
SO100734,2026-05-22,CUST_002,Japan,V9-NAND-2Tb,1677,35.61,59717.97,2026-06-12,2026-06-07,SHIPPED
SO100735,2025-10-09,CUST_020,Korea,V9-NAND-2Tb,1525,11.23,17125.75,2025-10-30,,CANCELLED
SO100736,2025-09-27,CUST_031,Japan,LSI-ISOCELL-HP2,1665,33.82,56310.3,2025-10-18,2025-10-21,SHIPPED
SO100737,2025-10-12,CUST_028,China,LSI-ISOCELL-HP2,3045,33.15,100941.75,2025-11-02,2025-11-12,SHIPPED
SO100738,2025-07-04,CUST_024,USA,V9-NAND-2Tb,1222,34.67,42366.74,2025-07-25,2025-07-24,SHIPPED
SO100739,2026-03-25,CUST_027,USA,V9-NAND-2Tb,1924,34.74,66839.76,2026-04-15,,OPEN
SO100740,2025-09-05,CUST_028,Taiwan,D1B-DDR5-24G,2228,35.2,78425.6,2025-09-26,,CANCELLED
SO100741,2026-03-07,CUST_029,USA,D1Z-DDR5-16G,861,23.6,20319.6,2026-03-28,2026-04-05,SHIPPED
SO100742,2026-04-07,CUST_032,Europe,D1Z-DDR5-16G,1903,41.22,78441.66,2026-04-28,2026-05-15,SHIPPED
SO100743,2025-08-01,CUST_008,USA,LSI-ISOCELL-HP2,4001,39.82,159319.82,2025-08-22,2025-08-15,SHIPPED
SO100744,2025-11-03,CUST_034,China,V8-NAND-1Tb,1765,27.02,47690.3,2025-11-24,,OPEN
SO100745,2026-03-17,CUST_002,China,V8-NAND-1Tb,3313,20.71,68612.23,2026-04-07,2026-04-13,SHIPPED
SO100746,2026-07-20,CUST_028,Korea,V8-NAND-1Tb,1090,2.01,2190.9,2026-08-10,2026-08-10,SHIPPED
SO100747,2026-02-23,CUST_028,Europe,D1B-DDR5-24G,316,41.35,13066.6,2026-03-16,2026-03-26,SHIPPED
SO100748,2026-02-08,CUST_015,Europe,D1B-DDR5-24G,1369,30.63,41932.47,2026-03-01,2026-03-06,SHIPPED
SO100749,2026-02-19,CUST_018,China,D1Z-DDR5-16G,3195,25.14,80322.3,2026-03-12,2026-03-11,SHIPPED
SO100750,2026-04-30,CUST_033,USA,D1Z-DDR5-16G,3565,35.86,127840.9,2026-05-21,2026-05-18,SHIPPED
SO100751,2026-07-19,CUST_015,Japan,D1Z-DDR5-16G,1847,1.9,3509.3,2026-08-09,2026-08-01,SHIPPED
SO100752,2026-02-08,CUST_005,USA,D1Z-DDR5-16G,3860,32.62,125913.2,2026-03-01,2026-03-05,SHIPPED
SO100753,2026-06-16,CUST_017,Europe,V8-NAND-1Tb,2668,28.54,76144.72,2026-07-07,2026-07-04,SHIPPED
SO100754,2026-01-05,CUST_024,Japan,D1B-DDR5-24G,1985,39.1,77613.5,2026-01-26,2026-01-30,SHIPPED
SO100755,2026-02-14,CUST_023,Japan,V8-NAND-1Tb,1836,27.56,50600.16,2026-03-07,2026-03-15,SHIPPED
SO100756,2025-08-18,CUST_031,Europe,V8-NAND-1Tb,2285,21.66,49493.1,2025-09-08,,CANCELLED
SO100757,2026-04-27,CUST_034,Korea,D1B-DDR5-24G,1188,16.46,19554.48,2026-05-18,2026-05-12,SHIPPED
SO100758,2025-09-04,CUST_035,Europe,D1Z-DDR5-16G,425,40.17,17072.25,2025-09-25,2025-09-23,SHIPPED
SO100759,2026-01-15,CUST_025,Korea,D1B-DDR5-24G,2209,37.9,83721.1,2026-02-05,,CANCELLED
SO100760,2026-07-29,CUST_018,China,D1Z-DDR5-16G,2933,18.16,53263.28,2026-08-19,2026-09-04,SHIPPED
SO100761,2025-10-31,CUST_015,Europe,D1B-DDR5-24G,6195,3.63,22487.85,2025-11-21,2025-11-26,SHIPPED
SO100762,2026-02-16,CUST_009,Europe,V8-NAND-1Tb,2171,28.32,61482.72,2026-03-09,2026-02-27,SHIPPED
SO100763,2025-08-06,CUST_005,Taiwan,V9-NAND-2Tb,1527,7.73,11803.71,2025-08-27,2025-08-23,SHIPPED
SO100764,2025-10-28,CUST_032,Europe,V9-NAND-2Tb,1095,3.38,3701.1,2025-11-18,2025-12-02,SHIPPED
SO100765,2025-08-26,CUST_013,Taiwan,D1Z-DDR5-16G,2293,15.81,36252.33,2025-09-16,,OPEN
SO100766,2026-03-10,CUST_028,Europe,V9-NAND-2Tb,3337,12.36,41245.32,2026-03-31,2026-03-15,SHIPPED
SO100767,2026-06-24,CUST_012,Europe,D1Z-DDR5-16G,288,28.35,8164.8,2026-07-15,2026-07-07,SHIPPED
SO100768,2026-04-17,CUST_027,China,D1Z-DDR5-16G,2925,12.14,35509.5,2026-05-08,,OPEN
SO100769,2026-05-23,CUST_005,USA,D1B-DDR5-24G,4554,17.49,79649.46,2026-06-13,2026-06-06,SHIPPED
SO100770,2025-10-19,CUST_023,Europe,LSI-ISOCELL-HP2,1849,3.66,6767.34,2025-11-09,2025-11-02,SHIPPED
SO100771,2025-09-24,CUST_033,Japan,V8-NAND-1Tb,1573,13.78,21675.94,2025-10-15,2025-10-23,SHIPPED
SO100772,2026-06-15,CUST_016,Korea,LSI-ISOCELL-HP2,3716,2.52,9364.32,2026-07-06,,CANCELLED
SO100773,2025-07-23,CUST_040,Korea,V8-NAND-1Tb,3777,2.12,8007.24,2025-08-13,2025-08-07,SHIPPED
SO100774,2025-08-01,CUST_032,Taiwan,D1Z-DDR5-16G,2584,40.53,104729.52,2025-08-22,2025-08-20,SHIPPED
SO100775,2026-01-14,CUST_016,Taiwan,V8-NAND-1Tb,3132,31.69,99253.08,2026-02-04,2026-02-05,SHIPPED
SO100776,2026-03-06,CUST_016,Japan,D1B-DDR5-24G,2645,31.42,83105.9,2026-03-27,2026-03-19,SHIPPED
SO100777,2025-07-03,CUST_019,Korea,D1B-DDR5-24G,1167,2.57,2999.19,2025-07-24,2025-07-25,SHIPPED
SO100778,2025-11-25,CUST_034,Taiwan,LSI-ISOCELL-HP2,1,3.39,3.39,2025-12-16,2025-12-18,SHIPPED
SO100779,2025-12-23,CUST_032,Europe,V9-NAND-2Tb,2019,8.67,17504.73,2026-01-13,,OPEN
SO100780,2025-08-29,CUST_010,USA,V8-NAND-1Tb,3507,35.26,123656.82,2025-09-19,2025-09-25,SHIPPED
SO100781,2026-04-30,CUST_030,Korea,V8-NAND-1Tb,3756,19.26,72340.56,2026-05-21,2026-05-31,SHIPPED
SO100782,2025-07-17,CUST_026,Korea,V8-NAND-1Tb,1428,18.26,26075.28,2025-08-07,2025-08-02,SHIPPED
SO100783,2026-06-07,CUST_034,Taiwan,D1B-DDR5-24G,4860,39.94,194108.4,2026-06-28,,OPEN
SO100784,2026-05-25,CUST_024,Korea,V8-NAND-1Tb,2432,17.05,41465.6,2026-06-15,2026-06-22,SHIPPED
SO100785,2025-08-23,CUST_016,Japan,V8-NAND-1Tb,2546,34.43,87658.78,2025-09-13,2025-09-18,SHIPPED
SO100786,2025-12-13,CUST_002,China,V9-NAND-2Tb,2207,40.48,89339.36,2026-01-03,,OPEN
SO100787,2026-06-08,CUST_039,China,LSI-ISOCELL-HP2,2470,9.07,22402.9,2026-06-29,2026-06-24,SHIPPED
SO100788,2026-03-10,CUST_023,Taiwan,LSI-ISOCELL-HP2,752,39.78,29914.56,2026-03-31,2026-04-01,SHIPPED
SO100789,2025-09-01,CUST_027,Taiwan,LSI-ISOCELL-HP2,4076,23.84,97171.84,2025-09-22,2025-09-14,SHIPPED
SO100790,2025-07-17,CUST_036,Europe,LSI-ISOCELL-HP2,2888,24.67,71246.96,2025-08-07,2025-07-31,SHIPPED
SO100791,2026-07-18,CUST_012,China,V9-NAND-2Tb,4160,5.56,23129.6,2026-08-08,2026-08-19,SHIPPED
SO100792,2025-10-02,CUST_001,China,D1Z-DDR5-16G,887,6.79,6022.73,2025-10-23,2025-10-24,SHIPPED
SO100793,2025-11-27,CUST_020,Europe,D1B-DDR5-24G,2123,6.59,13990.57,2025-12-18,2025-12-22,SHIPPED
SO100794,2026-07-30,CUST_026,Europe,D1B-DDR5-24G,3647,7.04,25674.88,2026-08-20,2026-08-06,SHIPPED
SO100795,2026-01-19,CUST_021,Korea,LSI-ISOCELL-HP2,3470,40.17,139389.9,2026-02-09,2026-02-10,SHIPPED
SO100796,2026-07-23,CUST_017,Taiwan,D1Z-DDR5-16G,2139,27.22,58223.58,2026-08-13,2026-07-24,SHIPPED
SO100797,2026-04-30,CUST_025,Taiwan,D1B-DDR5-24G,3059,3.31,10125.29,2026-05-21,2026-05-24,SHIPPED
SO100798,2025-08-11,CUST_022,China,LSI-ISOCELL-HP2,5028,12.34,62045.52,2025-09-01,2025-08-28,SHIPPED
SO100799,2025-12-19,CUST_036,China,D1Z-DDR5-16G,290,16.39,4753.1,2026-01-09,2026-01-12,SHIPPED
SO100800,2026-08-03,CUST_007,Taiwan,V8-NAND-1Tb,4720,36.73,173365.6,2026-08-24,2026-08-16,SHIPPED
SO100801,2025-11-07,CUST_036,USA,D1Z-DDR5-16G,3122,2.7,8429.4,2025-11-28,2025-12-06,SHIPPED
SO100802,2026-02-20,CUST_005,Europe,LSI-ISOCELL-HP2,1250,6.62,8275.0,2026-03-13,2026-03-08,SHIPPED
SO100803,2026-03-16,CUST_037,Taiwan,V8-NAND-1Tb,1848,22.78,42097.44,2026-04-06,2026-04-19,SHIPPED
SO100804,2026-04-07,CUST_022,China,D1Z-DDR5-16G,3243,15.98,51823.14,2026-04-28,2026-04-17,SHIPPED
SO100805,2026-06-26,CUST_005,Europe,D1B-DDR5-24G,2849,28.41,80940.09,2026-07-17,2026-07-12,SHIPPED
SO100806,2025-11-21,CUST_013,China,V9-NAND-2Tb,2483,10.27,25500.41,2025-12-12,2025-12-13,SHIPPED
SO100807,2026-02-10,CUST_018,USA,D1B-DDR5-24G,1559,30.39,47378.01,2026-03-03,2026-03-02,SHIPPED
SO100808,2025-11-07,CUST_015,Taiwan,LSI-ISOCELL-HP2,3756,23.72,89092.32,2025-11-28,2025-11-29,SHIPPED
SO100809,2025-11-22,CUST_029,Taiwan,V9-NAND-2Tb,3962,33.44,132489.28,2025-12-13,2025-12-07,SHIPPED
SO100810,2025-09-30,CUST_035,USA,D1B-DDR5-24G,2313,14.94,34556.22,2025-10-21,2025-10-04,SHIPPED
SO100811,2025-12-08,CUST_003,China,V9-NAND-2Tb,2203,37.9,83493.7,2025-12-29,,CANCELLED
SO100812,2026-04-14,CUST_032,USA,LSI-ISOCELL-HP2,2290,25.42,58211.8,2026-05-05,2026-04-29,SHIPPED
SO100813,2025-08-03,CUST_034,Europe,D1B-DDR5-24G,4403,41.08,180875.24,2025-08-24,2025-08-11,SHIPPED
SO100814,2026-01-08,CUST_018,USA,D1Z-DDR5-16G,250,6.88,1720.0,2026-01-29,2026-01-23,SHIPPED
SO100815,2025-09-19,CUST_020,USA,V8-NAND-1Tb,2764,6.67,18435.88,2025-10-10,2025-10-15,SHIPPED
SO100816,2026-06-24,CUST_025,China,D1B-DDR5-24G,4380,37.03,162191.4,2026-07-15,2026-07-26,SHIPPED
SO100817,2025-11-10,CUST_004,Japan,LSI-ISOCELL-HP2,2892,4.2,12146.4,2025-12-01,2025-12-11,SHIPPED
SO100818,2025-10-23,CUST_018,Japan,V8-NAND-1Tb,2456,21.35,52435.6,2025-11-13,,CANCELLED
SO100819,2026-07-24,CUST_033,Japan,V9-NAND-2Tb,2886,3.85,11111.1,2026-08-14,2026-08-01,SHIPPED
SO100820,2025-10-14,CUST_023,Japan,V9-NAND-2Tb,1654,32.57,53870.78,2025-11-04,2025-11-03,SHIPPED
SO100821,2025-09-25,CUST_023,Japan,LSI-ISOCELL-HP2,3113,5.33,16592.29,2025-10-16,2025-10-26,SHIPPED
SO100822,2026-01-28,CUST_035,Taiwan,LSI-ISOCELL-HP2,3118,23.29,72618.22,2026-02-18,2026-02-07,SHIPPED
SO100823,2025-07-13,CUST_023,Korea,D1Z-DDR5-16G,3055,15.96,48757.8,2025-08-03,2025-08-05,SHIPPED
SO100824,2026-06-25,CUST_038,Taiwan,V9-NAND-2Tb,788,28.99,22844.12,2026-07-16,2026-07-14,SHIPPED
SO100825,2025-10-23,CUST_001,Taiwan,LSI-ISOCELL-HP2,430,21.65,9309.5,2025-11-13,2025-11-09,SHIPPED
SO100826,2026-04-05,CUST_036,Europe,LSI-ISOCELL-HP2,2096,29.28,61370.88,2026-04-26,2026-04-19,SHIPPED
SO100827,2026-02-08,CUST_031,Europe,V9-NAND-2Tb,3349,40.99,137275.51,2026-03-01,2026-03-07,SHIPPED
SO100828,2025-11-07,CUST_024,China,D1Z-DDR5-16G,2933,3.24,9502.92,2025-11-28,2025-11-17,SHIPPED
SO100829,2025-09-19,CUST_030,Japan,D1Z-DDR5-16G,2627,2.0,5254.0,2025-10-10,2025-10-08,SHIPPED
SO100830,2026-06-23,CUST_026,China,D1B-DDR5-24G,1381,5.8,8009.8,2026-07-14,,OPEN
SO100831,2026-03-17,CUST_002,Europe,D1B-DDR5-24G,3476,23.92,83145.92,2026-04-07,2026-04-01,SHIPPED
SO100832,2025-09-30,CUST_016,USA,LSI-ISOCELL-HP2,4033,37.4,150834.2,2025-10-21,2025-10-20,SHIPPED
SO100833,2026-05-27,CUST_018,Europe,D1B-DDR5-24G,2829,19.42,54939.18,2026-06-17,2026-06-18,SHIPPED
SO100834,2025-07-17,CUST_002,Japan,D1Z-DDR5-16G,2320,20.26,47003.2,2025-08-07,,OPEN
SO100835,2025-09-13,CUST_014,China,D1Z-DDR5-16G,3212,20.45,65685.4,2025-10-04,2025-10-01,SHIPPED
SO100836,2025-07-07,CUST_027,USA,D1B-DDR5-24G,3585,22.41,80339.85,2025-07-28,2025-07-31,SHIPPED
SO100837,2025-09-29,CUST_032,China,V9-NAND-2Tb,2372,22.67,53773.24,2025-10-20,2025-10-22,SHIPPED
SO100838,2026-02-07,CUST_008,Korea,V9-NAND-2Tb,1795,22.51,40405.45,2026-02-28,2026-02-28,SHIPPED
SO100839,2025-12-26,CUST_033,Japan,D1B-DDR5-24G,4182,28.87,120734.34,2026-01-16,2026-01-21,SHIPPED
SO100840,2025-07-18,CUST_020,USA,LSI-ISOCELL-HP2,1681,22.4,37654.4,2025-08-08,2025-08-12,SHIPPED
SO100841,2025-07-28,CUST_040,China,V8-NAND-1Tb,2138,37.38,79918.44,2025-08-18,,OPEN
SO100842,2025-09-30,CUST_006,Taiwan,D1B-DDR5-24G,3066,18.5,56721.0,2025-10-21,2025-10-21,SHIPPED
SO100843,2025-12-02,CUST_016,USA,V9-NAND-2Tb,3003,30.06,90270.18,2025-12-23,2025-12-06,SHIPPED
SO100844,2026-04-22,CUST_016,USA,D1Z-DDR5-16G,2958,11.15,32981.7,2026-05-13,2026-05-12,SHIPPED
SO100845,2025-08-15,CUST_034,USA,V9-NAND-2Tb,4259,24.74,105367.66,2025-09-05,2025-09-01,SHIPPED
SO100846,2026-04-05,CUST_038,USA,D1B-DDR5-24G,2578,13.76,35473.28,2026-04-26,2026-05-15,SHIPPED
SO100847,2025-07-12,CUST_008,Taiwan,V8-NAND-1Tb,3300,39.99,131967.0,2025-08-02,2025-07-25,SHIPPED
SO100848,2025-08-30,CUST_039,China,D1B-DDR5-24G,3681,21.52,79215.12,2025-09-20,,CANCELLED
SO100849,2025-12-07,CUST_028,Japan,LSI-ISOCELL-HP2,1378,16.87,23246.86,2025-12-28,2026-01-08,SHIPPED
SO100850,2025-09-07,CUST_006,Europe,V8-NAND-1Tb,693,38.29,26534.97,2025-09-28,2025-09-20,SHIPPED
SO100851,2026-02-21,CUST_001,Europe,V8-NAND-1Tb,4848,15.45,74901.6,2026-03-14,2026-03-02,SHIPPED
SO100852,2026-01-10,CUST_022,Korea,D1B-DDR5-24G,2463,13.21,32536.23,2026-01-31,2026-01-29,SHIPPED
SO100853,2026-07-09,CUST_004,Europe,V9-NAND-2Tb,3032,11.13,33746.16,2026-07-30,2026-08-09,SHIPPED
SO100854,2025-08-05,CUST_004,Korea,D1Z-DDR5-16G,480,23.03,11054.4,2025-08-26,2025-09-06,SHIPPED
SO100855,2026-03-10,CUST_023,Europe,D1B-DDR5-24G,4494,8.04,36131.76,2026-03-31,,OPEN
SO100856,2025-09-10,CUST_003,Europe,D1Z-DDR5-16G,1,10.41,10.41,2025-10-01,,OPEN
SO100857,2025-08-24,CUST_005,Taiwan,V8-NAND-1Tb,3221,28.48,91734.08,2025-09-14,2025-09-22,SHIPPED
SO100858,2026-07-12,CUST_003,Korea,D1Z-DDR5-16G,4024,38.75,155930.0,2026-08-02,2026-08-05,SHIPPED
SO100859,2025-12-01,CUST_008,Europe,D1Z-DDR5-16G,865,18.34,15864.1,2025-12-22,2025-12-23,SHIPPED
SO100860,2026-01-26,CUST_027,China,LSI-ISOCELL-HP2,2393,7.35,17588.55,2026-02-16,2026-02-19,SHIPPED
SO100861,2026-02-17,CUST_019,Japan,V9-NAND-2Tb,1710,11.09,18963.9,2026-03-10,2026-03-05,SHIPPED
SO100862,2026-01-10,CUST_021,Europe,D1Z-DDR5-16G,3083,33.68,103835.44,2026-01-31,,CANCELLED
SO100863,2025-11-29,CUST_002,Europe,V9-NAND-2Tb,3484,34.37,119745.08,2025-12-20,2025-12-28,SHIPPED
SO100864,2025-12-19,CUST_027,Korea,LSI-ISOCELL-HP2,3378,39.85,134613.3,2026-01-09,2026-01-15,SHIPPED
SO100865,2025-10-13,CUST_016,Japan,V8-NAND-1Tb,5205,32.26,167913.3,2025-11-03,2025-11-20,SHIPPED
SO100866,2026-05-12,CUST_034,Japan,LSI-ISOCELL-HP2,1359,41.72,56697.48,2026-06-02,,OPEN
SO100867,2025-11-23,CUST_002,Europe,D1B-DDR5-24G,5520,36.2,199824.0,2025-12-14,2025-11-24,SHIPPED
SO100868,2026-07-05,CUST_032,Taiwan,D1Z-DDR5-16G,1612,30.35,48924.2,2026-07-26,,OPEN
SO100869,2025-07-22,CUST_039,Europe,V8-NAND-1Tb,2416,19.19,46363.04,2025-08-12,2025-08-18,SHIPPED
SO100870,2025-08-04,CUST_021,Japan,V9-NAND-2Tb,2564,14.98,38408.72,2025-08-25,2025-09-03,SHIPPED
SO100871,2025-07-05,CUST_037,Korea,V8-NAND-1Tb,917,24.62,22576.54,2025-07-26,2025-07-06,SHIPPED
SO100872,2025-08-09,CUST_019,Europe,D1Z-DDR5-16G,3711,35.78,132779.58,2025-08-30,2025-08-19,SHIPPED
SO100873,2026-03-23,CUST_027,Europe,V8-NAND-1Tb,2571,36.01,92581.71,2026-04-13,2026-04-22,SHIPPED
SO100874,2026-03-15,CUST_019,USA,LSI-ISOCELL-HP2,3784,7.81,29553.04,2026-04-05,2026-03-27,SHIPPED
SO100875,2025-09-19,CUST_013,Japan,D1Z-DDR5-16G,2486,18.22,45294.92,2025-10-10,2025-10-16,SHIPPED
SO100876,2026-02-26,CUST_005,Japan,V8-NAND-1Tb,3162,24.77,78322.74,2026-03-19,2026-04-08,SHIPPED
SO100877,2026-05-09,CUST_015,Europe,D1B-DDR5-24G,1377,35.75,49227.75,2026-05-30,2026-05-14,SHIPPED
SO100878,2026-01-26,CUST_035,China,D1B-DDR5-24G,1503,15.97,24002.91,2026-02-16,2026-02-15,SHIPPED
SO100879,2025-10-21,CUST_014,USA,V8-NAND-1Tb,4208,21.67,91187.36,2025-11-11,2025-11-16,SHIPPED
SO100880,2025-08-27,CUST_008,Korea,V9-NAND-2Tb,2191,37.74,82688.34,2025-09-17,2025-09-19,SHIPPED
SO100881,2025-11-03,CUST_024,Japan,V8-NAND-1Tb,3205,34.62,110957.1,2025-11-24,2025-11-22,SHIPPED
SO100882,2026-04-15,CUST_023,Taiwan,D1Z-DDR5-16G,1642,40.22,66041.24,2026-05-06,2026-05-08,SHIPPED
SO100883,2026-02-08,CUST_033,Taiwan,D1Z-DDR5-16G,2874,39.07,112287.18,2026-03-01,,OPEN
SO100884,2026-07-15,CUST_009,Taiwan,V9-NAND-2Tb,3311,15.45,51154.95,2026-08-05,2026-08-05,SHIPPED
SO100885,2026-07-13,CUST_020,Europe,V8-NAND-1Tb,1642,23.06,37864.52,2026-08-03,2026-07-25,SHIPPED
SO100886,2026-03-29,CUST_020,Japan,D1Z-DDR5-16G,3205,10.93,35030.65,2026-04-19,2026-04-10,SHIPPED
SO100887,2025-11-23,CUST_029,Japan,V8-NAND-1Tb,5113,33.1,169240.3,2025-12-14,2025-12-18,SHIPPED
SO100888,2026-05-22,CUST_026,Japan,LSI-ISOCELL-HP2,3923,24.72,96976.56,2026-06-12,2026-05-28,SHIPPED
SO100889,2025-10-23,CUST_004,Korea,D1B-DDR5-24G,4228,18.08,76442.24,2025-11-13,2025-11-12,SHIPPED
SO100890,2025-11-19,CUST_039,Korea,V9-NAND-2Tb,3344,10.46,34978.24,2025-12-10,2025-11-20,SHIPPED
SO100891,2025-08-01,CUST_037,China,D1B-DDR5-24G,2581,37.68,97252.08,2025-08-22,2025-08-23,SHIPPED
SO100892,2026-07-02,CUST_006,Japan,D1Z-DDR5-16G,2263,19.46,44037.98,2026-07-23,2026-07-20,SHIPPED
SO100893,2026-02-14,CUST_017,Taiwan,D1Z-DDR5-16G,2364,19.0,44916.0,2026-03-07,,OPEN
SO100894,2025-12-28,CUST_033,Taiwan,V9-NAND-2Tb,1596,8.02,12799.92,2026-01-18,2026-01-26,SHIPPED
SO100895,2025-07-03,CUST_004,Korea,D1Z-DDR5-16G,902,22.83,20592.66,2025-07-24,2025-08-06,SHIPPED
SO100896,2026-04-25,CUST_001,Japan,D1B-DDR5-24G,2945,27.05,79662.25,2026-05-16,2026-05-19,SHIPPED
SO100897,2025-07-26,CUST_021,Korea,V9-NAND-2Tb,2104,17.32,36441.28,2025-08-16,2025-08-14,SHIPPED
SO100898,2025-09-18,CUST_033,Japan,V9-NAND-2Tb,1510,20.96,31649.6,2025-10-09,2025-10-04,SHIPPED
SO100899,2025-12-07,CUST_003,Korea,V9-NAND-2Tb,2941,19.03,55967.23,2025-12-28,2025-12-25,SHIPPED
SO100900,2025-10-22,CUST_033,Europe,D1B-DDR5-24G,2028,28.66,58122.48,2025-11-12,2025-11-20,SHIPPED
SO100901,2026-06-22,CUST_011,USA,V8-NAND-1Tb,2654,7.35,19506.9,2026-07-13,2026-07-03,SHIPPED
SO100902,2025-11-01,CUST_015,Europe,V8-NAND-1Tb,186,18.21,3387.06,2025-11-22,2025-11-21,SHIPPED
SO100903,2025-12-08,CUST_035,Taiwan,V9-NAND-2Tb,1994,18.22,36330.68,2025-12-29,2026-01-10,SHIPPED
SO100904,2026-03-04,CUST_023,Europe,V8-NAND-1Tb,671,24.09,16164.39,2026-03-25,2026-03-23,SHIPPED
SO100905,2026-03-24,CUST_003,Europe,D1B-DDR5-24G,2287,37.22,85122.14,2026-04-14,,OPEN
SO100906,2026-01-21,CUST_036,China,D1Z-DDR5-16G,1480,41.84,61923.2,2026-02-11,2026-02-22,SHIPPED
SO100907,2026-06-02,CUST_009,Taiwan,V9-NAND-2Tb,2232,33.25,74214.0,2026-06-23,2026-06-24,SHIPPED
SO100908,2026-05-21,CUST_003,USA,V9-NAND-2Tb,4395,37.4,164373.0,2026-06-11,2026-07-03,SHIPPED
SO100909,2026-04-07,CUST_038,Japan,V9-NAND-2Tb,450,37.34,16803.0,2026-04-28,2026-05-01,SHIPPED
SO100910,2025-12-20,CUST_003,USA,LSI-ISOCELL-HP2,2442,9.36,22857.12,2026-01-10,2026-01-06,SHIPPED
SO100911,2026-01-12,CUST_026,China,LSI-ISOCELL-HP2,2478,12.62,31272.36,2026-02-02,2026-02-06,SHIPPED
SO100912,2025-08-28,CUST_038,Europe,D1Z-DDR5-16G,2247,30.42,68353.74,2025-09-18,2025-09-15,SHIPPED
SO100913,2025-11-01,CUST_010,Europe,V8-NAND-1Tb,2965,38.53,114241.45,2025-11-22,2025-11-25,SHIPPED
SO100914,2025-11-21,CUST_040,Europe,D1B-DDR5-24G,2888,2.15,6209.2,2025-12-12,2025-12-26,SHIPPED
SO100915,2026-04-13,CUST_003,Taiwan,D1Z-DDR5-16G,2807,32.8,92069.6,2026-05-04,2026-04-29,SHIPPED
SO100916,2025-08-14,CUST_022,Japan,D1B-DDR5-24G,3246,41.52,134773.92,2025-09-04,2025-08-30,SHIPPED
SO100917,2025-10-17,CUST_003,China,V8-NAND-1Tb,5216,7.93,41362.88,2025-11-07,2025-10-22,SHIPPED
SO100918,2026-01-17,CUST_036,Japan,LSI-ISOCELL-HP2,3597,4.39,15790.83,2026-02-07,2026-02-15,SHIPPED
SO100919,2026-07-04,CUST_034,USA,V8-NAND-1Tb,3970,3.19,12664.3,2026-07-25,,OPEN
SO100920,2025-12-06,CUST_001,USA,LSI-ISOCELL-HP2,1661,21.38,35512.18,2025-12-27,2025-12-23,SHIPPED
SO100921,2025-07-26,CUST_007,China,V8-NAND-1Tb,1281,8.94,11452.14,2025-08-16,2025-08-25,SHIPPED
SO100922,2026-03-28,CUST_026,Europe,V8-NAND-1Tb,2389,23.21,55448.69,2026-04-18,2026-04-09,SHIPPED
SO100923,2026-05-16,CUST_034,Korea,D1B-DDR5-24G,1,39.58,39.58,2026-06-06,2026-06-01,SHIPPED
SO100924,2026-08-04,CUST_036,Korea,D1B-DDR5-24G,1,17.62,17.62,2026-08-25,2026-08-26,SHIPPED
SO100925,2026-05-23,CUST_007,Japan,D1Z-DDR5-16G,704,15.3,10771.2,2026-06-13,,OPEN
SO100926,2025-09-28,CUST_036,USA,V8-NAND-1Tb,2356,41.06,96737.36,2025-10-19,,OPEN
SO100927,2026-03-14,CUST_008,China,D1Z-DDR5-16G,433,11.91,5157.03,2026-04-04,2026-04-11,SHIPPED
SO100928,2026-01-12,CUST_033,USA,LSI-ISOCELL-HP2,2074,28.25,58590.5,2026-02-02,,CANCELLED
SO100929,2026-04-24,CUST_023,China,D1Z-DDR5-16G,2061,10.89,22444.29,2026-05-15,2026-05-11,SHIPPED
SO100930,2025-12-31,CUST_001,China,V9-NAND-2Tb,3247,6.48,21040.56,2026-01-21,2026-01-22,SHIPPED
SO100931,2025-07-22,CUST_012,Taiwan,D1B-DDR5-24G,3215,28.62,92013.3,2025-08-12,2025-08-05,SHIPPED
SO100932,2026-05-21,CUST_021,USA,D1Z-DDR5-16G,1689,41.35,69840.15,2026-06-11,2026-06-05,SHIPPED
SO100933,2026-04-05,CUST_034,Taiwan,D1Z-DDR5-16G,899,34.11,30664.89,2026-04-26,2026-04-30,SHIPPED
SO100934,2026-04-11,CUST_026,Japan,D1Z-DDR5-16G,1803,31.51,56812.53,2026-05-02,2026-05-10,SHIPPED
SO100935,2026-07-31,CUST_001,Taiwan,D1B-DDR5-24G,364,8.69,3163.16,2026-08-21,2026-08-29,SHIPPED
SO100936,2025-10-11,CUST_005,Europe,LSI-ISOCELL-HP2,2466,19.63,48407.58,2025-11-01,2025-11-13,SHIPPED
SO100937,2026-03-21,CUST_038,China,D1B-DDR5-24G,2879,35.87,103269.73,2026-04-11,2026-04-03,SHIPPED
SO100938,2026-06-14,CUST_025,Japan,V8-NAND-1Tb,1432,31.46,45050.72,2026-07-05,2026-07-10,SHIPPED
SO100939,2025-10-05,CUST_006,USA,D1Z-DDR5-16G,5298,3.93,20821.14,2025-10-26,2025-10-18,SHIPPED
SO100940,2025-09-22,CUST_016,Europe,LSI-ISOCELL-HP2,3232,3.78,12216.96,2025-10-13,2025-10-19,SHIPPED
SO100941,2025-08-28,CUST_028,Korea,D1Z-DDR5-16G,2074,36.44,75576.56,2025-09-18,2025-09-16,SHIPPED
SO100942,2025-09-14,CUST_022,Europe,D1Z-DDR5-16G,1,17.06,17.06,2025-10-05,2025-10-14,SHIPPED
SO100943,2025-09-08,CUST_010,Taiwan,D1Z-DDR5-16G,1777,24.56,43643.12,2025-09-29,2025-10-08,SHIPPED
SO100944,2025-10-07,CUST_033,China,V9-NAND-2Tb,2325,28.07,65262.75,2025-10-28,2025-11-02,SHIPPED
SO100945,2026-03-22,CUST_015,Korea,D1Z-DDR5-16G,4120,7.62,31394.4,2026-04-12,2026-04-06,SHIPPED
SO100946,2025-11-16,CUST_020,Japan,D1B-DDR5-24G,5527,5.92,32719.84,2025-12-07,2025-12-04,SHIPPED
SO100947,2025-11-13,CUST_005,USA,V8-NAND-1Tb,2531,15.4,38977.4,2025-12-04,2025-11-30,SHIPPED
SO100948,2025-12-17,CUST_004,Korea,D1B-DDR5-24G,2840,27.24,77361.6,2026-01-07,2026-01-10,SHIPPED
SO100949,2026-03-20,CUST_003,Europe,V8-NAND-1Tb,2322,10.67,24775.74,2026-04-10,2026-04-11,SHIPPED
SO100950,2025-09-26,CUST_015,Japan,V8-NAND-1Tb,3069,32.99,101246.31,2025-10-17,2025-10-16,SHIPPED
SO100951,2026-05-31,CUST_001,USA,D1Z-DDR5-16G,2184,15.91,34747.44,2026-06-21,2026-06-30,SHIPPED
SO100952,2025-10-10,CUST_005,USA,D1B-DDR5-24G,2038,3.07,6256.66,2025-10-31,2025-10-15,SHIPPED
SO100953,2025-09-11,CUST_027,USA,V9-NAND-2Tb,1667,7.41,12352.47,2025-10-02,2025-09-23,SHIPPED
SO100954,2025-12-24,CUST_002,Japan,V8-NAND-1Tb,3661,14.44,52864.84,2026-01-14,2026-01-18,SHIPPED
SO100955,2026-01-13,CUST_007,Europe,V9-NAND-2Tb,1802,18.0,32436.0,2026-02-03,2026-01-22,SHIPPED
SO100956,2025-12-22,CUST_037,Taiwan,D1B-DDR5-24G,2203,41.52,91468.56,2026-01-12,2026-01-17,SHIPPED
SO100957,2025-08-12,CUST_014,China,D1Z-DDR5-16G,2286,27.5,62865.0,2025-09-02,2025-08-31,SHIPPED
SO100958,2026-05-10,CUST_013,China,D1Z-DDR5-16G,3583,2.15,7703.45,2026-05-31,2026-05-11,SHIPPED
SO100959,2026-01-24,CUST_009,China,V9-NAND-2Tb,3410,14.53,49547.3,2026-02-14,,OPEN
SO100960,2026-01-21,CUST_006,USA,D1B-DDR5-24G,2550,7.91,20170.5,2026-02-11,2026-02-18,SHIPPED
SO100961,2026-04-08,CUST_011,Europe,V8-NAND-1Tb,5027,36.01,181022.27,2026-04-29,2026-04-26,SHIPPED
SO100962,2025-12-14,CUST_026,Japan,V9-NAND-2Tb,2988,40.04,119639.52,2026-01-04,2025-12-28,SHIPPED
SO100963,2025-12-10,CUST_037,Europe,LSI-ISOCELL-HP2,2697,30.7,82797.9,2025-12-31,2026-01-13,SHIPPED
SO100964,2026-07-06,CUST_031,China,D1B-DDR5-24G,2423,37.91,91855.93,2026-07-27,2026-07-29,SHIPPED
SO100965,2025-07-16,CUST_018,USA,D1B-DDR5-24G,2905,11.42,33175.1,2025-08-06,2025-08-08,SHIPPED
SO100966,2026-06-12,CUST_003,Korea,V8-NAND-1Tb,948,29.47,27937.56,2026-07-03,2026-07-04,SHIPPED
SO100967,2026-04-07,CUST_030,China,D1B-DDR5-24G,2162,3.59,7761.58,2026-04-28,2026-05-04,SHIPPED
SO100968,2026-06-20,CUST_027,China,V9-NAND-2Tb,2072,17.01,35244.72,2026-07-11,2026-07-05,SHIPPED
SO100969,2025-08-28,CUST_028,Japan,LSI-ISOCELL-HP2,1032,34.22,35315.04,2025-09-18,2025-09-13,SHIPPED
SO100970,2026-01-25,CUST_038,Europe,V8-NAND-1Tb,2522,25.16,63453.52,2026-02-15,2026-01-29,SHIPPED
SO100971,2026-01-28,CUST_011,Japan,V8-NAND-1Tb,2799,9.4,26310.6,2026-02-18,2026-02-23,SHIPPED
SO100972,2025-10-24,CUST_009,China,LSI-ISOCELL-HP2,2224,2.19,4870.56,2025-11-14,2025-11-25,SHIPPED
SO100973,2025-08-22,CUST_037,USA,V9-NAND-2Tb,3764,31.88,119996.32,2025-09-12,2025-09-15,SHIPPED
SO100974,2025-08-15,CUST_010,Taiwan,LSI-ISOCELL-HP2,837,32.4,27118.8,2025-09-05,2025-09-05,SHIPPED
SO100975,2026-04-25,CUST_016,Japan,LSI-ISOCELL-HP2,2505,27.59,69112.95,2026-05-16,2026-05-28,SHIPPED
SO100976,2026-06-30,CUST_011,Japan,V9-NAND-2Tb,702,22.85,16040.7,2026-07-21,2026-07-17,SHIPPED
SO100977,2025-07-10,CUST_004,Taiwan,V8-NAND-1Tb,1704,3.43,5844.72,2025-07-31,2025-08-06,SHIPPED
SO100978,2025-11-05,CUST_028,Japan,D1B-DDR5-24G,2371,40.66,96404.86,2025-11-26,2025-11-17,SHIPPED
SO100979,2026-07-10,CUST_003,Korea,V9-NAND-2Tb,1249,20.25,25292.25,2026-07-31,2026-07-23,SHIPPED
SO100980,2026-03-25,CUST_019,Korea,LSI-ISOCELL-HP2,1271,16.28,20691.88,2026-04-15,2026-03-26,SHIPPED
SO100981,2026-01-30,CUST_027,USA,V8-NAND-1Tb,3660,21.05,77043.0,2026-02-20,2026-02-10,SHIPPED
SO100982,2026-07-26,CUST_022,Korea,V9-NAND-2Tb,3345,3.79,12677.55,2026-08-16,2026-07-31,SHIPPED
SO100983,2025-08-30,CUST_040,China,V8-NAND-1Tb,2994,28.99,86796.06,2025-09-20,2025-09-18,SHIPPED
SO100984,2026-05-20,CUST_005,Japan,V8-NAND-1Tb,2086,30.79,64227.94,2026-06-10,2026-06-13,SHIPPED
SO100985,2026-07-16,CUST_040,Korea,LSI-ISOCELL-HP2,782,33.68,26337.76,2026-08-06,2026-08-12,SHIPPED
SO100986,2025-07-20,CUST_034,Taiwan,V8-NAND-1Tb,2388,26.25,62685.0,2025-08-10,2025-07-26,SHIPPED
SO100987,2025-11-03,CUST_002,Korea,D1B-DDR5-24G,1947,26.99,52549.53,2025-11-24,2025-12-17,SHIPPED
SO100988,2026-05-13,CUST_027,Taiwan,V8-NAND-1Tb,1950,28.37,55321.5,2026-06-03,2026-05-23,SHIPPED
SO100989,2026-02-24,CUST_026,China,D1Z-DDR5-16G,2611,37.69,98408.59,2026-03-17,2026-04-06,SHIPPED
SO100990,2026-04-08,CUST_012,Korea,V8-NAND-1Tb,2866,8.41,24103.06,2026-04-29,,OPEN
SO100991,2026-06-23,CUST_019,Taiwan,D1Z-DDR5-16G,2457,19.84,48746.88,2026-07-14,2026-07-27,SHIPPED
SO100992,2026-02-22,CUST_033,China,LSI-ISOCELL-HP2,3899,5.75,22419.25,2026-03-15,2026-03-16,SHIPPED
SO100993,2026-01-03,CUST_032,USA,V9-NAND-2Tb,2817,9.07,25550.19,2026-01-24,2026-01-25,SHIPPED
SO100994,2025-07-29,CUST_006,Korea,D1B-DDR5-24G,2576,12.58,32406.08,2025-08-19,2025-08-13,SHIPPED
SO100995,2025-11-06,CUST_017,Europe,D1B-DDR5-24G,3045,22.61,68847.45,2025-11-27,2025-11-26,SHIPPED
SO100996,2025-08-20,CUST_023,Taiwan,V8-NAND-1Tb,3187,30.72,97904.64,2025-09-10,2025-09-22,SHIPPED
SO100997,2026-05-02,CUST_019,Europe,LSI-ISOCELL-HP2,3360,2.65,8904.0,2026-05-23,,OPEN
SO100998,2025-10-03,CUST_015,Taiwan,V8-NAND-1Tb,5225,17.21,89922.25,2025-10-24,2025-10-11,SHIPPED
SO100999,2026-06-14,CUST_036,USA,V8-NAND-1Tb,1186,12.19,14457.34,2026-07-05,2026-07-12,SHIPPED
SO101000,2026-03-24,CUST_005,USA,V8-NAND-1Tb,1735,12.53,21739.55,2026-04-14,2026-04-02,SHIPPED
SO101001,2025-12-11,CUST_014,Europe,LSI-ISOCELL-HP2,1769,15.49,27401.81,2026-01-01,2026-01-10,SHIPPED
SO101002,2025-09-30,CUST_013,Korea,V8-NAND-1Tb,1363,18.81,25638.03,2025-10-21,2025-10-13,SHIPPED
SO101003,2026-03-30,CUST_014,China,D1B-DDR5-24G,1814,24.58,44588.12,2026-04-20,2026-04-29,SHIPPED
SO101004,2026-03-01,CUST_025,USA,D1Z-DDR5-16G,4859,21.55,104711.45,2026-03-22,2026-03-23,SHIPPED
SO101005,2026-01-13,CUST_015,Taiwan,V9-NAND-2Tb,1783,4.24,7559.92,2026-02-03,2026-01-29,SHIPPED
SO101006,2025-08-31,CUST_012,China,LSI-ISOCELL-HP2,2907,9.35,27180.45,2025-09-21,2025-09-18,SHIPPED
SO101007,2026-08-01,CUST_036,Europe,V8-NAND-1Tb,5258,4.3,22609.4,2026-08-22,2026-09-08,SHIPPED
SO101008,2026-03-23,CUST_034,Japan,D1B-DDR5-24G,3627,14.06,50995.62,2026-04-13,2026-04-18,SHIPPED
SO101009,2025-08-21,CUST_022,China,V9-NAND-2Tb,2936,3.49,10246.64,2025-09-11,2025-09-06,SHIPPED
SO101010,2025-10-25,CUST_004,Korea,V8-NAND-1Tb,4143,31.33,129800.19,2025-11-15,2025-11-29,SHIPPED
SO101011,2026-07-09,CUST_036,Taiwan,V8-NAND-1Tb,3767,4.49,16913.83,2026-07-30,2026-07-29,SHIPPED
SO101012,2026-06-21,CUST_015,Korea,D1Z-DDR5-16G,1079,22.38,24148.02,2026-07-12,2026-07-23,SHIPPED
SO101013,2025-11-25,CUST_021,China,D1B-DDR5-24G,2618,36.4,95295.2,2025-12-16,2025-12-09,SHIPPED
SO101014,2026-02-07,CUST_040,Korea,D1Z-DDR5-16G,1326,39.27,52072.02,2026-02-28,2026-03-06,SHIPPED
SO101015,2026-07-25,CUST_030,Europe,V9-NAND-2Tb,1378,26.11,35979.58,2026-08-15,,OPEN
SO101016,2026-05-29,CUST_037,China,D1B-DDR5-24G,3842,31.42,120715.64,2026-06-19,2026-06-25,SHIPPED
SO101017,2026-03-09,CUST_023,USA,V9-NAND-2Tb,3195,38.53,123103.35,2026-03-30,2026-03-24,SHIPPED
SO101018,2025-12-01,CUST_007,Korea,D1B-DDR5-24G,3228,20.74,66948.72,2025-12-22,2025-12-20,SHIPPED
SO101019,2025-12-13,CUST_039,Taiwan,V9-NAND-2Tb,2881,13.9,40045.9,2026-01-03,,CANCELLED
SO101020,2026-07-05,CUST_018,Korea,LSI-ISOCELL-HP2,681,28.9,19680.9,2026-07-26,2026-08-01,SHIPPED
SO101021,2025-08-04,CUST_011,Japan,D1B-DDR5-24G,2842,34.03,96713.26,2025-08-25,2025-08-19,SHIPPED
SO101022,2026-05-28,CUST_008,Japan,D1B-DDR5-24G,2699,26.22,70767.78,2026-06-18,2026-06-05,SHIPPED
SO101023,2026-06-27,CUST_002,China,D1Z-DDR5-16G,2343,18.97,44446.71,2026-07-18,2026-07-13,SHIPPED
SO101024,2025-11-22,CUST_014,Korea,D1B-DDR5-24G,1550,10.88,16864.0,2025-12-13,2025-12-26,SHIPPED
SO101025,2025-09-05,CUST_020,Korea,V9-NAND-2Tb,3130,20.91,65448.3,2025-09-26,2025-09-14,SHIPPED
SO101026,2025-07-01,CUST_034,China,D1Z-DDR5-16G,749,26.13,19571.37,2025-07-22,2025-07-16,SHIPPED
SO101027,2026-03-04,CUST_003,Europe,LSI-ISOCELL-HP2,1116,24.11,26906.76,2026-03-25,2026-03-30,SHIPPED
SO101028,2026-01-25,CUST_034,USA,LSI-ISOCELL-HP2,2656,9.06,24063.36,2026-02-15,2026-02-12,SHIPPED
SO101029,2025-11-23,CUST_038,China,V8-NAND-1Tb,3563,27.86,99265.18,2025-12-14,2025-12-08,SHIPPED
SO101030,2026-06-03,CUST_004,Europe,D1B-DDR5-24G,1,24.51,24.51,2026-06-24,2026-07-02,SHIPPED
SO101031,2026-07-22,CUST_026,USA,D1B-DDR5-24G,2730,31.77,86732.1,2026-08-12,2026-08-06,SHIPPED
SO101032,2025-07-23,CUST_026,Korea,V8-NAND-1Tb,2329,34.83,81119.07,2025-08-13,2025-08-20,SHIPPED
SO101033,2026-04-18,CUST_019,China,D1B-DDR5-24G,5677,38.95,221119.15,2026-05-09,2026-05-20,SHIPPED
SO101034,2025-10-29,CUST_036,Korea,D1Z-DDR5-16G,3195,18.26,58340.7,2025-11-19,2025-11-26,SHIPPED
SO101035,2025-09-23,CUST_001,Europe,V9-NAND-2Tb,3021,7.43,22446.03,2025-10-14,2025-10-12,SHIPPED
SO101036,2026-05-14,CUST_034,Europe,D1Z-DDR5-16G,2591,13.12,33993.92,2026-06-04,2026-05-18,SHIPPED
SO101037,2026-03-06,CUST_039,Korea,D1B-DDR5-24G,3217,8.93,28727.81,2026-03-27,2026-04-06,SHIPPED
SO101038,2026-06-03,CUST_007,Japan,LSI-ISOCELL-HP2,2850,27.16,77406.0,2026-06-24,2026-06-25,SHIPPED
SO101039,2026-05-20,CUST_020,Europe,D1Z-DDR5-16G,5117,12.39,63399.63,2026-06-10,2026-06-04,SHIPPED
SO101040,2025-08-20,CUST_024,China,D1B-DDR5-24G,341,21.49,7328.09,2025-09-10,2025-09-05,SHIPPED
SO101041,2026-05-30,CUST_019,Japan,D1Z-DDR5-16G,3351,16.2,54286.2,2026-06-20,2026-07-06,SHIPPED
SO101042,2025-12-06,CUST_028,Europe,D1Z-DDR5-16G,888,9.82,8720.16,2025-12-27,2025-12-09,SHIPPED
SO101043,2026-07-05,CUST_026,Taiwan,LSI-ISOCELL-HP2,3076,35.04,107783.04,2026-07-26,2026-07-26,SHIPPED
SO101044,2026-04-25,CUST_014,Taiwan,D1B-DDR5-24G,2492,5.96,14852.32,2026-05-16,2026-05-18,SHIPPED
SO101045,2025-12-24,CUST_024,Taiwan,V8-NAND-1Tb,3404,15.0,51060.0,2026-01-14,2026-01-17,SHIPPED
SO101046,2026-02-15,CUST_035,China,V9-NAND-2Tb,3191,11.69,37302.79,2026-03-08,2026-03-06,SHIPPED
SO101047,2025-09-21,CUST_037,Europe,LSI-ISOCELL-HP2,2330,27.67,64471.1,2025-10-12,2025-10-12,SHIPPED
SO101048,2026-04-27,CUST_004,Europe,V8-NAND-1Tb,2900,7.47,21663.0,2026-05-18,2026-05-05,SHIPPED
SO101049,2026-04-01,CUST_024,USA,D1B-DDR5-24G,3802,15.5,58931.0,2026-04-22,2026-04-16,SHIPPED
SO101050,2025-08-04,CUST_003,Korea,V8-NAND-1Tb,3708,21.49,79684.92,2025-08-25,2025-08-06,SHIPPED
SO101051,2026-04-14,CUST_004,Europe,V9-NAND-2Tb,1577,36.17,57040.09,2026-05-05,,OPEN
SO101052,2025-12-12,CUST_005,USA,D1B-DDR5-24G,3463,18.89,65416.07,2026-01-02,2026-01-07,SHIPPED
SO101053,2026-05-19,CUST_003,China,D1Z-DDR5-16G,3427,34.92,119670.84,2026-06-09,,OPEN
SO101054,2025-09-10,CUST_034,Korea,LSI-ISOCELL-HP2,2735,34.5,94357.5,2025-10-01,2025-09-12,SHIPPED
SO101055,2026-05-18,CUST_002,Korea,D1B-DDR5-24G,1502,20.57,30896.14,2026-06-08,2026-06-07,SHIPPED
SO101056,2025-12-25,CUST_018,Europe,V9-NAND-2Tb,2391,20.39,48752.49,2026-01-15,2026-01-09,SHIPPED
SO101057,2026-01-30,CUST_002,Europe,V9-NAND-2Tb,3031,7.34,22247.54,2026-02-20,2026-02-06,SHIPPED
SO101058,2026-05-06,CUST_025,USA,V8-NAND-1Tb,1166,4.76,5550.16,2026-05-27,2026-05-30,SHIPPED
SO101059,2025-08-24,CUST_019,Japan,D1Z-DDR5-16G,3821,33.41,127659.61,2025-09-14,2025-09-14,SHIPPED
SO101060,2026-02-24,CUST_017,China,D1Z-DDR5-16G,2306,22.77,52507.62,2026-03-17,2026-03-24,SHIPPED
SO101061,2026-04-15,CUST_029,Taiwan,D1Z-DDR5-16G,2950,17.72,52274.0,2026-05-06,2026-04-29,SHIPPED
SO101062,2025-07-05,CUST_028,China,V8-NAND-1Tb,3396,35.11,119233.56,2025-07-26,2025-07-22,SHIPPED
SO101063,2026-07-13,CUST_027,China,D1B-DDR5-24G,2104,28.21,59353.84,2026-08-03,,CANCELLED
SO101064,2025-07-14,CUST_016,Europe,D1Z-DDR5-16G,1989,41.51,82563.39,2025-08-04,2025-08-02,SHIPPED
SO101065,2025-07-25,CUST_009,Japan,V8-NAND-1Tb,2808,16.15,45349.2,2025-08-15,2025-08-13,SHIPPED
SO101066,2025-10-16,CUST_028,USA,D1B-DDR5-24G,2037,6.87,13994.19,2025-11-06,2025-10-30,SHIPPED
SO101067,2026-07-20,CUST_028,Taiwan,V8-NAND-1Tb,5371,30.26,162526.46,2026-08-10,,OPEN
SO101068,2026-05-09,CUST_008,Japan,V9-NAND-2Tb,3520,29.98,105529.6,2026-05-30,2026-05-20,SHIPPED
SO101069,2026-02-10,CUST_033,Korea,V9-NAND-2Tb,2740,7.89,21618.6,2026-03-03,2026-03-12,SHIPPED
SO101070,2026-05-19,CUST_040,Taiwan,V9-NAND-2Tb,1670,31.2,52104.0,2026-06-09,,OPEN
SO101071,2025-09-01,CUST_023,Japan,D1Z-DDR5-16G,4518,27.87,125916.66,2025-09-22,2025-09-12,SHIPPED
SO101072,2025-08-27,CUST_039,Taiwan,LSI-ISOCELL-HP2,4409,38.47,169614.23,2025-09-17,2025-09-17,SHIPPED
SO101073,2026-06-28,CUST_029,China,D1Z-DDR5-16G,3296,41.63,137212.48,2026-07-19,2026-07-16,SHIPPED
SO101074,2025-10-28,CUST_009,Japan,V9-NAND-2Tb,818,12.31,10069.58,2025-11-18,2025-11-25,SHIPPED
SO101075,2026-06-15,CUST_025,China,D1Z-DDR5-16G,2103,40.6,85381.8,2026-07-06,2026-07-17,SHIPPED
SO101076,2026-04-07,CUST_025,Japan,LSI-ISOCELL-HP2,3703,28.17,104313.51,2026-04-28,2026-04-30,SHIPPED
SO101077,2025-07-10,CUST_014,Korea,LSI-ISOCELL-HP2,2342,9.33,21850.86,2025-07-31,2025-07-25,SHIPPED
SO101078,2026-08-03,CUST_009,USA,D1B-DDR5-24G,2025,18.93,38333.25,2026-08-24,2026-09-08,SHIPPED
SO101079,2026-07-21,CUST_030,Japan,D1B-DDR5-24G,3480,22.45,78126.0,2026-08-11,2026-08-06,SHIPPED
SO101080,2025-09-14,CUST_011,Korea,LSI-ISOCELL-HP2,1829,32.1,58710.9,2025-10-05,2025-10-12,SHIPPED
SO101081,2026-06-26,CUST_009,Japan,D1B-DDR5-24G,4800,31.63,151824.0,2026-07-17,2026-07-11,SHIPPED
SO101082,2026-05-31,CUST_003,USA,V8-NAND-1Tb,981,2.33,2285.73,2026-06-21,2026-06-25,SHIPPED
SO101083,2026-01-24,CUST_003,Europe,D1Z-DDR5-16G,2673,8.44,22560.12,2026-02-14,2026-02-07,SHIPPED
SO101084,2025-11-28,CUST_040,USA,D1B-DDR5-24G,2657,25.39,67461.23,2025-12-19,2025-12-03,SHIPPED
SO101085,2025-12-10,CUST_037,Taiwan,LSI-ISOCELL-HP2,2658,34.72,92285.76,2025-12-31,2025-12-30,SHIPPED
SO101086,2025-12-28,CUST_032,Korea,V8-NAND-1Tb,2932,36.98,108425.36,2026-01-18,2026-01-08,SHIPPED
SO101087,2026-04-28,CUST_014,China,LSI-ISOCELL-HP2,2669,39.37,105078.53,2026-05-19,2026-05-16,SHIPPED
SO101088,2026-06-13,CUST_008,USA,V9-NAND-2Tb,548,40.23,22046.04,2026-07-04,2026-07-20,SHIPPED
SO101089,2026-01-03,CUST_021,Japan,LSI-ISOCELL-HP2,3494,30.97,108209.18,2026-01-24,2026-01-04,SHIPPED
SO101090,2025-08-02,CUST_005,China,LSI-ISOCELL-HP2,901,7.86,7081.86,2025-08-23,2025-08-24,SHIPPED
SO101091,2025-09-23,CUST_016,China,D1Z-DDR5-16G,3249,23.6,76676.4,2025-10-14,2025-10-18,SHIPPED
SO101092,2025-07-22,CUST_021,China,D1Z-DDR5-16G,2903,38.62,112113.86,2025-08-12,2025-08-13,SHIPPED
SO101093,2025-10-20,CUST_003,Korea,V9-NAND-2Tb,2250,3.92,8820.0,2025-11-10,2025-11-06,SHIPPED
SO101094,2025-11-07,CUST_023,USA,D1Z-DDR5-16G,2858,14.17,40497.86,2025-11-28,2025-12-04,SHIPPED
SO101095,2025-07-13,CUST_026,USA,V8-NAND-1Tb,2509,13.08,32817.72,2025-08-03,2025-08-10,SHIPPED
SO101096,2025-09-08,CUST_023,USA,D1B-DDR5-24G,2200,13.99,30778.0,2025-09-29,2025-10-07,SHIPPED
SO101097,2026-04-13,CUST_011,Korea,D1B-DDR5-24G,1,25.98,25.98,2026-05-04,2026-04-29,SHIPPED
SO101098,2025-08-30,CUST_033,Taiwan,LSI-ISOCELL-HP2,2240,16.52,37004.8,2025-09-20,2025-09-30,SHIPPED
SO101099,2026-05-02,CUST_030,Korea,D1B-DDR5-24G,3711,7.36,27312.96,2026-05-23,2026-05-30,SHIPPED
SO101100,2026-03-29,CUST_008,Korea,V9-NAND-2Tb,3121,4.85,15136.85,2026-04-19,2026-04-24,SHIPPED
SO101101,2025-11-12,CUST_015,Japan,D1B-DDR5-24G,2446,16.06,39282.76,2025-12-03,2025-12-08,SHIPPED
SO101102,2025-07-30,CUST_027,USA,D1Z-DDR5-16G,3061,24.85,76065.85,2025-08-20,2025-08-27,SHIPPED
SO101103,2025-11-01,CUST_009,Taiwan,D1B-DDR5-24G,1118,20.91,23377.38,2025-11-22,2025-11-26,SHIPPED
SO101104,2026-02-23,CUST_018,Taiwan,D1B-DDR5-24G,1554,27.68,43014.72,2026-03-16,,OPEN
SO101105,2025-07-05,CUST_004,Korea,D1B-DDR5-24G,2268,16.02,36333.36,2025-07-26,2025-07-28,SHIPPED
SO101106,2026-03-20,CUST_012,China,V9-NAND-2Tb,1995,11.95,23840.25,2026-04-10,2026-04-07,SHIPPED
SO101107,2026-06-16,CUST_014,China,LSI-ISOCELL-HP2,2546,25.52,64973.92,2026-07-07,2026-06-29,SHIPPED
SO101108,2025-11-30,CUST_009,USA,V8-NAND-1Tb,2312,27.96,64643.52,2025-12-21,2025-12-04,SHIPPED
SO101109,2026-06-04,CUST_012,USA,V9-NAND-2Tb,2369,5.0,11845.0,2026-06-25,2026-06-28,SHIPPED
SO101110,2025-11-28,CUST_031,Taiwan,LSI-ISOCELL-HP2,2783,4.48,12467.84,2025-12-19,,CANCELLED
SO101111,2026-01-20,CUST_034,Taiwan,V8-NAND-1Tb,1650,35.09,57898.5,2026-02-10,2026-02-12,SHIPPED
SO101112,2026-07-24,CUST_030,China,D1B-DDR5-24G,512,36.02,18442.24,2026-08-14,2026-08-08,SHIPPED
SO101113,2026-04-04,CUST_010,Europe,V8-NAND-1Tb,753,28.38,21370.14,2026-04-25,2026-04-23,SHIPPED
SO101114,2026-01-15,CUST_004,Japan,D1B-DDR5-24G,2869,15.98,45846.62,2026-02-05,,CANCELLED
SO101115,2025-11-12,CUST_014,Europe,LSI-ISOCELL-HP2,3077,34.15,105079.55,2025-12-03,2025-12-04,SHIPPED
SO101116,2026-07-08,CUST_027,Europe,V9-NAND-2Tb,3462,36.76,127263.12,2026-07-29,2026-07-28,SHIPPED
SO101117,2026-06-11,CUST_024,Korea,LSI-ISOCELL-HP2,2515,30.45,76581.75,2026-07-02,2026-06-26,SHIPPED
SO101118,2025-11-05,CUST_030,Korea,LSI-ISOCELL-HP2,2242,39.27,88043.34,2025-11-26,2025-11-24,SHIPPED
SO101119,2026-07-31,CUST_019,China,V8-NAND-1Tb,3105,27.92,86691.6,2026-08-21,2026-08-20,SHIPPED
SO101120,2026-03-21,CUST_010,Europe,V9-NAND-2Tb,4286,20.23,86705.78,2026-04-11,2026-04-07,SHIPPED
SO101121,2025-09-08,CUST_034,Taiwan,LSI-ISOCELL-HP2,460,6.27,2884.2,2025-09-29,2025-10-02,SHIPPED
SO101122,2025-07-04,CUST_019,Japan,V8-NAND-1Tb,2021,15.98,32295.58,2025-07-25,2025-07-30,SHIPPED
SO101123,2025-11-11,CUST_021,Europe,LSI-ISOCELL-HP2,3260,9.14,29796.4,2025-12-02,2025-12-01,SHIPPED
SO101124,2026-02-20,CUST_025,USA,V9-NAND-2Tb,2483,28.9,71758.7,2026-03-13,2026-02-25,SHIPPED
SO101125,2025-09-05,CUST_035,China,D1Z-DDR5-16G,2433,6.94,16885.02,2025-09-26,2025-09-06,SHIPPED
SO101126,2026-07-19,CUST_005,China,LSI-ISOCELL-HP2,4290,30.88,132475.2,2026-08-09,2026-07-25,SHIPPED
SO101127,2026-05-03,CUST_027,China,LSI-ISOCELL-HP2,3570,23.69,84573.3,2026-05-24,2026-05-25,SHIPPED
SO101128,2026-06-13,CUST_019,Taiwan,D1B-DDR5-24G,2364,30.25,71511.0,2026-07-04,2026-07-11,SHIPPED
SO101129,2026-05-15,CUST_035,Europe,V8-NAND-1Tb,1705,33.3,56776.5,2026-06-05,2026-05-25,SHIPPED
SO101130,2026-01-02,CUST_005,Korea,D1Z-DDR5-16G,374,15.21,5688.54,2026-01-23,2026-01-29,SHIPPED
SO101131,2025-08-09,CUST_005,Taiwan,V9-NAND-2Tb,1919,34.31,65840.89,2025-08-30,2025-08-19,SHIPPED
SO101132,2026-04-05,CUST_025,USA,D1Z-DDR5-16G,1638,3.39,5552.82,2026-04-26,2026-04-25,SHIPPED
SO101133,2025-09-30,CUST_008,Europe,V8-NAND-1Tb,2490,4.84,12051.6,2025-10-21,2025-11-04,SHIPPED
SO101134,2025-08-06,CUST_004,Korea,V9-NAND-2Tb,3382,19.65,66456.3,2025-08-27,,OPEN
SO101135,2026-06-08,CUST_016,Europe,D1B-DDR5-24G,1544,18.75,28950.0,2026-06-29,2026-06-27,SHIPPED
SO101136,2026-06-05,CUST_027,China,D1B-DDR5-24G,3746,25.3,94773.8,2026-06-26,2026-06-27,SHIPPED
SO101137,2025-09-09,CUST_022,Korea,D1B-DDR5-24G,646,10.15,6556.9,2025-09-30,2025-10-01,SHIPPED
SO101138,2026-04-01,CUST_028,Japan,V8-NAND-1Tb,534,12.02,6418.68,2026-04-22,2026-04-30,SHIPPED
SO101139,2025-09-26,CUST_036,China,LSI-ISOCELL-HP2,845,15.43,13038.35,2025-10-17,2025-10-14,SHIPPED
SO101140,2025-07-01,CUST_023,China,D1Z-DDR5-16G,2652,30.43,80700.36,2025-07-22,2025-07-20,SHIPPED
SO101141,2026-04-14,CUST_038,Taiwan,D1Z-DDR5-16G,2472,15.26,37722.72,2026-05-05,2026-05-14,SHIPPED
SO101142,2026-02-12,CUST_003,China,D1Z-DDR5-16G,3874,6.49,25142.26,2026-03-05,,OPEN
SO101143,2026-07-17,CUST_037,USA,V8-NAND-1Tb,2879,38.61,111158.19,2026-08-07,2026-08-19,SHIPPED
SO101144,2025-11-01,CUST_023,China,D1B-DDR5-24G,1700,13.68,23256.0,2025-11-22,2025-12-01,SHIPPED
SO101145,2026-06-24,CUST_029,Korea,V9-NAND-2Tb,1526,38.87,59315.62,2026-07-15,2026-07-08,SHIPPED
SO101146,2025-07-05,CUST_025,Korea,LSI-ISOCELL-HP2,3223,33.72,108679.56,2025-07-26,2025-08-13,SHIPPED
SO101147,2025-08-01,CUST_027,USA,V9-NAND-2Tb,2419,16.47,39840.93,2025-08-22,,CANCELLED
SO101148,2026-03-21,CUST_024,USA,LSI-ISOCELL-HP2,3324,8.89,29550.36,2026-04-11,2026-04-07,SHIPPED
SO101149,2026-07-18,CUST_012,China,V9-NAND-2Tb,2358,20.28,47820.24,2026-08-08,2026-08-06,SHIPPED
SO101150,2025-09-26,CUST_014,Korea,V8-NAND-1Tb,2183,2.38,5195.54,2025-10-17,2025-10-01,SHIPPED
SO101151,2025-08-04,CUST_016,China,D1Z-DDR5-16G,202,34.24,6916.48,2025-08-25,2025-08-19,SHIPPED
SO101152,2026-03-13,CUST_029,China,D1Z-DDR5-16G,3863,9.46,36543.98,2026-04-03,2026-03-31,SHIPPED
SO101153,2026-05-01,CUST_030,China,D1B-DDR5-24G,2938,18.63,54734.94,2026-05-22,2026-05-15,SHIPPED
SO101154,2025-09-09,CUST_034,Japan,D1Z-DDR5-16G,2080,34.41,71572.8,2025-09-30,2025-10-05,SHIPPED
SO101155,2026-08-03,CUST_003,Taiwan,V8-NAND-1Tb,624,14.29,8916.96,2026-08-24,2026-09-01,SHIPPED
SO101156,2025-12-18,CUST_040,Europe,LSI-ISOCELL-HP2,3914,11.59,45363.26,2026-01-08,2026-01-29,SHIPPED
SO101157,2026-07-07,CUST_028,Taiwan,V9-NAND-2Tb,2352,30.02,70607.04,2026-07-28,2026-08-06,SHIPPED
SO101158,2025-10-20,CUST_036,USA,V8-NAND-1Tb,3860,30.55,117923.0,2025-11-10,2025-11-08,SHIPPED
SO101159,2026-08-02,CUST_031,Korea,V9-NAND-2Tb,3014,17.47,52654.58,2026-08-23,2026-08-31,SHIPPED
SO101160,2025-08-10,CUST_016,Taiwan,V8-NAND-1Tb,1170,22.87,26757.9,2025-08-31,2025-09-06,SHIPPED
SO101161,2025-11-03,CUST_001,China,LSI-ISOCELL-HP2,675,24.28,16389.0,2025-11-24,2025-11-27,SHIPPED
SO101162,2025-11-21,CUST_023,Taiwan,D1Z-DDR5-16G,632,17.7,11186.4,2025-12-12,2025-12-11,SHIPPED
SO101163,2026-07-06,CUST_017,USA,D1Z-DDR5-16G,1113,36.54,40669.02,2026-07-27,,OPEN
SO101164,2026-05-16,CUST_027,China,D1Z-DDR5-16G,2605,30.9,80494.5,2026-06-06,2026-05-25,SHIPPED
SO101165,2025-12-13,CUST_001,Japan,V9-NAND-2Tb,1863,29.75,55424.25,2026-01-03,2026-01-03,SHIPPED
SO101166,2026-05-23,CUST_014,China,D1Z-DDR5-16G,1670,25.8,43086.0,2026-06-13,,OPEN
SO101167,2025-11-20,CUST_037,USA,D1B-DDR5-24G,2112,40.91,86401.92,2025-12-11,2025-12-12,SHIPPED
SO101168,2025-09-20,CUST_027,USA,LSI-ISOCELL-HP2,3810,38.05,144970.5,2025-10-11,2025-10-10,SHIPPED
SO101169,2026-05-06,CUST_023,Taiwan,V8-NAND-1Tb,1423,2.94,4183.62,2026-05-27,2026-05-25,SHIPPED
SO101170,2025-10-17,CUST_038,Taiwan,D1B-DDR5-24G,2307,32.34,74608.38,2025-11-07,2025-11-02,SHIPPED
SO101171,2026-01-16,CUST_039,China,D1Z-DDR5-16G,2650,36.92,97838.0,2026-02-06,2026-01-24,SHIPPED
SO101172,2025-10-22,CUST_040,Japan,D1Z-DDR5-16G,3705,7.9,29269.5,2025-11-12,2025-11-18,SHIPPED
SO101173,2026-04-19,CUST_022,Europe,D1Z-DDR5-16G,3429,41.57,142543.53,2026-05-10,2026-05-11,SHIPPED
SO101174,2025-07-28,CUST_036,Europe,V9-NAND-2Tb,1783,25.35,45199.05,2025-08-18,2025-08-16,SHIPPED
SO101175,2025-08-15,CUST_029,Japan,D1Z-DDR5-16G,2055,2.11,4336.05,2025-09-05,,OPEN
SO101176,2026-04-02,CUST_005,China,V8-NAND-1Tb,2569,23.22,59652.18,2026-04-23,2026-04-03,SHIPPED
SO101177,2026-07-20,CUST_006,China,LSI-ISOCELL-HP2,4521,12.47,56376.87,2026-08-10,,CANCELLED
SO101178,2026-01-09,CUST_005,Japan,D1B-DDR5-24G,1020,8.74,8914.8,2026-01-30,2026-02-01,SHIPPED
SO101179,2026-07-05,CUST_033,Japan,V9-NAND-2Tb,1,8.33,8.33,2026-07-26,2026-07-21,SHIPPED
SO101180,2026-05-07,CUST_017,Europe,D1Z-DDR5-16G,3337,15.81,52757.97,2026-05-28,2026-05-25,SHIPPED
SO101181,2026-06-23,CUST_035,Korea,V8-NAND-1Tb,2344,34.69,81313.36,2026-07-14,2026-07-16,SHIPPED
SO101182,2025-11-30,CUST_019,Korea,D1Z-DDR5-16G,1,10.5,10.5,2025-12-21,2025-12-20,SHIPPED
SO101183,2026-07-31,CUST_010,USA,V8-NAND-1Tb,2948,41.23,121546.04,2026-08-21,,OPEN
SO101184,2026-02-23,CUST_025,Korea,D1Z-DDR5-16G,3508,21.32,74790.56,2026-03-16,2026-03-14,SHIPPED
SO101185,2025-07-01,CUST_027,Taiwan,V8-NAND-1Tb,4432,4.98,22071.36,2025-07-22,,OPEN
SO101186,2025-12-04,CUST_010,Japan,D1B-DDR5-24G,1730,19.19,33198.7,2025-12-25,2025-12-23,SHIPPED
SO101187,2025-09-05,CUST_020,Japan,V9-NAND-2Tb,1667,35.53,59228.51,2025-09-26,2025-09-28,SHIPPED
SO101188,2026-01-03,CUST_025,Europe,LSI-ISOCELL-HP2,4390,21.0,92190.0,2026-01-24,2026-02-19,SHIPPED
SO101189,2026-01-22,CUST_023,Japan,LSI-ISOCELL-HP2,2376,40.05,95158.8,2026-02-12,2026-02-06,SHIPPED
SO101190,2026-07-15,CUST_031,Japan,D1B-DDR5-24G,3727,27.61,102902.47,2026-08-05,,OPEN
SO101191,2026-07-06,CUST_003,Europe,LSI-ISOCELL-HP2,1301,15.06,19593.06,2026-07-27,2026-07-27,SHIPPED
SO101192,2025-10-08,CUST_017,Japan,V8-NAND-1Tb,694,24.79,17204.26,2025-10-29,2025-10-31,SHIPPED
SO101193,2025-10-03,CUST_016,China,LSI-ISOCELL-HP2,4197,10.54,44236.38,2025-10-24,2025-10-26,SHIPPED
SO101194,2025-08-11,CUST_009,Taiwan,V8-NAND-1Tb,3019,29.75,89815.25,2025-09-01,2025-09-06,SHIPPED
SO101195,2026-06-03,CUST_013,Europe,V9-NAND-2Tb,1160,38.22,44335.2,2026-06-24,2026-06-19,SHIPPED
SO101196,2026-05-31,CUST_006,Korea,V9-NAND-2Tb,3467,36.53,126649.51,2026-06-21,2026-06-24,SHIPPED
SO101197,2025-09-18,CUST_030,China,V8-NAND-1Tb,4484,22.0,98648.0,2025-10-09,2025-09-30,SHIPPED
SO101198,2026-02-09,CUST_025,China,V8-NAND-1Tb,2998,5.41,16219.18,2026-03-02,2026-02-22,SHIPPED
SO101199,2026-04-08,CUST_002,China,V9-NAND-2Tb,2262,10.36,23434.32,2026-04-29,2026-04-29,SHIPPED
SO101200,2025-10-20,CUST_008,Europe,D1B-DDR5-24G,2575,30.24,77868.0,2025-11-10,2025-11-06,SHIPPED
SO101201,2025-08-01,CUST_033,Japan,V8-NAND-1Tb,1174,39.84,46772.16,2025-08-22,2025-08-25,SHIPPED
SO101202,2026-06-08,CUST_030,Korea,V8-NAND-1Tb,2950,22.09,65165.5,2026-06-29,2026-07-09,SHIPPED
SO101203,2025-07-11,CUST_009,China,V9-NAND-2Tb,2047,24.8,50765.6,2025-08-01,2025-08-06,SHIPPED
SO101204,2025-11-21,CUST_009,Taiwan,D1B-DDR5-24G,2840,19.33,54897.2,2025-12-12,2025-12-13,SHIPPED
SO101205,2025-10-08,CUST_001,China,V8-NAND-1Tb,2656,40.98,108842.88,2025-10-29,2025-10-23,SHIPPED
SO101206,2026-01-18,CUST_014,Korea,V8-NAND-1Tb,2552,21.6,55123.2,2026-02-08,2026-02-04,SHIPPED
SO101207,2026-01-15,CUST_007,Taiwan,V8-NAND-1Tb,3196,20.54,65645.84,2026-02-05,2026-02-07,SHIPPED
SO101208,2026-07-31,CUST_023,Korea,V9-NAND-2Tb,5164,38.46,198607.44,2026-08-21,2026-08-03,SHIPPED
SO101209,2026-01-29,CUST_028,China,V9-NAND-2Tb,4161,37.7,156869.7,2026-02-19,2026-02-25,SHIPPED
SO101210,2026-02-26,CUST_030,USA,V8-NAND-1Tb,1748,38.62,67507.76,2026-03-19,2026-03-21,SHIPPED
SO101211,2026-05-16,CUST_036,China,LSI-ISOCELL-HP2,4169,11.6,48360.4,2026-06-06,2026-06-07,SHIPPED
SO101212,2026-01-30,CUST_027,China,D1Z-DDR5-16G,1,17.31,17.31,2026-02-20,2026-02-17,SHIPPED
SO101213,2025-08-27,CUST_027,Japan,V9-NAND-2Tb,3126,31.63,98875.38,2025-09-17,2025-09-26,SHIPPED
SO101214,2025-11-08,CUST_036,Taiwan,D1B-DDR5-24G,3277,14.35,47024.95,2025-11-29,2025-11-17,SHIPPED
SO101215,2026-02-17,CUST_001,China,D1B-DDR5-24G,504,33.72,16994.88,2026-03-10,2026-02-23,SHIPPED
SO101216,2025-11-13,CUST_031,Taiwan,V9-NAND-2Tb,2041,40.11,81864.51,2025-12-04,2025-11-25,SHIPPED
SO101217,2026-01-26,CUST_007,Japan,D1Z-DDR5-16G,2554,26.09,66633.86,2026-02-16,2026-02-15,SHIPPED
SO101218,2026-02-28,CUST_035,Taiwan,LSI-ISOCELL-HP2,1785,9.6,17136.0,2026-03-21,2026-03-24,SHIPPED
SO101219,2025-10-18,CUST_021,Taiwan,LSI-ISOCELL-HP2,4263,33.75,143876.25,2025-11-08,2025-11-16,SHIPPED
SO101220,2026-02-11,CUST_031,China,V9-NAND-2Tb,1100,7.34,8074.0,2026-03-04,,CANCELLED
SO101221,2026-03-23,CUST_008,China,V9-NAND-2Tb,2013,23.4,47104.2,2026-04-13,2026-04-15,SHIPPED
SO101222,2025-11-08,CUST_006,USA,LSI-ISOCELL-HP2,3688,6.63,24451.44,2025-11-29,,CANCELLED
SO101223,2026-04-22,CUST_018,USA,D1Z-DDR5-16G,4819,39.57,190687.83,2026-05-13,2026-05-10,SHIPPED
SO101224,2026-08-01,CUST_038,China,D1B-DDR5-24G,3446,12.62,43488.52,2026-08-22,2026-08-04,SHIPPED
SO101225,2026-07-30,CUST_015,USA,D1B-DDR5-24G,2390,7.41,17709.9,2026-08-20,2026-08-17,SHIPPED
SO101226,2025-11-23,CUST_018,China,V8-NAND-1Tb,2722,37.09,100958.98,2025-12-14,2025-12-21,SHIPPED
SO101227,2025-11-15,CUST_039,China,V9-NAND-2Tb,1964,38.68,75967.52,2025-12-06,2025-12-05,SHIPPED
SO101228,2026-04-24,CUST_023,USA,LSI-ISOCELL-HP2,3260,16.91,55126.6,2026-05-15,2026-05-25,SHIPPED
SO101229,2026-02-02,CUST_007,China,V9-NAND-2Tb,3054,25.8,78793.2,2026-02-23,2026-03-01,SHIPPED
SO101230,2025-09-28,CUST_002,Europe,D1B-DDR5-24G,2737,4.44,12152.28,2025-10-19,2025-10-13,SHIPPED
SO101231,2025-11-29,CUST_037,Korea,LSI-ISOCELL-HP2,2784,25.58,71214.72,2025-12-20,2025-12-15,SHIPPED
SO101232,2026-03-01,CUST_014,Europe,D1B-DDR5-24G,2573,32.47,83545.31,2026-03-22,,CANCELLED
SO101233,2026-01-05,CUST_023,Japan,D1Z-DDR5-16G,1058,5.71,6041.18,2026-01-26,2026-01-27,SHIPPED
SO101234,2026-03-11,CUST_012,China,V8-NAND-1Tb,2051,31.81,65242.31,2026-04-01,2026-04-18,SHIPPED
SO101235,2026-04-14,CUST_028,Korea,V9-NAND-2Tb,2454,25.77,63239.58,2026-05-05,2026-05-03,SHIPPED
SO101236,2026-03-02,CUST_012,Europe,V8-NAND-1Tb,1615,24.76,39987.4,2026-03-23,2026-03-26,SHIPPED
SO101237,2025-10-23,CUST_034,Taiwan,V8-NAND-1Tb,3539,25.59,90563.01,2025-11-13,2025-11-09,SHIPPED
SO101238,2026-03-13,CUST_039,Taiwan,D1Z-DDR5-16G,3636,25.46,92572.56,2026-04-03,2026-04-05,SHIPPED
SO101239,2025-11-11,CUST_011,Taiwan,D1Z-DDR5-16G,3682,17.62,64876.84,2025-12-02,2025-11-25,SHIPPED
SO101240,2025-12-14,CUST_035,Japan,D1Z-DDR5-16G,4269,28.54,121837.26,2026-01-04,2025-12-31,SHIPPED
SO101241,2026-07-01,CUST_039,Taiwan,LSI-ISOCELL-HP2,1739,28.72,49944.08,2026-07-22,2026-07-17,SHIPPED
SO101242,2026-03-12,CUST_014,China,D1Z-DDR5-16G,2088,3.11,6493.68,2026-04-02,2026-03-26,SHIPPED
SO101243,2025-07-15,CUST_031,Korea,V8-NAND-1Tb,2341,3.53,8263.73,2025-08-05,2025-08-09,SHIPPED
SO101244,2025-07-17,CUST_007,Korea,V8-NAND-1Tb,3580,21.97,78652.6,2025-08-07,2025-08-14,SHIPPED
SO101245,2025-07-13,CUST_004,China,V9-NAND-2Tb,1811,3.93,7117.23,2025-08-03,2025-07-30,SHIPPED
SO101246,2026-05-07,CUST_016,USA,V8-NAND-1Tb,4859,5.18,25169.62,2026-05-28,2026-05-23,SHIPPED
SO101247,2026-02-19,CUST_014,Europe,V9-NAND-2Tb,4072,39.96,162717.12,2026-03-12,2026-02-20,SHIPPED
SO101248,2026-06-28,CUST_003,China,D1Z-DDR5-16G,2734,5.82,15911.88,2026-07-19,2026-07-11,SHIPPED
SO101249,2025-10-27,CUST_025,USA,V9-NAND-2Tb,2888,25.91,74828.08,2025-11-17,2025-11-18,SHIPPED
SO101250,2026-03-22,CUST_037,Japan,V9-NAND-2Tb,2473,16.58,41002.34,2026-04-12,2026-04-18,SHIPPED
SO101251,2026-02-17,CUST_001,Europe,V9-NAND-2Tb,2308,33.23,76694.84,2026-03-10,,CANCELLED
SO101252,2026-07-14,CUST_040,Taiwan,D1B-DDR5-24G,5066,30.96,156843.36,2026-08-04,2026-08-08,SHIPPED
SO101253,2026-06-29,CUST_014,Japan,LSI-ISOCELL-HP2,826,30.1,24862.6,2026-07-20,2026-07-20,SHIPPED
SO101254,2026-01-08,CUST_040,China,LSI-ISOCELL-HP2,1507,9.89,14904.23,2026-01-29,,OPEN
SO101255,2026-05-18,CUST_005,Taiwan,LSI-ISOCELL-HP2,1083,34.94,37840.02,2026-06-08,2026-05-31,SHIPPED
SO101256,2025-09-12,CUST_029,China,D1B-DDR5-24G,2222,40.47,89924.34,2025-10-03,2025-10-08,SHIPPED
SO101257,2025-09-02,CUST_005,Europe,LSI-ISOCELL-HP2,1754,30.97,54321.38,2025-09-23,2025-10-05,SHIPPED
SO101258,2026-07-21,CUST_032,Europe,V8-NAND-1Tb,1763,34.13,60171.19,2026-08-11,2026-08-05,SHIPPED
SO101259,2025-10-30,CUST_012,Korea,V9-NAND-2Tb,2174,11.98,26044.52,2025-11-20,2025-11-28,SHIPPED
SO101260,2025-11-17,CUST_016,Japan,D1B-DDR5-24G,3123,5.09,15896.07,2025-12-08,2025-12-21,SHIPPED
SO101261,2025-07-29,CUST_011,Europe,V9-NAND-2Tb,2020,10.06,20321.2,2025-08-19,2025-08-26,SHIPPED
SO101262,2025-11-29,CUST_003,Korea,LSI-ISOCELL-HP2,3703,15.87,58766.61,2025-12-20,2025-12-20,SHIPPED
SO101263,2026-04-04,CUST_027,USA,D1Z-DDR5-16G,1963,5.16,10129.08,2026-04-25,2026-04-21,SHIPPED
SO101264,2025-09-23,CUST_017,USA,D1Z-DDR5-16G,2784,8.39,23357.76,2025-10-14,2025-10-30,SHIPPED
SO101265,2026-01-26,CUST_006,China,V8-NAND-1Tb,1731,27.6,47775.6,2026-02-16,2026-02-25,SHIPPED
SO101266,2026-06-11,CUST_021,Taiwan,LSI-ISOCELL-HP2,1086,5.22,5668.92,2026-07-02,2026-06-25,SHIPPED
SO101267,2025-10-05,CUST_004,China,V8-NAND-1Tb,5058,20.85,105459.3,2025-10-26,2025-11-03,SHIPPED
SO101268,2026-07-29,CUST_022,Taiwan,D1B-DDR5-24G,2268,4.38,9933.84,2026-08-19,,OPEN
SO101269,2025-09-11,CUST_028,China,D1B-DDR5-24G,2049,18.71,38336.79,2025-10-02,2025-10-20,SHIPPED
SO101270,2026-02-15,CUST_002,Europe,D1Z-DDR5-16G,2381,8.99,21405.19,2026-03-08,2026-03-08,SHIPPED
SO101271,2026-03-23,CUST_030,USA,V9-NAND-2Tb,3555,26.2,93141.0,2026-04-13,2026-03-26,SHIPPED
SO101272,2025-11-03,CUST_032,USA,V9-NAND-2Tb,92,13.15,1209.8,2025-11-24,2025-11-12,SHIPPED
SO101273,2025-09-17,CUST_006,Japan,V9-NAND-2Tb,4340,15.88,68919.2,2025-10-08,2025-09-26,SHIPPED
SO101274,2026-07-23,CUST_001,Taiwan,LSI-ISOCELL-HP2,3215,24.8,79732.0,2026-08-13,2026-08-11,SHIPPED
SO101275,2025-12-16,CUST_038,Taiwan,V9-NAND-2Tb,3442,11.79,40581.18,2026-01-06,2026-01-09,SHIPPED
SO101276,2026-06-06,CUST_014,China,V8-NAND-1Tb,3660,4.92,18007.2,2026-06-27,2026-07-04,SHIPPED
SO101277,2026-07-13,CUST_035,Korea,D1Z-DDR5-16G,2765,17.87,49410.55,2026-08-03,2026-08-03,SHIPPED
SO101278,2025-10-13,CUST_020,Europe,V9-NAND-2Tb,2108,39.85,84003.8,2025-11-03,2025-11-10,SHIPPED
SO101279,2026-03-11,CUST_007,Europe,V8-NAND-1Tb,1546,36.28,56088.88,2026-04-01,2026-03-27,SHIPPED
SO101280,2026-05-30,CUST_003,Taiwan,V8-NAND-1Tb,3154,36.73,115846.42,2026-06-20,2026-06-24,SHIPPED
SO101281,2025-09-28,CUST_023,Japan,V9-NAND-2Tb,692,7.14,4940.88,2025-10-19,2025-10-28,SHIPPED
SO101282,2026-07-10,CUST_007,China,D1Z-DDR5-16G,4944,24.95,123352.8,2026-07-31,2026-07-13,SHIPPED
SO101283,2025-12-10,CUST_021,Korea,V8-NAND-1Tb,2406,21.81,52474.86,2025-12-31,2026-01-04,SHIPPED
SO101284,2025-10-16,CUST_038,Korea,V9-NAND-2Tb,1874,41.68,78108.32,2025-11-06,2025-10-19,SHIPPED
SO101285,2025-11-13,CUST_005,Korea,V9-NAND-2Tb,1745,20.58,35912.1,2025-12-04,2025-12-08,SHIPPED
SO101286,2026-02-05,CUST_024,Japan,LSI-ISOCELL-HP2,2439,15.87,38706.93,2026-02-26,,OPEN
SO101287,2026-07-27,CUST_001,USA,V8-NAND-1Tb,3695,17.79,65734.05,2026-08-17,2026-09-01,SHIPPED
SO101288,2026-03-19,CUST_028,USA,V9-NAND-2Tb,2766,14.74,40770.84,2026-04-09,,OPEN
SO101289,2026-03-09,CUST_024,Japan,LSI-ISOCELL-HP2,3430,37.51,128659.3,2026-03-30,2026-03-30,SHIPPED
SO101290,2026-05-07,CUST_001,Korea,V8-NAND-1Tb,2704,19.44,52565.76,2026-05-28,2026-05-22,SHIPPED
SO101291,2025-12-22,CUST_015,China,D1Z-DDR5-16G,3806,6.58,25043.48,2026-01-12,2026-01-05,SHIPPED
SO101292,2025-12-26,CUST_010,Europe,V9-NAND-2Tb,1015,5.86,5947.9,2026-01-16,2026-01-03,SHIPPED
SO101293,2026-07-17,CUST_009,Korea,D1Z-DDR5-16G,1306,15.24,19903.44,2026-08-07,2026-07-31,SHIPPED
SO101294,2025-12-26,CUST_004,Korea,D1B-DDR5-24G,2330,3.96,9226.8,2026-01-16,2026-01-22,SHIPPED
SO101295,2025-07-21,CUST_008,Europe,D1Z-DDR5-16G,929,13.17,12234.93,2025-08-11,2025-08-08,SHIPPED
SO101296,2025-10-25,CUST_011,Taiwan,D1Z-DDR5-16G,1085,24.48,26560.8,2025-11-15,2025-11-21,SHIPPED
SO101297,2026-03-09,CUST_005,Korea,V8-NAND-1Tb,862,6.9,5947.8,2026-03-30,2026-04-05,SHIPPED
SO101298,2025-08-13,CUST_025,Taiwan,D1Z-DDR5-16G,305,28.48,8686.4,2025-09-03,2025-08-18,SHIPPED
SO101299,2025-11-19,CUST_017,Korea,D1Z-DDR5-16G,909,6.38,5799.42,2025-12-10,2025-12-12,SHIPPED
SO101300,2026-03-26,CUST_013,Japan,V9-NAND-2Tb,1902,16.11,30641.22,2026-04-16,2026-04-23,SHIPPED
SO101301,2025-09-20,CUST_016,USA,V8-NAND-1Tb,2123,23.43,49741.89,2025-10-11,2025-10-11,SHIPPED
SO101302,2025-08-18,CUST_018,Japan,D1B-DDR5-24G,760,39.46,29989.6,2025-09-08,,OPEN
SO101303,2025-11-17,CUST_028,Japan,LSI-ISOCELL-HP2,3832,14.4,55180.8,2025-12-08,2025-12-04,SHIPPED
SO101304,2026-03-14,CUST_015,Korea,V8-NAND-1Tb,1797,27.96,50244.12,2026-04-04,2026-04-16,SHIPPED
SO101305,2025-10-07,CUST_038,China,LSI-ISOCELL-HP2,2883,36.47,105143.01,2025-10-28,2025-10-23,SHIPPED
SO101306,2026-01-22,CUST_017,Europe,LSI-ISOCELL-HP2,2503,23.67,59246.01,2026-02-12,,OPEN
SO101307,2026-03-01,CUST_030,Japan,V8-NAND-1Tb,4825,22.32,107694.0,2026-03-22,2026-03-16,SHIPPED
SO101308,2026-03-02,CUST_025,Japan,D1Z-DDR5-16G,2490,17.56,43724.4,2026-03-23,2026-03-29,SHIPPED
SO101309,2026-06-24,CUST_031,USA,D1B-DDR5-24G,2590,23.4,60606.0,2026-07-15,2026-07-11,SHIPPED
SO101310,2026-05-18,CUST_005,Taiwan,D1B-DDR5-24G,3632,8.62,31307.84,2026-06-08,2026-06-04,SHIPPED
SO101311,2026-04-16,CUST_003,China,D1Z-DDR5-16G,955,28.06,26797.3,2026-05-07,2026-05-22,SHIPPED
SO101312,2025-09-02,CUST_007,China,D1Z-DDR5-16G,1897,23.51,44598.47,2025-09-23,2025-09-21,SHIPPED
SO101313,2025-11-07,CUST_007,Japan,D1Z-DDR5-16G,3620,4.92,17810.4,2025-11-28,,OPEN
SO101314,2026-03-21,CUST_032,Korea,LSI-ISOCELL-HP2,2104,20.91,43994.64,2026-04-11,2026-04-22,SHIPPED
SO101315,2025-08-07,CUST_026,Europe,V8-NAND-1Tb,2161,37.49,81015.89,2025-08-28,2025-08-12,SHIPPED
SO101316,2025-08-14,CUST_009,Taiwan,D1Z-DDR5-16G,2381,15.61,37167.41,2025-09-04,2025-09-07,SHIPPED
SO101317,2026-06-23,CUST_008,Korea,D1B-DDR5-24G,2729,7.19,19621.51,2026-07-14,2026-07-22,SHIPPED
SO101318,2026-04-11,CUST_030,China,D1Z-DDR5-16G,5606,11.35,63628.1,2026-05-02,,OPEN
SO101319,2026-02-03,CUST_001,China,D1B-DDR5-24G,1642,19.12,31395.04,2026-02-24,2026-02-15,SHIPPED
SO101320,2026-05-21,CUST_010,Taiwan,LSI-ISOCELL-HP2,3656,22.52,82333.12,2026-06-11,2026-06-11,SHIPPED
SO101321,2025-10-31,CUST_011,USA,V8-NAND-1Tb,4253,3.11,13226.83,2025-11-21,,OPEN
SO101322,2025-11-13,CUST_020,USA,D1Z-DDR5-16G,127,27.95,3549.65,2025-12-04,2025-12-08,SHIPPED
SO101323,2026-01-19,CUST_001,Europe,LSI-ISOCELL-HP2,1814,38.65,70111.1,2026-02-09,2026-02-09,SHIPPED
SO101324,2025-07-11,CUST_036,Taiwan,D1B-DDR5-24G,2931,18.75,54956.25,2025-08-01,2025-07-12,SHIPPED
SO101325,2026-08-04,CUST_023,Taiwan,V9-NAND-2Tb,1550,38.14,59117.0,2026-08-25,2026-08-31,SHIPPED
SO101326,2026-01-24,CUST_010,Europe,V8-NAND-1Tb,5028,34.73,174622.44,2026-02-14,2026-01-25,SHIPPED
SO101327,2025-08-21,CUST_037,Japan,V8-NAND-1Tb,2585,38.25,98876.25,2025-09-11,2025-09-02,SHIPPED
SO101328,2025-09-23,CUST_023,Korea,V8-NAND-1Tb,555,37.21,20651.55,2025-10-14,2025-10-18,SHIPPED
SO101329,2026-05-04,CUST_009,Japan,V9-NAND-2Tb,3324,10.36,34436.64,2026-05-25,2026-05-31,SHIPPED
SO101330,2026-04-02,CUST_009,Europe,V9-NAND-2Tb,2355,37.97,89419.35,2026-04-23,2026-04-03,SHIPPED
SO101331,2026-03-07,CUST_013,USA,V8-NAND-1Tb,3211,19.45,62453.95,2026-03-28,2026-04-05,SHIPPED
SO101332,2026-01-03,CUST_012,USA,V8-NAND-1Tb,3265,5.56,18153.4,2026-01-24,2026-02-07,SHIPPED
SO101333,2026-03-17,CUST_029,Taiwan,V9-NAND-2Tb,3724,40.56,151045.44,2026-04-07,2026-04-23,SHIPPED
SO101334,2025-12-04,CUST_008,Japan,D1Z-DDR5-16G,3064,20.53,62903.92,2025-12-25,2025-12-15,SHIPPED
SO101335,2025-11-14,CUST_001,USA,LSI-ISOCELL-HP2,2405,38.58,92784.9,2025-12-05,2025-12-19,SHIPPED
SO101336,2026-01-12,CUST_038,Korea,V8-NAND-1Tb,3338,35.55,118665.9,2026-02-02,2026-02-09,SHIPPED
SO101337,2026-07-06,CUST_034,Europe,D1Z-DDR5-16G,2355,27.24,64150.2,2026-07-27,2026-07-29,SHIPPED
SO101338,2026-07-08,CUST_027,USA,V9-NAND-2Tb,1218,23.28,28355.04,2026-07-29,2026-07-12,SHIPPED
SO101339,2025-07-03,CUST_008,USA,D1Z-DDR5-16G,2082,40.66,84654.12,2025-07-24,2025-07-28,SHIPPED
SO101340,2026-01-18,CUST_015,Korea,V9-NAND-2Tb,3336,25.75,85902.0,2026-02-08,2026-02-06,SHIPPED
SO101341,2025-11-18,CUST_007,Europe,D1B-DDR5-24G,827,14.43,11933.61,2025-12-09,2025-12-02,SHIPPED
SO101342,2026-07-06,CUST_026,China,D1B-DDR5-24G,3200,23.15,74080.0,2026-07-27,2026-07-26,SHIPPED
SO101343,2026-05-04,CUST_037,Taiwan,D1Z-DDR5-16G,676,31.66,21402.16,2026-05-25,2026-06-01,SHIPPED
SO101344,2025-10-07,CUST_014,Europe,D1B-DDR5-24G,4380,31.99,140116.2,2025-10-28,2025-10-20,SHIPPED
SO101345,2025-09-23,CUST_018,USA,D1B-DDR5-24G,2830,2.22,6282.6,2025-10-14,,CANCELLED
SO101346,2026-04-21,CUST_010,USA,V8-NAND-1Tb,3805,38.17,145236.85,2026-05-12,2026-06-01,SHIPPED
SO101347,2026-07-21,CUST_008,China,V8-NAND-1Tb,1640,10.26,16826.4,2026-08-11,2026-08-13,SHIPPED
SO101348,2026-07-18,CUST_019,Korea,V8-NAND-1Tb,2291,17.44,39955.04,2026-08-08,2026-08-04,SHIPPED
SO101349,2026-02-28,CUST_034,Europe,D1B-DDR5-24G,2267,26.05,59055.35,2026-03-21,2026-03-08,SHIPPED
SO101350,2026-02-25,CUST_010,Korea,V9-NAND-2Tb,3890,19.33,75193.7,2026-03-18,,CANCELLED
SO101351,2025-08-04,CUST_015,Japan,D1Z-DDR5-16G,1851,33.22,61490.22,2025-08-25,2025-09-02,SHIPPED
SO101352,2025-11-10,CUST_017,USA,LSI-ISOCELL-HP2,1030,35.43,36492.9,2025-12-01,2025-12-10,SHIPPED
SO101353,2026-01-11,CUST_007,USA,D1Z-DDR5-16G,2320,4.99,11576.8,2026-02-01,2026-01-31,SHIPPED
SO101354,2026-02-06,CUST_005,Europe,V8-NAND-1Tb,3259,36.99,120550.41,2026-02-27,2026-02-16,SHIPPED
SO101355,2026-03-16,CUST_009,China,D1B-DDR5-24G,4363,33.54,146335.02,2026-04-06,2026-03-31,SHIPPED
SO101356,2026-08-02,CUST_006,Europe,LSI-ISOCELL-HP2,4024,40.89,164541.36,2026-08-23,2026-08-12,SHIPPED
SO101357,2026-02-11,CUST_025,Japan,V8-NAND-1Tb,2658,26.16,69533.28,2026-03-04,2026-03-07,SHIPPED
SO101358,2025-08-30,CUST_027,China,V8-NAND-1Tb,2850,37.04,105564.0,2025-09-20,2025-09-20,SHIPPED
SO101359,2026-06-07,CUST_021,Europe,LSI-ISOCELL-HP2,2210,33.34,73681.4,2026-06-28,2026-06-14,SHIPPED
SO101360,2025-10-14,CUST_003,USA,V9-NAND-2Tb,3148,36.21,113989.08,2025-11-04,2025-10-30,SHIPPED
SO101361,2025-09-02,CUST_019,Japan,D1Z-DDR5-16G,2223,17.6,39124.8,2025-09-23,2025-09-05,SHIPPED
SO101362,2025-09-15,CUST_030,USA,LSI-ISOCELL-HP2,2007,39.58,79437.06,2025-10-06,2025-10-11,SHIPPED
SO101363,2025-08-05,CUST_009,China,D1B-DDR5-24G,1341,2.17,2909.97,2025-08-26,2025-08-25,SHIPPED
SO101364,2025-12-12,CUST_036,Korea,D1Z-DDR5-16G,985,26.68,26279.8,2026-01-02,2026-01-07,SHIPPED
SO101365,2026-04-05,CUST_009,Europe,D1B-DDR5-24G,1,13.03,13.03,2026-04-26,2026-04-30,SHIPPED
SO101366,2026-03-27,CUST_027,Korea,V9-NAND-2Tb,3530,5.81,20509.3,2026-04-17,2026-04-24,SHIPPED
SO101367,2026-02-09,CUST_015,USA,LSI-ISOCELL-HP2,2769,33.29,92180.01,2026-03-02,2026-02-25,SHIPPED
SO101368,2026-03-15,CUST_014,Europe,D1B-DDR5-24G,2504,27.19,68083.76,2026-04-05,2026-04-05,SHIPPED
SO101369,2026-02-17,CUST_010,Taiwan,V8-NAND-1Tb,1990,26.14,52018.6,2026-03-10,2026-03-19,SHIPPED
SO101370,2026-06-20,CUST_031,Korea,D1B-DDR5-24G,3204,41.6,133286.4,2026-07-11,2026-07-06,SHIPPED
SO101371,2026-03-12,CUST_025,USA,D1B-DDR5-24G,3208,23.75,76190.0,2026-04-02,2026-03-26,SHIPPED
SO101372,2026-07-28,CUST_016,China,V8-NAND-1Tb,2268,20.44,46357.92,2026-08-18,2026-08-26,SHIPPED
SO101373,2025-08-05,CUST_025,Taiwan,D1B-DDR5-24G,4738,10.44,49464.72,2025-08-26,2025-08-31,SHIPPED
SO101374,2025-09-28,CUST_024,Taiwan,V8-NAND-1Tb,259,11.48,2973.32,2025-10-19,2025-10-22,SHIPPED
SO101375,2025-08-10,CUST_037,Korea,D1B-DDR5-24G,1511,4.63,6995.93,2025-08-31,2025-09-03,SHIPPED
SO101376,2026-02-19,CUST_021,China,V9-NAND-2Tb,2822,11.33,31973.26,2026-03-12,2026-03-25,SHIPPED
SO101377,2025-11-04,CUST_018,Japan,V8-NAND-1Tb,3413,10.53,35938.89,2025-11-25,,OPEN
SO101378,2025-08-04,CUST_039,Korea,V9-NAND-2Tb,2637,7.61,20067.57,2025-08-25,,OPEN
SO101379,2025-07-30,CUST_004,Europe,V9-NAND-2Tb,356,23.81,8476.36,2025-08-20,2025-08-11,SHIPPED
SO101380,2026-07-09,CUST_027,Europe,V9-NAND-2Tb,3524,3.94,13884.56,2026-07-30,2026-08-12,SHIPPED
SO101381,2026-01-17,CUST_040,Japan,V8-NAND-1Tb,3488,13.66,47646.08,2026-02-07,2026-02-07,SHIPPED
SO101382,2025-09-11,CUST_025,Europe,D1Z-DDR5-16G,2802,12.41,34772.82,2025-10-02,2025-10-05,SHIPPED
SO101383,2025-07-19,CUST_025,Europe,D1Z-DDR5-16G,2899,5.71,16553.29,2025-08-09,2025-08-15,SHIPPED
SO101384,2026-04-21,CUST_027,Europe,V9-NAND-2Tb,3425,39.29,134568.25,2026-05-12,2026-05-14,SHIPPED
SO101385,2026-04-01,CUST_028,Europe,D1B-DDR5-24G,2309,35.6,82200.4,2026-04-22,2026-05-08,SHIPPED
SO101386,2026-06-16,CUST_025,China,LSI-ISOCELL-HP2,2745,12.89,35383.05,2026-07-07,2026-06-27,SHIPPED
SO101387,2025-07-09,CUST_024,USA,V8-NAND-1Tb,2692,29.61,79710.12,2025-07-30,2025-08-05,SHIPPED
SO101388,2025-12-22,CUST_003,USA,D1B-DDR5-24G,2846,40.44,115092.24,2026-01-12,2026-01-11,SHIPPED
SO101389,2025-12-11,CUST_031,China,LSI-ISOCELL-HP2,2789,20.03,55863.67,2026-01-01,2025-12-18,SHIPPED
SO101390,2025-08-19,CUST_017,Europe,D1Z-DDR5-16G,3629,6.09,22100.61,2025-09-09,2025-08-29,SHIPPED
SO101391,2026-03-25,CUST_016,Korea,V9-NAND-2Tb,3592,28.14,101078.88,2026-04-15,2026-04-14,SHIPPED
SO101392,2026-01-31,CUST_001,China,V9-NAND-2Tb,2052,40.41,82921.32,2026-02-21,2026-02-26,SHIPPED
SO101393,2025-08-31,CUST_006,China,D1Z-DDR5-16G,3552,3.07,10904.64,2025-09-21,2025-09-27,SHIPPED
SO101394,2025-07-20,CUST_016,Japan,LSI-ISOCELL-HP2,1784,17.7,31576.8,2025-08-10,2025-08-23,SHIPPED
SO101395,2025-10-10,CUST_028,USA,LSI-ISOCELL-HP2,2946,37.5,110475.0,2025-10-31,2025-11-04,SHIPPED
SO101396,2026-01-13,CUST_036,Japan,D1Z-DDR5-16G,937,27.54,25804.98,2026-02-03,2026-01-26,SHIPPED
SO101397,2026-06-26,CUST_029,Korea,V8-NAND-1Tb,1727,16.53,28547.31,2026-07-17,,OPEN
SO101398,2026-01-19,CUST_016,USA,V9-NAND-2Tb,2616,22.08,57761.28,2026-02-09,2026-01-21,SHIPPED
SO101399,2025-12-05,CUST_032,China,D1B-DDR5-24G,4568,8.03,36681.04,2025-12-26,2025-12-13,SHIPPED
SO101400,2026-08-02,CUST_029,Taiwan,V9-NAND-2Tb,3826,36.22,138577.72,2026-08-23,2026-08-06,SHIPPED
SO101401,2026-01-10,CUST_017,China,V9-NAND-2Tb,4869,5.55,27022.95,2026-01-31,2026-02-11,SHIPPED
SO101402,2025-11-12,CUST_034,USA,D1B-DDR5-24G,3216,15.15,48722.4,2025-12-03,2025-11-19,SHIPPED
SO101403,2026-05-08,CUST_033,Korea,D1Z-DDR5-16G,2474,41.68,103116.32,2026-05-29,2026-05-25,SHIPPED
SO101404,2026-06-05,CUST_035,Korea,D1Z-DDR5-16G,2640,10.71,28274.4,2026-06-26,2026-06-25,SHIPPED
SO101405,2026-07-13,CUST_012,Taiwan,D1Z-DDR5-16G,4380,2.32,10161.6,2026-08-03,2026-08-11,SHIPPED
SO101406,2025-11-26,CUST_017,Japan,V9-NAND-2Tb,3673,28.86,106002.78,2025-12-17,2025-12-19,SHIPPED
SO101407,2025-08-18,CUST_038,Korea,V9-NAND-2Tb,2577,35.52,91535.04,2025-09-08,,CANCELLED
SO101408,2026-05-17,CUST_014,Korea,V9-NAND-2Tb,3621,26.19,94833.99,2026-06-07,2026-06-01,SHIPPED
SO101409,2025-12-28,CUST_025,Japan,V9-NAND-2Tb,260,22.78,5922.8,2026-01-18,2026-01-08,SHIPPED
SO101410,2026-03-13,CUST_018,China,V8-NAND-1Tb,1601,11.37,18203.37,2026-04-03,2026-04-03,SHIPPED
SO101411,2025-11-18,CUST_031,USA,V8-NAND-1Tb,2073,13.78,28565.94,2025-12-09,2025-12-21,SHIPPED
SO101412,2025-09-16,CUST_038,China,D1Z-DDR5-16G,3521,19.59,68976.39,2025-10-07,2025-09-29,SHIPPED
SO101413,2026-06-26,CUST_002,Japan,LSI-ISOCELL-HP2,4236,23.37,98995.32,2026-07-17,2026-07-19,SHIPPED
SO101414,2026-02-27,CUST_005,China,V8-NAND-1Tb,1761,9.7,17081.7,2026-03-20,2026-03-27,SHIPPED
SO101415,2025-07-11,CUST_019,Japan,V8-NAND-1Tb,1780,34.78,61908.4,2025-08-01,2025-07-27,SHIPPED
SO101416,2025-07-08,CUST_032,China,D1B-DDR5-24G,2419,25.19,60934.61,2025-07-29,2025-07-29,SHIPPED
SO101417,2025-08-11,CUST_027,Taiwan,LSI-ISOCELL-HP2,3122,23.49,73335.78,2025-09-01,2025-09-12,SHIPPED
SO101418,2025-07-18,CUST_040,USA,V9-NAND-2Tb,874,22.74,19874.76,2025-08-08,,OPEN
SO101419,2026-07-17,CUST_020,Taiwan,V9-NAND-2Tb,1942,32.06,62260.52,2026-08-07,2026-08-11,SHIPPED
SO101420,2025-12-26,CUST_013,China,D1Z-DDR5-16G,1270,20.41,25920.7,2026-01-16,2026-01-08,SHIPPED
SO101421,2026-03-10,CUST_038,Japan,V9-NAND-2Tb,2449,11.88,29094.12,2026-03-31,2026-03-28,SHIPPED
SO101422,2026-04-13,CUST_029,Korea,D1B-DDR5-24G,4445,12.65,56229.25,2026-05-04,,OPEN
SO101423,2026-01-16,CUST_020,Taiwan,V9-NAND-2Tb,2879,22.72,65410.88,2026-02-06,2026-02-24,SHIPPED
SO101424,2026-04-08,CUST_018,Japan,D1B-DDR5-24G,1636,9.61,15721.96,2026-04-29,2026-04-20,SHIPPED
SO101425,2025-07-06,CUST_006,Korea,LSI-ISOCELL-HP2,5120,16.88,86425.6,2025-07-27,2025-07-15,SHIPPED
SO101426,2026-01-23,CUST_036,Taiwan,D1B-DDR5-24G,3291,41.49,136543.59,2026-02-13,2026-02-04,SHIPPED
SO101427,2025-08-19,CUST_022,Korea,LSI-ISOCELL-HP2,331,30.96,10247.76,2025-09-09,2025-09-07,SHIPPED
SO101428,2025-10-16,CUST_011,Japan,LSI-ISOCELL-HP2,740,22.21,16435.4,2025-11-06,2025-11-03,SHIPPED
SO101429,2026-01-11,CUST_014,USA,LSI-ISOCELL-HP2,2646,11.95,31619.7,2026-02-01,2026-02-05,SHIPPED
SO101430,2026-08-04,CUST_039,China,LSI-ISOCELL-HP2,3309,9.67,31998.03,2026-08-25,2026-08-24,SHIPPED
SO101431,2026-03-20,CUST_037,USA,V9-NAND-2Tb,2557,24.66,63055.62,2026-04-10,2026-04-08,SHIPPED
SO101432,2026-05-29,CUST_018,China,LSI-ISOCELL-HP2,1544,31.6,48790.4,2026-06-19,2026-06-26,SHIPPED
SO101433,2026-02-07,CUST_002,Europe,D1B-DDR5-24G,5142,41.94,215655.48,2026-02-28,2026-02-22,SHIPPED
SO101434,2025-12-04,CUST_019,Japan,D1Z-DDR5-16G,3091,5.44,16815.04,2025-12-25,2025-12-11,SHIPPED
SO101435,2026-02-17,CUST_035,Taiwan,V9-NAND-2Tb,1284,32.72,42012.48,2026-03-10,2026-03-03,SHIPPED
SO101436,2026-02-13,CUST_028,Europe,LSI-ISOCELL-HP2,2903,3.86,11205.58,2026-03-06,,CANCELLED
SO101437,2026-04-06,CUST_031,China,LSI-ISOCELL-HP2,1250,14.24,17800.0,2026-04-27,2026-04-13,SHIPPED
SO101438,2026-06-14,CUST_002,Japan,LSI-ISOCELL-HP2,2625,41.67,109383.75,2026-07-05,2026-07-07,SHIPPED
SO101439,2026-07-26,CUST_033,China,LSI-ISOCELL-HP2,1778,11.99,21318.22,2026-08-16,2026-08-12,SHIPPED
SO101440,2026-01-17,CUST_035,Europe,V8-NAND-1Tb,3397,37.19,126334.43,2026-02-07,2026-01-21,SHIPPED
SO101441,2026-07-10,CUST_023,Taiwan,D1B-DDR5-24G,779,32.85,25590.15,2026-07-31,2026-07-25,SHIPPED
SO101442,2026-01-08,CUST_008,Taiwan,LSI-ISOCELL-HP2,2234,8.08,18050.72,2026-01-29,2026-01-31,SHIPPED
SO101443,2026-02-23,CUST_005,Europe,D1B-DDR5-24G,2095,14.65,30691.75,2026-03-16,2026-03-13,SHIPPED
SO101444,2025-10-17,CUST_034,Taiwan,D1B-DDR5-24G,686,15.41,10571.26,2025-11-07,2025-11-01,SHIPPED
SO101445,2026-01-13,CUST_033,Taiwan,V8-NAND-1Tb,2477,18.56,45973.12,2026-02-03,2026-02-07,SHIPPED
SO101446,2025-12-27,CUST_017,Korea,V8-NAND-1Tb,4157,24.89,103467.73,2026-01-17,2026-01-07,SHIPPED
SO101447,2026-04-03,CUST_005,Europe,V9-NAND-2Tb,2651,5.5,14580.5,2026-04-24,2026-04-28,SHIPPED
SO101448,2026-01-01,CUST_001,Taiwan,D1Z-DDR5-16G,3265,21.25,69381.25,2026-01-22,,CANCELLED
SO101449,2026-06-12,CUST_001,China,D1B-DDR5-24G,1,32.34,32.34,2026-07-03,2026-07-08,SHIPPED
SO101450,2025-08-05,CUST_024,Korea,D1B-DDR5-24G,3690,40.23,148448.7,2025-08-26,2025-08-27,SHIPPED
SO101451,2026-07-21,CUST_018,Korea,D1Z-DDR5-16G,1599,27.04,43236.96,2026-08-11,2026-08-12,SHIPPED
SO101452,2026-05-02,CUST_026,Europe,V9-NAND-2Tb,2836,24.92,70673.12,2026-05-23,2026-05-20,SHIPPED
SO101453,2026-02-17,CUST_003,Taiwan,LSI-ISOCELL-HP2,1402,21.09,29568.18,2026-03-10,2026-02-20,SHIPPED
SO101454,2026-06-17,CUST_034,China,V8-NAND-1Tb,867,30.22,26200.74,2026-07-08,2026-07-16,SHIPPED
SO101455,2026-06-05,CUST_019,USA,LSI-ISOCELL-HP2,2219,12.97,28780.43,2026-06-26,2026-07-02,SHIPPED
SO101456,2025-11-02,CUST_009,Korea,D1B-DDR5-24G,2310,9.39,21690.9,2025-11-23,2025-11-26,SHIPPED
SO101457,2026-05-15,CUST_034,Korea,LSI-ISOCELL-HP2,3055,27.3,83401.5,2026-06-05,2026-05-31,SHIPPED
SO101458,2026-01-24,CUST_006,Europe,V8-NAND-1Tb,2629,19.46,51160.34,2026-02-14,2026-02-20,SHIPPED
SO101459,2026-03-24,CUST_014,USA,V9-NAND-2Tb,4652,18.17,84526.84,2026-04-14,,OPEN
SO101460,2026-07-13,CUST_015,Japan,V8-NAND-1Tb,2736,2.24,6128.64,2026-08-03,2026-08-09,SHIPPED
SO101461,2025-07-21,CUST_012,Europe,D1B-DDR5-24G,2219,29.67,65837.73,2025-08-11,2025-08-30,SHIPPED
SO101462,2025-09-13,CUST_001,USA,D1Z-DDR5-16G,2490,41.38,103036.2,2025-10-04,2025-09-27,SHIPPED
SO101463,2026-04-24,CUST_023,USA,V8-NAND-1Tb,3622,6.75,24448.5,2026-05-15,2026-05-22,SHIPPED
SO101464,2025-12-08,CUST_025,Taiwan,D1B-DDR5-24G,2345,3.01,7058.45,2025-12-29,2025-12-24,SHIPPED
SO101465,2026-06-05,CUST_014,China,D1Z-DDR5-16G,2401,38.76,93062.76,2026-06-26,2026-07-03,SHIPPED
SO101466,2025-09-14,CUST_019,Japan,D1Z-DDR5-16G,1539,39.97,61513.83,2025-10-05,,OPEN
SO101467,2026-02-17,CUST_025,Korea,D1Z-DDR5-16G,3504,25.55,89527.2,2026-03-10,2026-02-28,SHIPPED
SO101468,2026-01-09,CUST_032,Japan,LSI-ISOCELL-HP2,2615,5.93,15506.95,2026-01-30,,OPEN
SO101469,2025-11-09,CUST_010,USA,D1Z-DDR5-16G,4965,11.89,59033.85,2025-11-30,2025-12-12,SHIPPED
SO101470,2026-02-18,CUST_015,USA,D1Z-DDR5-16G,1428,8.34,11909.52,2026-03-11,2026-03-13,SHIPPED
SO101471,2026-05-12,CUST_034,Japan,D1Z-DDR5-16G,532,8.52,4532.64,2026-06-02,,OPEN
SO101472,2025-09-20,CUST_009,Japan,D1B-DDR5-24G,2233,22.73,50756.09,2025-10-11,2025-10-06,SHIPPED
SO101473,2026-01-19,CUST_008,Japan,D1Z-DDR5-16G,4508,16.79,75689.32,2026-02-09,2026-02-14,SHIPPED
SO101474,2026-03-24,CUST_021,Japan,LSI-ISOCELL-HP2,2143,18.79,40266.97,2026-04-14,,OPEN
SO101475,2026-07-29,CUST_020,Taiwan,D1B-DDR5-24G,2811,30.71,86325.81,2026-08-19,2026-08-14,SHIPPED
SO101476,2026-01-15,CUST_009,USA,LSI-ISOCELL-HP2,2373,31.33,74346.09,2026-02-05,2026-02-19,SHIPPED
SO101477,2026-02-23,CUST_003,Taiwan,D1B-DDR5-24G,2330,14.09,32829.7,2026-03-16,,CANCELLED
SO101478,2025-08-18,CUST_025,Taiwan,D1Z-DDR5-16G,3483,25.11,87458.13,2025-09-08,,OPEN
SO101479,2026-04-25,CUST_039,China,D1B-DDR5-24G,3262,7.27,23714.74,2026-05-16,2026-05-18,SHIPPED
SO101480,2026-06-19,CUST_021,USA,V9-NAND-2Tb,2734,24.95,68213.3,2026-07-10,2026-07-20,SHIPPED
SO101481,2025-12-04,CUST_039,Taiwan,D1Z-DDR5-16G,1863,7.52,14009.76,2025-12-25,2025-12-09,SHIPPED
SO101482,2026-05-15,CUST_003,Korea,V9-NAND-2Tb,3589,8.88,31870.32,2026-06-05,2026-06-09,SHIPPED
SO101483,2025-11-23,CUST_013,Korea,D1B-DDR5-24G,2793,13.59,37956.87,2025-12-14,2025-12-03,SHIPPED
SO101484,2025-09-01,CUST_014,Europe,D1B-DDR5-24G,1929,41.49,80034.21,2025-09-22,2025-09-17,SHIPPED
SO101485,2026-04-11,CUST_038,Europe,D1B-DDR5-24G,2620,15.23,39902.6,2026-05-02,2026-04-27,SHIPPED
SO101486,2025-08-18,CUST_008,Europe,LSI-ISOCELL-HP2,2871,9.66,27733.86,2025-09-08,,CANCELLED
SO101487,2025-07-01,CUST_037,China,LSI-ISOCELL-HP2,2591,9.69,25106.79,2025-07-22,2025-07-24,SHIPPED
SO101488,2025-10-04,CUST_001,China,V8-NAND-1Tb,2753,14.02,38597.06,2025-10-25,2025-10-20,SHIPPED
SO101489,2025-11-18,CUST_031,China,V9-NAND-2Tb,2296,4.41,10125.36,2025-12-09,,CANCELLED
SO101490,2026-01-19,CUST_031,Japan,LSI-ISOCELL-HP2,3229,22.72,73362.88,2026-02-09,2026-01-22,SHIPPED
SO101491,2025-07-08,CUST_031,China,V9-NAND-2Tb,2357,21.31,50227.67,2025-07-29,2025-07-27,SHIPPED
SO101492,2025-08-18,CUST_004,Europe,D1Z-DDR5-16G,2713,25.81,70022.53,2025-09-08,2025-09-04,SHIPPED
SO101493,2025-12-13,CUST_038,Europe,V8-NAND-1Tb,2241,14.06,31508.46,2026-01-03,2026-01-05,SHIPPED
SO101494,2026-01-18,CUST_038,China,D1Z-DDR5-16G,2972,30.44,90467.68,2026-02-08,2026-02-10,SHIPPED
SO101495,2025-11-08,CUST_036,Korea,V8-NAND-1Tb,2956,39.5,116762.0,2025-11-29,2025-12-09,SHIPPED
SO101496,2025-11-13,CUST_040,Europe,D1Z-DDR5-16G,1983,33.56,66549.48,2025-12-04,2025-11-19,SHIPPED
SO101497,2026-03-07,CUST_025,USA,D1B-DDR5-24G,380,26.32,10001.6,2026-03-28,2026-04-02,SHIPPED
SO101498,2026-08-04,CUST_007,Korea,LSI-ISOCELL-HP2,3258,38.32,124846.56,2026-08-25,2026-09-03,SHIPPED
SO101499,2026-05-12,CUST_022,Taiwan,D1Z-DDR5-16G,2962,39.31,116436.22,2026-06-02,2026-06-02,SHIPPED
SO101500,2026-01-31,CUST_006,Taiwan,D1Z-DDR5-16G,1742,25.78,44908.76,2026-02-21,,OPEN
SO101501,2025-07-19,CUST_035,Korea,V8-NAND-1Tb,2615,21.34,55804.1,2025-08-09,2025-08-17,SHIPPED
SO101502,2026-04-22,CUST_008,Japan,V8-NAND-1Tb,2903,14.34,41629.02,2026-05-13,2026-05-01,SHIPPED
SO101503,2025-11-25,CUST_026,Korea,V9-NAND-2Tb,2729,14.61,39870.69,2025-12-16,2025-12-12,SHIPPED
SO101504,2026-06-29,CUST_031,Europe,D1Z-DDR5-16G,1572,2.63,4134.36,2026-07-20,2026-07-30,SHIPPED
SO101505,2025-09-27,CUST_029,Taiwan,V8-NAND-1Tb,3451,2.73,9421.23,2025-10-18,,OPEN
SO101506,2026-03-23,CUST_001,USA,V8-NAND-1Tb,3306,19.41,64169.46,2026-04-13,2026-04-05,SHIPPED
SO101507,2026-06-12,CUST_018,China,D1Z-DDR5-16G,2561,22.43,57443.23,2026-07-03,2026-06-23,SHIPPED
SO101508,2026-03-15,CUST_029,China,LSI-ISOCELL-HP2,4045,29.26,118356.7,2026-04-05,2026-03-31,SHIPPED
SO101509,2025-12-22,CUST_015,Korea,V8-NAND-1Tb,2200,15.78,34716.0,2026-01-12,2026-01-14,SHIPPED
SO101510,2025-07-21,CUST_011,Europe,LSI-ISOCELL-HP2,2187,37.28,81531.36,2025-08-11,2025-08-07,SHIPPED
SO101511,2026-01-24,CUST_008,Europe,V8-NAND-1Tb,2910,12.95,37684.5,2026-02-14,2026-02-03,SHIPPED
SO101512,2026-07-05,CUST_028,USA,LSI-ISOCELL-HP2,1901,31.63,60128.63,2026-07-26,2026-08-06,SHIPPED
SO101513,2025-09-23,CUST_035,Europe,LSI-ISOCELL-HP2,2968,15.48,45944.64,2025-10-14,2025-10-14,SHIPPED
SO101514,2026-03-19,CUST_011,Korea,V9-NAND-2Tb,61,17.28,1054.08,2026-04-09,2026-04-04,SHIPPED
SO101515,2025-12-15,CUST_039,USA,D1Z-DDR5-16G,2408,36.68,88325.44,2026-01-05,2025-12-29,SHIPPED
SO101516,2026-03-05,CUST_020,Europe,D1B-DDR5-24G,376,36.79,13833.04,2026-03-26,2026-03-18,SHIPPED
SO101517,2026-07-17,CUST_010,USA,D1Z-DDR5-16G,2068,39.52,81727.36,2026-08-07,2026-08-04,SHIPPED
SO101518,2025-09-20,CUST_010,China,D1Z-DDR5-16G,902,19.68,17751.36,2025-10-11,2025-10-04,SHIPPED
SO101519,2025-11-12,CUST_020,Taiwan,D1Z-DDR5-16G,3977,23.43,93181.11,2025-12-03,2025-12-01,SHIPPED
SO101520,2026-06-06,CUST_008,Europe,V9-NAND-2Tb,1929,40.08,77314.32,2026-06-27,2026-06-22,SHIPPED
SO101521,2025-09-14,CUST_039,Korea,V9-NAND-2Tb,3765,4.89,18410.85,2025-10-05,2025-10-03,SHIPPED
SO101522,2025-12-20,CUST_026,China,V9-NAND-2Tb,3652,30.96,113065.92,2026-01-10,2026-01-08,SHIPPED
SO101523,2026-03-25,CUST_006,Europe,V9-NAND-2Tb,3101,3.13,9706.13,2026-04-15,2026-05-02,SHIPPED
SO101524,2026-01-24,CUST_038,China,LSI-ISOCELL-HP2,3692,36.72,135570.24,2026-02-14,2026-02-04,SHIPPED
SO101525,2025-09-29,CUST_009,USA,D1B-DDR5-24G,2500,29.42,73550.0,2025-10-20,2025-10-26,SHIPPED
SO101526,2025-07-09,CUST_018,Europe,V8-NAND-1Tb,2839,15.93,45225.27,2025-07-30,2025-08-03,SHIPPED
SO101527,2026-01-29,CUST_020,China,LSI-ISOCELL-HP2,1207,20.01,24152.07,2026-02-19,2026-03-06,SHIPPED
SO101528,2026-01-17,CUST_009,Taiwan,V9-NAND-2Tb,1376,12.51,17213.76,2026-02-07,2026-01-18,SHIPPED
SO101529,2026-01-30,CUST_036,Europe,D1B-DDR5-24G,1112,4.06,4514.72,2026-02-20,2026-02-20,SHIPPED
SO101530,2026-07-07,CUST_006,Europe,D1B-DDR5-24G,1721,24.86,42784.06,2026-07-28,2026-08-12,SHIPPED
SO101531,2025-11-02,CUST_022,Europe,D1B-DDR5-24G,2034,28.94,58863.96,2025-11-23,2025-12-04,SHIPPED
SO101532,2026-03-21,CUST_011,China,V9-NAND-2Tb,3056,18.8,57452.8,2026-04-11,2026-04-03,SHIPPED
SO101533,2025-10-06,CUST_010,USA,D1Z-DDR5-16G,2887,8.51,24568.37,2025-10-27,2025-10-25,SHIPPED
SO101534,2025-10-24,CUST_010,Taiwan,D1Z-DDR5-16G,3425,22.91,78466.75,2025-11-14,2025-11-10,SHIPPED
SO101535,2025-07-17,CUST_028,China,V8-NAND-1Tb,4432,32.59,144438.88,2025-08-07,2025-08-06,SHIPPED
SO101536,2026-04-19,CUST_035,Japan,V8-NAND-1Tb,2249,29.18,65625.82,2026-05-10,2026-05-02,SHIPPED
SO101537,2026-01-06,CUST_019,Korea,LSI-ISOCELL-HP2,1582,26.21,41464.22,2026-01-27,2026-02-04,SHIPPED
SO101538,2026-05-02,CUST_038,Taiwan,V8-NAND-1Tb,2243,23.44,52575.92,2026-05-23,2026-05-21,SHIPPED
SO101539,2026-05-23,CUST_025,Europe,D1Z-DDR5-16G,701,19.65,13774.65,2026-06-13,2026-06-15,SHIPPED
SO101540,2026-04-01,CUST_031,Korea,D1B-DDR5-24G,2013,2.63,5294.19,2026-04-22,2026-04-26,SHIPPED
SO101541,2026-04-14,CUST_002,Korea,LSI-ISOCELL-HP2,1676,19.29,32330.04,2026-05-05,2026-04-15,SHIPPED
SO101542,2026-06-17,CUST_013,Japan,D1B-DDR5-24G,2239,20.4,45675.6,2026-07-08,2026-06-21,SHIPPED
SO101543,2025-09-16,CUST_018,Taiwan,D1Z-DDR5-16G,4067,41.84,170163.28,2025-10-07,2025-10-16,SHIPPED
SO101544,2025-09-01,CUST_031,China,V9-NAND-2Tb,4352,22.75,99008.0,2025-09-22,2025-09-16,SHIPPED
SO101545,2026-06-17,CUST_037,China,V8-NAND-1Tb,1756,11.4,20018.4,2026-07-08,2026-07-11,SHIPPED
SO101546,2026-04-29,CUST_039,Europe,LSI-ISOCELL-HP2,3504,12.01,42083.04,2026-05-20,2026-05-11,SHIPPED
SO101547,2026-03-02,CUST_040,Korea,LSI-ISOCELL-HP2,1268,27.27,34578.36,2026-03-23,2026-03-26,SHIPPED
SO101548,2025-09-06,CUST_017,Europe,D1B-DDR5-24G,1908,19.82,37816.56,2025-09-27,2025-10-07,SHIPPED
SO101549,2025-12-06,CUST_011,Europe,D1Z-DDR5-16G,3721,26.25,97676.25,2025-12-27,,CANCELLED
SO101550,2026-07-25,CUST_031,China,V8-NAND-1Tb,1008,12.98,13083.84,2026-08-15,2026-08-05,SHIPPED
SO101551,2025-11-30,CUST_040,Europe,V8-NAND-1Tb,2205,8.86,19536.3,2025-12-21,2025-12-31,SHIPPED
SO101552,2026-06-28,CUST_013,Korea,V8-NAND-1Tb,1947,12.53,24395.91,2026-07-19,2026-07-12,SHIPPED
SO101553,2026-05-12,CUST_029,China,V9-NAND-2Tb,2072,24.14,50018.08,2026-06-02,2026-05-13,SHIPPED
SO101554,2026-05-07,CUST_013,USA,V8-NAND-1Tb,2666,13.65,36390.9,2026-05-28,2026-05-31,SHIPPED
SO101555,2026-04-28,CUST_016,China,D1Z-DDR5-16G,4380,8.27,36222.6,2026-05-19,2026-05-12,SHIPPED
SO101556,2025-12-30,CUST_030,Korea,V9-NAND-2Tb,2762,34.52,95344.24,2026-01-20,2026-01-21,SHIPPED
SO101557,2026-04-17,CUST_021,Japan,D1B-DDR5-24G,2834,4.32,12242.88,2026-05-08,2026-05-08,SHIPPED
SO101558,2026-06-16,CUST_010,Taiwan,LSI-ISOCELL-HP2,4579,3.19,14607.01,2026-07-07,2026-07-15,SHIPPED
SO101559,2026-01-29,CUST_018,Europe,LSI-ISOCELL-HP2,3259,14.14,46082.26,2026-02-19,2026-02-24,SHIPPED
SO101560,2025-07-18,CUST_040,China,D1B-DDR5-24G,2646,13.48,35668.08,2025-08-08,2025-08-09,SHIPPED
SO101561,2025-08-18,CUST_031,Taiwan,V8-NAND-1Tb,1,26.3,26.3,2025-09-08,2025-08-28,SHIPPED
SO101562,2025-12-05,CUST_001,China,D1Z-DDR5-16G,3731,36.8,137300.8,2025-12-26,2025-12-25,SHIPPED
SO101563,2026-04-29,CUST_038,Taiwan,D1Z-DDR5-16G,2417,5.44,13148.48,2026-05-20,,CANCELLED
SO101564,2026-02-19,CUST_013,Europe,D1B-DDR5-24G,932,30.15,28099.8,2026-03-12,2026-03-14,SHIPPED
SO101565,2025-07-31,CUST_013,USA,V8-NAND-1Tb,1087,30.38,33023.06,2025-08-21,2025-08-30,SHIPPED
SO101566,2025-11-28,CUST_007,China,V9-NAND-2Tb,3044,5.43,16528.92,2025-12-19,2025-12-20,SHIPPED
SO101567,2025-12-20,CUST_031,USA,V9-NAND-2Tb,2130,17.42,37104.6,2026-01-10,,OPEN
SO101568,2026-04-10,CUST_006,Europe,LSI-ISOCELL-HP2,1452,41.7,60548.4,2026-05-01,2026-04-29,SHIPPED
SO101569,2025-09-15,CUST_037,China,V9-NAND-2Tb,3359,18.53,62242.27,2025-10-06,,CANCELLED
SO101570,2025-10-30,CUST_039,USA,D1B-DDR5-24G,1508,3.32,5006.56,2025-11-20,2025-10-31,SHIPPED
SO101571,2026-03-28,CUST_039,Taiwan,V9-NAND-2Tb,1192,32.97,39300.24,2026-04-18,2026-04-17,SHIPPED
SO101572,2025-11-17,CUST_032,Japan,D1B-DDR5-24G,2449,14.64,35853.36,2025-12-08,2025-12-11,SHIPPED
SO101573,2026-06-11,CUST_032,USA,D1Z-DDR5-16G,30,39.28,1178.4,2026-07-02,2026-07-06,SHIPPED
SO101574,2026-03-27,CUST_019,USA,D1B-DDR5-24G,3200,23.41,74912.0,2026-04-17,2026-04-24,SHIPPED
SO101575,2026-04-23,CUST_016,China,LSI-ISOCELL-HP2,2366,33.65,79615.9,2026-05-14,2026-05-20,SHIPPED
SO101576,2026-05-01,CUST_029,Japan,LSI-ISOCELL-HP2,3260,9.83,32045.8,2026-05-22,2026-05-30,SHIPPED
SO101577,2026-07-31,CUST_021,Europe,D1B-DDR5-24G,1856,16.58,30772.48,2026-08-21,2026-08-15,SHIPPED
SO101578,2026-01-11,CUST_023,China,LSI-ISOCELL-HP2,2305,29.56,68135.8,2026-02-01,2026-02-03,SHIPPED
SO101579,2025-10-27,CUST_002,Korea,V8-NAND-1Tb,2675,16.51,44164.25,2025-11-17,2025-11-18,SHIPPED
SO101580,2026-06-07,CUST_011,Korea,V8-NAND-1Tb,1988,4.85,9641.8,2026-06-28,2026-07-02,SHIPPED
SO101581,2026-07-17,CUST_021,Japan,V9-NAND-2Tb,1054,29.22,30797.88,2026-08-07,2026-08-03,SHIPPED
SO101582,2026-03-12,CUST_008,Europe,V9-NAND-2Tb,2923,7.15,20899.45,2026-04-02,2026-04-18,SHIPPED
SO101583,2025-07-22,CUST_031,China,V9-NAND-2Tb,988,5.76,5690.88,2025-08-12,2025-08-01,SHIPPED
SO101584,2025-11-26,CUST_021,Japan,D1B-DDR5-24G,2945,16.34,48121.3,2025-12-17,2025-12-22,SHIPPED
SO101585,2025-09-15,CUST_021,USA,V9-NAND-2Tb,1431,17.29,24741.99,2025-10-06,2025-10-09,SHIPPED
SO101586,2026-05-01,CUST_020,Europe,V8-NAND-1Tb,821,32.09,26345.89,2026-05-22,2026-05-10,SHIPPED
SO101587,2025-10-05,CUST_028,Japan,LSI-ISOCELL-HP2,2086,39.04,81437.44,2025-10-26,2025-10-14,SHIPPED
SO101588,2026-01-21,CUST_019,China,V8-NAND-1Tb,1112,18.92,21039.04,2026-02-11,2026-02-13,SHIPPED
SO101589,2025-08-13,CUST_008,USA,D1Z-DDR5-16G,3369,5.56,18731.64,2025-09-03,2025-09-10,SHIPPED
SO101590,2026-02-11,CUST_011,China,V8-NAND-1Tb,5515,35.32,194789.8,2026-03-04,2026-02-19,SHIPPED
SO101591,2025-07-25,CUST_020,Korea,V9-NAND-2Tb,3183,3.97,12636.51,2025-08-15,2025-08-17,SHIPPED
SO101592,2026-05-18,CUST_006,USA,LSI-ISOCELL-HP2,2255,5.51,12425.05,2026-06-08,,OPEN
SO101593,2025-12-14,CUST_019,China,V9-NAND-2Tb,955,31.01,29614.55,2026-01-04,2026-01-14,SHIPPED
SO101594,2025-10-28,CUST_012,Japan,V9-NAND-2Tb,78,35.26,2750.28,2025-11-18,,OPEN
SO101595,2025-09-27,CUST_029,Europe,D1B-DDR5-24G,3586,34.23,122748.78,2025-10-18,,OPEN
SO101596,2026-07-08,CUST_012,USA,LSI-ISOCELL-HP2,3761,34.88,131183.68,2026-07-29,2026-07-30,SHIPPED
SO101597,2026-02-16,CUST_014,USA,D1B-DDR5-24G,295,5.95,1755.25,2026-03-09,2026-03-18,SHIPPED
SO101598,2026-06-25,CUST_014,Japan,V9-NAND-2Tb,3258,25.0,81450.0,2026-07-16,2026-07-05,SHIPPED
SO101599,2025-08-08,CUST_038,Korea,V9-NAND-2Tb,2192,5.91,12954.72,2025-08-29,2025-08-10,SHIPPED
