LOT_ID,WAFER_NO,PRODUCT,LINE,TOTAL_DIE,GOOD_DIE,YIELD_PCT,MAIN_FAIL_TYPE,TEST_DATE
L26000,1,D1Z-DDR5-16G,P2,1200,1059,88.27,THIN_FILM,2026-03-14
L26000,2,D1Z-DDR5-16G,P2,1200,1088,90.7,BRIDGE,2026-03-07
L26000,3,D1Z-DDR5-16G,P2,1200,1113,92.77,BRIDGE,2026-03-05
L26000,4,D1Z-DDR5-16G,P2,1200,1060,88.35,BRIDGE,2026-03-09
L26000,5,D1Z-DDR5-16G,P2,1200,1117,93.12,PARTICLE,2026-03-08
L26000,6,D1Z-DDR5-16G,P2,1200,1095,91.31,EDGE_CHIP,2026-03-05
L26000,7,D1Z-DDR5-16G,P2,1200,1080,90.0,PARTICLE,2026-03-13
L26000,8,D1Z-DDR5-16G,P2,1200,1094,91.2,EDGE_CHIP,2026-03-09
L26000,9,D1Z-DDR5-16G,P2,1200,999,83.33,BRIDGE,2026-03-06
L26000,10,D1Z-DDR5-16G,P2,1200,1096,91.33,SCRATCH,2026-03-05
L26000,11,D1Z-DDR5-16G,P2,1200,1065,88.79,OPEN,2026-03-13
L26000,12,D1Z-DDR5-16G,P2,1200,1094,91.21,BRIDGE,2026-03-06
L26000,13,D1Z-DDR5-16G,P2,1200,1067,88.99,PARTICLE,2026-03-09
L26000,14,D1Z-DDR5-16G,P2,1200,1108,92.38,ETC,2026-03-08
L26000,15,D1Z-DDR5-16G,P2,1200,1073,89.49,MISALIGN,2026-03-09
L26000,16,D1Z-DDR5-16G,P2,1200,1119,93.26,SCRATCH,2026-03-08
L26000,17,D1Z-DDR5-16G,P2,1200,1101,91.78,THIN_FILM,2026-03-10
L26000,18,D1Z-DDR5-16G,P2,1200,1102,91.9,MISALIGN,2026-03-10
L26000,19,D1Z-DDR5-16G,P2,1200,1093,91.12,BRIDGE,2026-03-06
L26000,20,D1Z-DDR5-16G,P2,1200,1082,90.17,OPEN,2026-03-05
L26000,21,D1Z-DDR5-16G,P2,1200,1112,92.72,BRIDGE,2026-03-08
L26000,22,D1Z-DDR5-16G,P2,1200,1134,94.56,EDGE_CHIP,2026-03-05
L26000,23,D1Z-DDR5-16G,P2,1200,1097,91.44,OPEN,2026-03-10
L26000,24,D1Z-DDR5-16G,P2,1200,1075,89.66,BRIDGE,2026-03-11
L26000,25,D1Z-DDR5-16G,P2,1200,1089,90.81,PARTICLE,2026-03-13
L26001,1,V8-NAND-1Tb,P3,1200,1149,95.81,BRIDGE,2026-03-14
L26001,2,V8-NAND-1Tb,P3,1200,1103,91.98,ETC,2026-03-09
L26001,3,V8-NAND-1Tb,P3,1200,1130,94.18,BRIDGE,2026-03-06
L26001,4,V8-NAND-1Tb,P3,1200,1116,93.04,PARTICLE,2026-03-12
L26001,5,V8-NAND-1Tb,P3,1200,1152,96.06,PARTICLE,2026-03-07
L26001,6,V8-NAND-1Tb,P3,1200,1133,94.42,SCRATCH,2026-03-05
L26001,7,V8-NAND-1Tb,P3,1200,1142,95.17,THIN_FILM,2026-03-08
L26001,8,V8-NAND-1Tb,P3,1200,1165,97.13,BRIDGE,2026-03-07
L26001,9,V8-NAND-1Tb,P3,1200,1148,95.73,ETC,2026-03-07
L26001,10,V8-NAND-1Tb,P3,1200,1114,92.91,PARTICLE,2026-03-08
L26001,11,V8-NAND-1Tb,P3,1200,1167,97.32,OPEN,2026-03-13
L26001,12,V8-NAND-1Tb,P3,1200,1112,92.7,BRIDGE,2026-03-13
L26001,13,V8-NAND-1Tb,P3,1200,1134,94.55,MISALIGN,2026-03-11
L26001,14,V8-NAND-1Tb,P3,1200,1141,95.15,OPEN,2026-03-12
L26001,15,V8-NAND-1Tb,P3,1200,1152,96.04,BRIDGE,2026-03-12
L26001,16,V8-NAND-1Tb,P3,1200,1186,98.88,MISALIGN,2026-03-09
L26001,17,V8-NAND-1Tb,P3,1200,1148,95.72,SCRATCH,2026-03-14
L26001,18,V8-NAND-1Tb,P3,1200,1167,97.29,BRIDGE,2026-03-08
L26001,19,V8-NAND-1Tb,P3,1200,1087,90.63,PARTICLE,2026-03-06
L26001,20,V8-NAND-1Tb,P3,1200,1187,98.95,MISALIGN,2026-03-13
L26001,21,V8-NAND-1Tb,P3,1200,1149,95.8,BRIDGE,2026-03-13
L26001,22,V8-NAND-1Tb,P3,1200,1119,93.29,ETC,2026-03-07
L26001,23,V8-NAND-1Tb,P3,1200,1184,98.75,MISALIGN,2026-03-10
L26001,24,V8-NAND-1Tb,P3,1200,1058,88.24,BRIDGE,2026-03-09
L26001,25,V8-NAND-1Tb,P3,1200,1146,95.51,SCRATCH,2026-03-11
L26002,1,D1B-DDR5-24G,P2,1200,1088,90.71,BRIDGE,2026-03-07
L26002,2,D1B-DDR5-24G,P2,1200,1101,91.77,SCRATCH,2026-03-06
L26002,3,D1B-DDR5-24G,P2,1200,1093,91.15,MISALIGN,2026-03-05
L26002,4,D1B-DDR5-24G,P2,1200,1092,91.03,PARTICLE,2026-03-09
L26002,5,D1B-DDR5-24G,P2,1200,1064,88.67,ETC,2026-03-10
L26002,6,D1B-DDR5-24G,P2,1200,1070,89.17,BRIDGE,2026-03-10
L26002,7,D1B-DDR5-24G,P2,1200,1090,90.9,BRIDGE,2026-03-05
L26002,8,D1B-DDR5-24G,P2,1200,1119,93.29,PARTICLE,2026-03-12
L26002,9,D1B-DDR5-24G,P2,1200,1057,88.08,BRIDGE,2026-03-05
L26002,10,D1B-DDR5-24G,P2,1200,1109,92.44,PARTICLE,2026-03-11
L26002,11,D1B-DDR5-24G,P2,1200,1066,88.84,EDGE_CHIP,2026-03-05
L26002,12,D1B-DDR5-24G,P2,1200,1065,88.75,PARTICLE,2026-03-05
L26002,13,D1B-DDR5-24G,P2,1200,1077,89.76,BRIDGE,2026-03-11
L26002,14,D1B-DDR5-24G,P2,1200,1077,89.78,SCRATCH,2026-03-08
L26002,15,D1B-DDR5-24G,P2,1200,1085,90.5,OPEN,2026-03-10
L26002,16,D1B-DDR5-24G,P2,1200,1093,91.09,EDGE_CHIP,2026-03-11
L26002,17,D1B-DDR5-24G,P2,1200,1070,89.24,MISALIGN,2026-03-07
L26002,18,D1B-DDR5-24G,P2,1200,1083,90.29,SCRATCH,2026-03-06
L26002,19,D1B-DDR5-24G,P2,1200,1065,88.83,PARTICLE,2026-03-07
L26002,20,D1B-DDR5-24G,P2,1200,1076,89.68,BRIDGE,2026-03-10
L26002,21,D1B-DDR5-24G,P2,1200,1097,91.45,OPEN,2026-03-11
L26002,22,D1B-DDR5-24G,P2,1200,1080,90.0,OPEN,2026-03-09
L26002,23,D1B-DDR5-24G,P2,1200,1064,88.73,THIN_FILM,2026-03-13
L26002,24,D1B-DDR5-24G,P2,1200,1078,89.84,PARTICLE,2026-03-14
L26002,25,D1B-DDR5-24G,P2,1200,1079,89.99,OPEN,2026-03-08
L26003,1,LSI-ISOCELL-HP2,P3,1200,1041,86.77,SCRATCH,2026-03-12
L26003,2,LSI-ISOCELL-HP2,P3,1200,1018,84.91,THIN_FILM,2026-03-06
L26003,3,LSI-ISOCELL-HP2,P3,1200,1051,87.61,ETC,2026-03-06
L26003,4,LSI-ISOCELL-HP2,P3,1200,1062,88.55,PARTICLE,2026-03-14
L26003,5,LSI-ISOCELL-HP2,P3,1200,1050,87.57,SCRATCH,2026-03-12
L26003,6,LSI-ISOCELL-HP2,P3,1200,1047,87.31,MISALIGN,2026-03-11
L26003,7,LSI-ISOCELL-HP2,P3,1200,1051,87.65,SCRATCH,2026-03-08
L26003,8,LSI-ISOCELL-HP2,P3,1200,1095,91.27,EDGE_CHIP,2026-03-08
L26003,9,LSI-ISOCELL-HP2,P3,1200,1030,85.87,THIN_FILM,2026-03-05
L26003,10,LSI-ISOCELL-HP2,P3,1200,1056,88.01,THIN_FILM,2026-03-10
L26003,11,LSI-ISOCELL-HP2,P3,1200,1025,85.45,OPEN,2026-03-11
L26003,12,LSI-ISOCELL-HP2,P3,1200,1027,85.61,OPEN,2026-03-11
L26003,13,LSI-ISOCELL-HP2,P3,1200,978,81.53,PARTICLE,2026-03-11
L26003,14,LSI-ISOCELL-HP2,P3,1200,1064,88.74,OPEN,2026-03-07
L26003,15,LSI-ISOCELL-HP2,P3,1200,1012,84.35,PARTICLE,2026-03-06
L26003,16,LSI-ISOCELL-HP2,P3,1200,1064,88.74,THIN_FILM,2026-03-11
L26003,17,LSI-ISOCELL-HP2,P3,1200,1082,90.21,BRIDGE,2026-03-09
L26003,18,LSI-ISOCELL-HP2,P3,1200,990,82.57,MISALIGN,2026-03-10
L26003,19,LSI-ISOCELL-HP2,P3,1200,1080,90.04,ETC,2026-03-06
L26003,20,LSI-ISOCELL-HP2,P3,1200,1033,86.1,OPEN,2026-03-12
L26003,21,LSI-ISOCELL-HP2,P3,1200,1063,88.6,PARTICLE,2026-03-08
L26003,22,LSI-ISOCELL-HP2,P3,1200,1076,89.69,MISALIGN,2026-03-08
L26003,23,LSI-ISOCELL-HP2,P3,1200,972,81.05,PARTICLE,2026-03-09
L26003,24,LSI-ISOCELL-HP2,P3,1200,1078,89.85,THIN_FILM,2026-03-14
L26003,25,LSI-ISOCELL-HP2,P3,1200,1058,88.17,BRIDGE,2026-03-10
L26004,1,V8-NAND-1Tb,H1,1200,1129,94.1,PARTICLE,2026-03-12
L26004,2,V8-NAND-1Tb,H1,1200,1132,94.4,THIN_FILM,2026-03-07
L26004,3,V8-NAND-1Tb,H1,1200,1147,95.63,PARTICLE,2026-03-14
L26004,4,V8-NAND-1Tb,H1,1200,1137,94.82,PARTICLE,2026-03-09
L26004,5,V8-NAND-1Tb,H1,1200,1126,93.88,BRIDGE,2026-03-07
L26004,6,V8-NAND-1Tb,H1,1200,1140,95.02,PARTICLE,2026-03-12
L26004,7,V8-NAND-1Tb,H1,1200,1096,91.41,OPEN,2026-03-12
L26004,8,V8-NAND-1Tb,H1,1200,1071,89.33,BRIDGE,2026-03-12
L26004,9,V8-NAND-1Tb,H1,1200,1146,95.57,BRIDGE,2026-03-12
L26004,10,V8-NAND-1Tb,H1,1200,1104,92.06,OPEN,2026-03-11
L26004,11,V8-NAND-1Tb,H1,1200,1133,94.45,BRIDGE,2026-03-13
L26004,12,V8-NAND-1Tb,H1,1200,1159,96.62,OPEN,2026-03-05
L26004,13,V8-NAND-1Tb,H1,1200,1124,93.71,BRIDGE,2026-03-11
L26004,14,V8-NAND-1Tb,H1,1200,1124,93.72,PARTICLE,2026-03-13
L26004,15,V8-NAND-1Tb,H1,1200,1129,94.11,OPEN,2026-03-06
L26004,16,V8-NAND-1Tb,H1,1200,1128,94.0,PARTICLE,2026-03-05
L26004,17,V8-NAND-1Tb,H1,1200,1121,93.44,EDGE_CHIP,2026-03-13
L26004,18,V8-NAND-1Tb,H1,1200,1115,92.95,BRIDGE,2026-03-12
L26004,19,V8-NAND-1Tb,H1,1200,1139,94.97,ETC,2026-03-06
L26004,20,V8-NAND-1Tb,H1,1200,1122,93.54,SCRATCH,2026-03-11
L26004,21,V8-NAND-1Tb,H1,1200,1177,98.13,PARTICLE,2026-03-09
L26004,22,V8-NAND-1Tb,H1,1200,1176,98.05,EDGE_CHIP,2026-03-12
L26004,23,V8-NAND-1Tb,H1,1200,1151,96.0,MISALIGN,2026-03-14
L26004,24,V8-NAND-1Tb,H1,1200,1120,93.38,PARTICLE,2026-03-07
L26004,25,V8-NAND-1Tb,H1,1200,1097,91.49,MISALIGN,2026-03-07
L26005,1,D1B-DDR5-24G,P2,1200,1062,88.5,PARTICLE,2026-03-09
L26005,2,D1B-DDR5-24G,P2,1200,1120,93.36,BRIDGE,2026-03-05
L26005,3,D1B-DDR5-24G,P2,1200,1153,96.16,MISALIGN,2026-03-07
L26005,4,D1B-DDR5-24G,P2,1200,1163,96.93,THIN_FILM,2026-03-07
L26005,5,D1B-DDR5-24G,P2,1200,1126,93.91,PARTICLE,2026-03-13
L26005,6,D1B-DDR5-24G,P2,1200,1113,92.81,BRIDGE,2026-03-13
L26005,7,D1B-DDR5-24G,P2,1200,1129,94.1,OPEN,2026-03-06
L26005,8,D1B-DDR5-24G,P2,1200,1055,87.96,PARTICLE,2026-03-14
L26005,9,D1B-DDR5-24G,P2,1200,1142,95.17,EDGE_CHIP,2026-03-06
L26005,10,D1B-DDR5-24G,P2,1200,1189,99.12,PARTICLE,2026-03-05
L26005,11,D1B-DDR5-24G,P2,1200,1110,92.58,OPEN,2026-03-09
L26005,12,D1B-DDR5-24G,P2,1200,1109,92.44,PARTICLE,2026-03-12
L26005,13,D1B-DDR5-24G,P2,1200,1150,95.89,ETC,2026-03-08
L26005,14,D1B-DDR5-24G,P2,1200,1121,93.42,THIN_FILM,2026-03-07
L26005,15,D1B-DDR5-24G,P2,1200,1114,92.87,PARTICLE,2026-03-05
L26005,16,D1B-DDR5-24G,P2,1200,1101,91.76,OPEN,2026-03-07
L26005,17,D1B-DDR5-24G,P2,1200,1091,90.95,OPEN,2026-03-11
L26005,18,D1B-DDR5-24G,P2,1200,1150,95.9,BRIDGE,2026-03-12
L26005,19,D1B-DDR5-24G,P2,1200,1128,94.0,OPEN,2026-03-06
L26005,20,D1B-DDR5-24G,P2,1200,1135,94.63,PARTICLE,2026-03-11
L26005,21,D1B-DDR5-24G,P2,1200,1110,92.52,EDGE_CHIP,2026-03-11
L26005,22,D1B-DDR5-24G,P2,1200,1119,93.31,PARTICLE,2026-03-12
L26005,23,D1B-DDR5-24G,P2,1200,1142,95.24,PARTICLE,2026-03-08
L26005,24,D1B-DDR5-24G,P2,1200,1120,93.41,EDGE_CHIP,2026-03-07
L26005,25,D1B-DDR5-24G,P2,1200,1103,91.92,THIN_FILM,2026-03-05
L26006,1,V9-NAND-2Tb,P3,1200,1166,97.24,THIN_FILM,2026-03-07
L26006,2,V9-NAND-2Tb,P3,1200,1191,99.32,OPEN,2026-03-10
L26006,3,V9-NAND-2Tb,P3,1200,1184,98.72,BRIDGE,2026-03-06
L26006,4,V9-NAND-2Tb,P3,1200,1186,98.89,MISALIGN,2026-03-13
L26006,5,V9-NAND-2Tb,P3,1200,1194,99.56,PARTICLE,2026-03-10
L26006,6,V9-NAND-2Tb,P3,1200,1197,99.8,EDGE_CHIP,2026-03-10
L26006,7,V9-NAND-2Tb,P3,1200,1188,99.03,BRIDGE,2026-03-07
L26006,8,V9-NAND-2Tb,P3,1200,1197,99.8,PARTICLE,2026-03-06
L26006,9,V9-NAND-2Tb,P3,1200,1185,98.78,PARTICLE,2026-03-08
L26006,10,V9-NAND-2Tb,P3,1200,1162,96.91,PARTICLE,2026-03-08
L26006,11,V9-NAND-2Tb,P3,1200,1185,98.83,PARTICLE,2026-03-11
L26006,12,V9-NAND-2Tb,P3,1200,1197,99.8,BRIDGE,2026-03-06
L26006,13,V9-NAND-2Tb,P3,1200,1178,98.23,PARTICLE,2026-03-07
L26006,14,V9-NAND-2Tb,P3,1200,1197,99.8,ETC,2026-03-05
L26006,15,V9-NAND-2Tb,P3,1200,1181,98.45,PARTICLE,2026-03-05
L26006,16,V9-NAND-2Tb,P3,1200,1168,97.34,MISALIGN,2026-03-10
L26006,17,V9-NAND-2Tb,P3,1200,1149,95.77,THIN_FILM,2026-03-11
L26006,18,V9-NAND-2Tb,P3,1200,1183,98.64,SCRATCH,2026-03-07
L26006,19,V9-NAND-2Tb,P3,1200,1197,99.8,BRIDGE,2026-03-10
L26006,20,V9-NAND-2Tb,P3,1200,1194,99.54,PARTICLE,2026-03-07
L26006,21,V9-NAND-2Tb,P3,1200,1165,97.12,SCRATCH,2026-03-07
L26006,22,V9-NAND-2Tb,P3,1200,1197,99.8,PARTICLE,2026-03-12
L26006,23,V9-NAND-2Tb,P3,1200,1179,98.27,MISALIGN,2026-03-11
L26006,24,V9-NAND-2Tb,P3,1200,1184,98.71,BRIDGE,2026-03-11
L26006,25,V9-NAND-2Tb,P3,1200,1197,99.8,EDGE_CHIP,2026-03-05
L26007,1,D1B-DDR5-24G,P3,1200,1101,91.79,PARTICLE,2026-03-06
L26007,2,D1B-DDR5-24G,P3,1200,1055,87.97,BRIDGE,2026-03-10
L26007,3,D1B-DDR5-24G,P3,1200,1090,90.87,BRIDGE,2026-03-05
L26007,4,D1B-DDR5-24G,P3,1200,1020,85.03,OPEN,2026-03-10
L26007,5,D1B-DDR5-24G,P3,1200,1062,88.57,BRIDGE,2026-03-13
L26007,6,D1B-DDR5-24G,P3,1200,1068,89.03,OPEN,2026-03-07
L26007,7,D1B-DDR5-24G,P3,1200,1036,86.35,SCRATCH,2026-03-08
L26007,8,D1B-DDR5-24G,P3,1200,1072,89.35,OPEN,2026-03-12
L26007,9,D1B-DDR5-24G,P3,1200,1046,87.18,PARTICLE,2026-03-05
L26007,10,D1B-DDR5-24G,P3,1200,1010,84.22,BRIDGE,2026-03-14
L26007,11,D1B-DDR5-24G,P3,1200,1045,87.17,PARTICLE,2026-03-12
L26007,12,D1B-DDR5-24G,P3,1200,1074,89.53,THIN_FILM,2026-03-05
L26007,13,D1B-DDR5-24G,P3,1200,1086,90.55,PARTICLE,2026-03-10
L26007,14,D1B-DDR5-24G,P3,1200,1099,91.66,SCRATCH,2026-03-11
L26007,15,D1B-DDR5-24G,P3,1200,1057,88.14,BRIDGE,2026-03-08
L26007,16,D1B-DDR5-24G,P3,1200,1097,91.47,PARTICLE,2026-03-05
L26007,17,D1B-DDR5-24G,P3,1200,1076,89.69,OPEN,2026-03-10
L26007,18,D1B-DDR5-24G,P3,1200,1095,91.31,EDGE_CHIP,2026-03-07
L26007,19,D1B-DDR5-24G,P3,1200,1065,88.75,OPEN,2026-03-07
L26007,20,D1B-DDR5-24G,P3,1200,1060,88.4,MISALIGN,2026-03-12
L26007,21,D1B-DDR5-24G,P3,1200,1059,88.31,MISALIGN,2026-03-10
L26007,22,D1B-DDR5-24G,P3,1200,1054,87.9,PARTICLE,2026-03-13
L26007,23,D1B-DDR5-24G,P3,1200,1065,88.76,PARTICLE,2026-03-10
L26007,24,D1B-DDR5-24G,P3,1200,1061,88.48,SCRATCH,2026-03-05
L26007,25,D1B-DDR5-24G,P3,1200,1057,88.12,BRIDGE,2026-03-10
L26008,1,V9-NAND-2Tb,P1,1200,1122,93.55,ETC,2026-03-09
L26008,2,V9-NAND-2Tb,P1,1200,1132,94.35,ETC,2026-03-12
L26008,3,V9-NAND-2Tb,P1,1200,1126,93.87,EDGE_CHIP,2026-03-11
L26008,4,V9-NAND-2Tb,P1,1200,1045,87.14,PARTICLE,2026-03-12
L26008,5,V9-NAND-2Tb,P1,1200,1146,95.5,SCRATCH,2026-03-07
L26008,6,V9-NAND-2Tb,P1,1200,1099,91.63,SCRATCH,2026-03-05
L26008,7,V9-NAND-2Tb,P1,1200,1049,87.45,BRIDGE,2026-03-09
L26008,8,V9-NAND-2Tb,P1,1200,1107,92.28,BRIDGE,2026-03-06
L26008,9,V9-NAND-2Tb,P1,1200,1075,89.63,OPEN,2026-03-13
L26008,10,V9-NAND-2Tb,P1,1200,1069,89.12,OPEN,2026-03-08
L26008,11,V9-NAND-2Tb,P1,1200,1119,93.26,OPEN,2026-03-13
L26008,12,V9-NAND-2Tb,P1,1200,1124,93.74,PARTICLE,2026-03-06
L26008,13,V9-NAND-2Tb,P1,1200,1088,90.73,PARTICLE,2026-03-14
L26008,14,V9-NAND-2Tb,P1,1200,1089,90.8,BRIDGE,2026-03-09
L26008,15,V9-NAND-2Tb,P1,1200,1146,95.58,OPEN,2026-03-10
L26008,16,V9-NAND-2Tb,P1,1200,1119,93.26,SCRATCH,2026-03-14
L26008,17,V9-NAND-2Tb,P1,1200,1089,90.81,EDGE_CHIP,2026-03-09
L26008,18,V9-NAND-2Tb,P1,1200,1102,91.87,BRIDGE,2026-03-14
L26008,19,V9-NAND-2Tb,P1,1200,1115,92.98,PARTICLE,2026-03-12
L26008,20,V9-NAND-2Tb,P1,1200,1120,93.41,PARTICLE,2026-03-08
L26008,21,V9-NAND-2Tb,P1,1200,1105,92.12,OPEN,2026-03-06
L26008,22,V9-NAND-2Tb,P1,1200,1152,96.04,OPEN,2026-03-13
L26008,23,V9-NAND-2Tb,P1,1200,1138,94.88,ETC,2026-03-09
L26008,24,V9-NAND-2Tb,P1,1200,1147,95.65,MISALIGN,2026-03-13
L26008,25,V9-NAND-2Tb,P1,1200,1093,91.1,PARTICLE,2026-03-10
L26009,1,V8-NAND-1Tb,H1,1200,1197,99.8,BRIDGE,2026-03-09
L26009,2,V8-NAND-1Tb,H1,1200,1197,99.8,SCRATCH,2026-03-06
L26009,3,V8-NAND-1Tb,H1,1200,1197,99.8,PARTICLE,2026-03-06
L26009,4,V8-NAND-1Tb,H1,1200,1197,99.8,SCRATCH,2026-03-14
L26009,5,V8-NAND-1Tb,H1,1200,1181,98.45,PARTICLE,2026-03-12
L26009,6,V8-NAND-1Tb,H1,1200,1197,99.8,MISALIGN,2026-03-12
L26009,7,V8-NAND-1Tb,H1,1200,1197,99.8,PARTICLE,2026-03-12
L26009,8,V8-NAND-1Tb,H1,1200,1154,96.19,SCRATCH,2026-03-13
L26009,9,V8-NAND-1Tb,H1,1200,1182,98.54,EDGE_CHIP,2026-03-10
L26009,10,V8-NAND-1Tb,H1,1200,1164,97.05,BRIDGE,2026-03-07
L26009,11,V8-NAND-1Tb,H1,1200,1151,95.97,PARTICLE,2026-03-10
L26009,12,V8-NAND-1Tb,H1,1200,1183,98.62,EDGE_CHIP,2026-03-05
L26009,13,V8-NAND-1Tb,H1,1200,1197,99.8,PARTICLE,2026-03-13
L26009,14,V8-NAND-1Tb,H1,1200,1197,99.8,BRIDGE,2026-03-12
L26009,15,V8-NAND-1Tb,H1,1200,1197,99.77,OPEN,2026-03-14
L26009,16,V8-NAND-1Tb,H1,1200,1197,99.8,BRIDGE,2026-03-13
L26009,17,V8-NAND-1Tb,H1,1200,1197,99.8,MISALIGN,2026-03-10
L26009,18,V8-NAND-1Tb,H1,1200,1197,99.8,BRIDGE,2026-03-12
L26009,19,V8-NAND-1Tb,H1,1200,1178,98.24,PARTICLE,2026-03-12
L26009,20,V8-NAND-1Tb,H1,1200,1197,99.8,SCRATCH,2026-03-11
L26009,21,V8-NAND-1Tb,H1,1200,1197,99.8,EDGE_CHIP,2026-03-14
L26009,22,V8-NAND-1Tb,H1,1200,1191,99.31,THIN_FILM,2026-03-13
L26009,23,V8-NAND-1Tb,H1,1200,1197,99.8,PARTICLE,2026-03-07
L26009,24,V8-NAND-1Tb,H1,1200,1182,98.53,OPEN,2026-03-05
L26009,25,V8-NAND-1Tb,H1,1200,1197,99.8,MISALIGN,2026-03-08
L26010,1,D1Z-DDR5-16G,H1,1200,1123,93.65,PARTICLE,2026-03-06
L26010,2,D1Z-DDR5-16G,H1,1200,1136,94.71,BRIDGE,2026-03-09
L26010,3,D1Z-DDR5-16G,H1,1200,1105,92.1,THIN_FILM,2026-03-08
L26010,4,D1Z-DDR5-16G,H1,1200,1137,94.8,PARTICLE,2026-03-05
L26010,5,D1Z-DDR5-16G,H1,1200,1087,90.66,THIN_FILM,2026-03-13
L26010,6,D1Z-DDR5-16G,H1,1200,1113,92.76,SCRATCH,2026-03-06
L26010,7,D1Z-DDR5-16G,H1,1200,1119,93.27,OPEN,2026-03-14
L26010,8,D1Z-DDR5-16G,H1,1200,1125,93.78,PARTICLE,2026-03-14
L26010,9,D1Z-DDR5-16G,H1,1200,1131,94.29,ETC,2026-03-05
L26010,10,D1Z-DDR5-16G,H1,1200,1136,94.7,EDGE_CHIP,2026-03-14
L26010,11,D1Z-DDR5-16G,H1,1200,1130,94.25,PARTICLE,2026-03-12
L26010,12,D1Z-DDR5-16G,H1,1200,1088,90.68,PARTICLE,2026-03-10
L26010,13,D1Z-DDR5-16G,H1,1200,1087,90.61,BRIDGE,2026-03-06
L26010,14,D1Z-DDR5-16G,H1,1200,1130,94.24,BRIDGE,2026-03-10
L26010,15,D1Z-DDR5-16G,H1,1200,1062,88.51,THIN_FILM,2026-03-06
L26010,16,D1Z-DDR5-16G,H1,1200,1066,88.89,PARTICLE,2026-03-11
L26010,17,D1Z-DDR5-16G,H1,1200,1096,91.33,SCRATCH,2026-03-14
L26010,18,D1Z-DDR5-16G,H1,1200,1134,94.56,SCRATCH,2026-03-13
L26010,19,D1Z-DDR5-16G,H1,1200,1090,90.91,BRIDGE,2026-03-09
L26010,20,D1Z-DDR5-16G,H1,1200,1116,93.07,PARTICLE,2026-03-10
L26010,21,D1Z-DDR5-16G,H1,1200,1082,90.18,THIN_FILM,2026-03-09
L26010,22,D1Z-DDR5-16G,H1,1200,1153,96.08,PARTICLE,2026-03-13
L26010,23,D1Z-DDR5-16G,H1,1200,1081,90.09,EDGE_CHIP,2026-03-09
L26010,24,D1Z-DDR5-16G,H1,1200,1108,92.38,PARTICLE,2026-03-10
L26010,25,D1Z-DDR5-16G,H1,1200,1122,93.56,SCRATCH,2026-03-12
L26011,1,LSI-ISOCELL-HP2,P1,1200,1137,94.76,PARTICLE,2026-03-05
L26011,2,LSI-ISOCELL-HP2,P1,1200,1129,94.13,MISALIGN,2026-03-11
L26011,3,LSI-ISOCELL-HP2,P1,1200,1102,91.91,OPEN,2026-03-06
L26011,4,LSI-ISOCELL-HP2,P1,1200,1100,91.69,THIN_FILM,2026-03-09
L26011,5,LSI-ISOCELL-HP2,P1,1200,1108,92.4,OPEN,2026-03-05
L26011,6,LSI-ISOCELL-HP2,P1,1200,1140,95.02,PARTICLE,2026-03-10
L26011,7,LSI-ISOCELL-HP2,P1,1200,1026,85.57,PARTICLE,2026-03-07
L26011,8,LSI-ISOCELL-HP2,P1,1200,1116,93.01,BRIDGE,2026-03-12
L26011,9,LSI-ISOCELL-HP2,P1,1200,1122,93.55,BRIDGE,2026-03-09
L26011,10,LSI-ISOCELL-HP2,P1,1200,1109,92.46,PARTICLE,2026-03-09
L26011,11,LSI-ISOCELL-HP2,P1,1200,1059,88.33,OPEN,2026-03-06
L26011,12,LSI-ISOCELL-HP2,P1,1200,1103,91.92,PARTICLE,2026-03-12
L26011,13,LSI-ISOCELL-HP2,P1,1200,1089,90.78,PARTICLE,2026-03-07
L26011,14,LSI-ISOCELL-HP2,P1,1200,1093,91.13,SCRATCH,2026-03-13
L26011,15,LSI-ISOCELL-HP2,P1,1200,1076,89.7,BRIDGE,2026-03-07
L26011,16,LSI-ISOCELL-HP2,P1,1200,1112,92.75,BRIDGE,2026-03-05
L26011,17,LSI-ISOCELL-HP2,P1,1200,1086,90.51,THIN_FILM,2026-03-13
L26011,18,LSI-ISOCELL-HP2,P1,1200,1130,94.23,EDGE_CHIP,2026-03-08
L26011,19,LSI-ISOCELL-HP2,P1,1200,1181,98.47,BRIDGE,2026-03-05
L26011,20,LSI-ISOCELL-HP2,P1,1200,1156,96.38,OPEN,2026-03-07
L26011,21,LSI-ISOCELL-HP2,P1,1200,1131,94.26,MISALIGN,2026-03-10
L26011,22,LSI-ISOCELL-HP2,P1,1200,1096,91.37,SCRATCH,2026-03-11
L26011,23,LSI-ISOCELL-HP2,P1,1200,1144,95.39,BRIDGE,2026-03-10
L26011,24,LSI-ISOCELL-HP2,P1,1200,1115,92.92,PARTICLE,2026-03-09
L26011,25,LSI-ISOCELL-HP2,P1,1200,1117,93.15,BRIDGE,2026-03-10
L26012,1,V8-NAND-1Tb,P3,1200,1011,84.27,PARTICLE,2026-03-13
L26012,2,V8-NAND-1Tb,P3,1200,1049,87.47,BRIDGE,2026-03-13
L26012,3,V8-NAND-1Tb,P3,1200,1040,86.75,BRIDGE,2026-03-12
L26012,4,V8-NAND-1Tb,P3,1200,1058,88.24,BRIDGE,2026-03-05
L26012,5,V8-NAND-1Tb,P3,1200,1056,88.01,ETC,2026-03-05
L26012,6,V8-NAND-1Tb,P3,1200,1042,86.91,PARTICLE,2026-03-10
L26012,7,V8-NAND-1Tb,P3,1200,1083,90.3,ETC,2026-03-06
L26012,8,V8-NAND-1Tb,P3,1200,1029,85.81,BRIDGE,2026-03-08
L26012,9,V8-NAND-1Tb,P3,1200,1075,89.66,PARTICLE,2026-03-13
L26012,10,V8-NAND-1Tb,P3,1200,1018,84.86,THIN_FILM,2026-03-13
L26012,11,V8-NAND-1Tb,P3,1200,1056,88.02,BRIDGE,2026-03-09
L26012,12,V8-NAND-1Tb,P3,1200,1038,86.57,OPEN,2026-03-10
L26012,13,V8-NAND-1Tb,P3,1200,1036,86.4,THIN_FILM,2026-03-08
L26012,14,V8-NAND-1Tb,P3,1200,1030,85.87,SCRATCH,2026-03-13
L26012,15,V8-NAND-1Tb,P3,1200,1020,85.05,BRIDGE,2026-03-14
L26012,16,V8-NAND-1Tb,P3,1200,956,79.68,BRIDGE,2026-03-12
L26012,17,V8-NAND-1Tb,P3,1200,1024,85.38,MISALIGN,2026-03-06
L26012,18,V8-NAND-1Tb,P3,1200,1005,83.8,EDGE_CHIP,2026-03-09
L26012,19,V8-NAND-1Tb,P3,1200,1045,87.13,OPEN,2026-03-14
L26012,20,V8-NAND-1Tb,P3,1200,1050,87.54,OPEN,2026-03-07
L26012,21,V8-NAND-1Tb,P3,1200,1040,86.73,EDGE_CHIP,2026-03-12
L26012,22,V8-NAND-1Tb,P3,1200,1041,86.81,MISALIGN,2026-03-07
L26012,23,V8-NAND-1Tb,P3,1200,1065,88.8,BRIDGE,2026-03-13
L26012,24,V8-NAND-1Tb,P3,1200,1066,88.9,SCRATCH,2026-03-07
L26012,25,V8-NAND-1Tb,P3,1200,1024,85.34,THIN_FILM,2026-03-08
L26013,1,V9-NAND-2Tb,P2,1200,1076,89.68,OPEN,2026-03-14
L26013,2,V9-NAND-2Tb,P2,1200,1089,90.75,PARTICLE,2026-03-08
L26013,3,V9-NAND-2Tb,P2,1200,1074,89.56,ETC,2026-03-11
L26013,4,V9-NAND-2Tb,P2,1200,1086,90.55,BRIDGE,2026-03-09
L26013,5,V9-NAND-2Tb,P2,1200,1076,89.69,SCRATCH,2026-03-06
L26013,6,V9-NAND-2Tb,P2,1200,1054,87.84,OPEN,2026-03-08
L26013,7,V9-NAND-2Tb,P2,1200,1088,90.75,SCRATCH,2026-03-11
L26013,8,V9-NAND-2Tb,P2,1200,1089,90.81,PARTICLE,2026-03-06
L26013,9,V9-NAND-2Tb,P2,1200,1084,90.41,SCRATCH,2026-03-14
L26013,10,V9-NAND-2Tb,P2,1200,1072,89.42,EDGE_CHIP,2026-03-06
L26013,11,V9-NAND-2Tb,P2,1200,1010,84.2,MISALIGN,2026-03-13
L26013,12,V9-NAND-2Tb,P2,1200,1089,90.76,SCRATCH,2026-03-07
L26013,13,V9-NAND-2Tb,P2,1200,1098,91.58,THIN_FILM,2026-03-12
L26013,14,V9-NAND-2Tb,P2,1200,1125,93.81,MISALIGN,2026-03-05
L26013,15,V9-NAND-2Tb,P2,1200,1101,91.83,PARTICLE,2026-03-08
L26013,16,V9-NAND-2Tb,P2,1200,1085,90.48,OPEN,2026-03-13
L26013,17,V9-NAND-2Tb,P2,1200,1105,92.14,PARTICLE,2026-03-05
L26013,18,V9-NAND-2Tb,P2,1200,1078,89.85,PARTICLE,2026-03-14
L26013,19,V9-NAND-2Tb,P2,1200,1098,91.51,MISALIGN,2026-03-06
L26013,20,V9-NAND-2Tb,P2,1200,1086,90.55,OPEN,2026-03-08
L26013,21,V9-NAND-2Tb,P2,1200,1070,89.2,BRIDGE,2026-03-10
L26013,22,V9-NAND-2Tb,P2,1200,1076,89.69,PARTICLE,2026-03-10
L26013,23,V9-NAND-2Tb,P2,1200,1070,89.22,PARTICLE,2026-03-07
L26013,24,V9-NAND-2Tb,P2,1200,1058,88.18,SCRATCH,2026-03-11
L26013,25,V9-NAND-2Tb,P2,1200,1091,90.96,BRIDGE,2026-03-05
L26014,1,V8-NAND-1Tb,P3,1200,1124,93.68,OPEN,2026-03-05
L26014,2,V8-NAND-1Tb,P3,1200,1106,92.21,PARTICLE,2026-03-06
L26014,3,V8-NAND-1Tb,P3,1200,1103,91.99,OPEN,2026-03-06
L26014,4,V8-NAND-1Tb,P3,1200,1111,92.62,MISALIGN,2026-03-06
L26014,5,V8-NAND-1Tb,P3,1200,1112,92.72,SCRATCH,2026-03-14
L26014,6,V8-NAND-1Tb,P3,1200,1101,91.8,SCRATCH,2026-03-09
L26014,7,V8-NAND-1Tb,P3,1200,1102,91.91,PARTICLE,2026-03-06
L26014,8,V8-NAND-1Tb,P3,1200,1052,87.72,OPEN,2026-03-12
L26014,9,V8-NAND-1Tb,P3,1200,1123,93.59,BRIDGE,2026-03-11
L26014,10,V8-NAND-1Tb,P3,1200,1103,91.97,PARTICLE,2026-03-14
L26014,11,V8-NAND-1Tb,P3,1200,1052,87.68,PARTICLE,2026-03-12
L26014,12,V8-NAND-1Tb,P3,1200,1076,89.67,BRIDGE,2026-03-07
L26014,13,V8-NAND-1Tb,P3,1200,1100,91.74,MISALIGN,2026-03-11
L26014,14,V8-NAND-1Tb,P3,1200,1095,91.3,PARTICLE,2026-03-06
L26014,15,V8-NAND-1Tb,P3,1200,1105,92.13,SCRATCH,2026-03-07
L26014,16,V8-NAND-1Tb,P3,1200,1070,89.23,MISALIGN,2026-03-11
L26014,17,V8-NAND-1Tb,P3,1200,1141,95.11,BRIDGE,2026-03-06
L26014,18,V8-NAND-1Tb,P3,1200,1064,88.67,EDGE_CHIP,2026-03-06
L26014,19,V8-NAND-1Tb,P3,1200,1096,91.35,MISALIGN,2026-03-08
L26014,20,V8-NAND-1Tb,P3,1200,1057,88.15,BRIDGE,2026-03-05
L26014,21,V8-NAND-1Tb,P3,1200,1102,91.91,PARTICLE,2026-03-13
L26014,22,V8-NAND-1Tb,P3,1200,1148,95.69,EDGE_CHIP,2026-03-09
L26014,23,V8-NAND-1Tb,P3,1200,1076,89.74,OPEN,2026-03-12
L26014,24,V8-NAND-1Tb,P3,1200,1106,92.21,ETC,2026-03-09
L26014,25,V8-NAND-1Tb,P3,1200,1100,91.72,SCRATCH,2026-03-09
L26015,1,LSI-ISOCELL-HP2,P1,1200,1050,87.53,BRIDGE,2026-03-07
L26015,2,LSI-ISOCELL-HP2,P1,1200,1083,90.31,SCRATCH,2026-03-08
L26015,3,LSI-ISOCELL-HP2,P1,1200,1107,92.31,SCRATCH,2026-03-05
L26015,4,LSI-ISOCELL-HP2,P1,1200,1108,92.37,BRIDGE,2026-03-09
L26015,5,LSI-ISOCELL-HP2,P1,1200,1073,89.42,OPEN,2026-03-09
L26015,6,LSI-ISOCELL-HP2,P1,1200,1104,92.01,PARTICLE,2026-03-10
L26015,7,LSI-ISOCELL-HP2,P1,1200,1070,89.2,ETC,2026-03-06
L26015,8,LSI-ISOCELL-HP2,P1,1200,1095,91.25,SCRATCH,2026-03-10
L26015,9,LSI-ISOCELL-HP2,P1,1200,1101,91.81,PARTICLE,2026-03-12
L26015,10,LSI-ISOCELL-HP2,P1,1200,1004,83.74,OPEN,2026-03-11
L26015,11,LSI-ISOCELL-HP2,P1,1200,1089,90.78,MISALIGN,2026-03-12
L26015,12,LSI-ISOCELL-HP2,P1,1200,1085,90.5,PARTICLE,2026-03-09
L26015,13,LSI-ISOCELL-HP2,P1,1200,1118,93.22,BRIDGE,2026-03-08
L26015,14,LSI-ISOCELL-HP2,P1,1200,1103,91.99,THIN_FILM,2026-03-05
L26015,15,LSI-ISOCELL-HP2,P1,1200,967,80.63,OPEN,2026-03-13
L26015,16,LSI-ISOCELL-HP2,P1,1200,1103,91.92,PARTICLE,2026-03-10
L26015,17,LSI-ISOCELL-HP2,P1,1200,1109,92.43,SCRATCH,2026-03-11
L26015,18,LSI-ISOCELL-HP2,P1,1200,1067,88.92,OPEN,2026-03-06
L26015,19,LSI-ISOCELL-HP2,P1,1200,1065,88.77,MISALIGN,2026-03-07
L26015,20,LSI-ISOCELL-HP2,P1,1200,1059,88.26,SCRATCH,2026-03-13
L26015,21,LSI-ISOCELL-HP2,P1,1200,1114,92.91,BRIDGE,2026-03-07
L26015,22,LSI-ISOCELL-HP2,P1,1200,1113,92.82,SCRATCH,2026-03-13
L26015,23,LSI-ISOCELL-HP2,P1,1200,1072,89.36,BRIDGE,2026-03-07
L26015,24,LSI-ISOCELL-HP2,P1,1200,1076,89.73,ETC,2026-03-12
L26015,25,LSI-ISOCELL-HP2,P1,1200,1064,88.72,MISALIGN,2026-03-07
L26016,1,LSI-ISOCELL-HP2,P1,1200,1138,94.9,ETC,2026-03-12
L26016,2,LSI-ISOCELL-HP2,P1,1200,1106,92.22,PARTICLE,2026-03-07
L26016,3,LSI-ISOCELL-HP2,P1,1200,1144,95.38,PARTICLE,2026-03-05
L26016,4,LSI-ISOCELL-HP2,P1,1200,1101,91.77,MISALIGN,2026-03-06
L26016,5,LSI-ISOCELL-HP2,P1,1200,1141,95.1,PARTICLE,2026-03-10
L26016,6,LSI-ISOCELL-HP2,P1,1200,1153,96.12,MISALIGN,2026-03-08
L26016,7,LSI-ISOCELL-HP2,P1,1200,1135,94.62,PARTICLE,2026-03-14
L26016,8,LSI-ISOCELL-HP2,P1,1200,1113,92.77,ETC,2026-03-14
L26016,9,LSI-ISOCELL-HP2,P1,1200,1101,91.77,EDGE_CHIP,2026-03-11
L26016,10,LSI-ISOCELL-HP2,P1,1200,1155,96.28,MISALIGN,2026-03-12
L26016,11,LSI-ISOCELL-HP2,P1,1200,1141,95.15,BRIDGE,2026-03-13
L26016,12,LSI-ISOCELL-HP2,P1,1200,1122,93.53,OPEN,2026-03-10
L26016,13,LSI-ISOCELL-HP2,P1,1200,1108,92.38,OPEN,2026-03-07
L26016,14,LSI-ISOCELL-HP2,P1,1200,1147,95.6,ETC,2026-03-14
L26016,15,LSI-ISOCELL-HP2,P1,1200,1130,94.21,THIN_FILM,2026-03-06
L26016,16,LSI-ISOCELL-HP2,P1,1200,1117,93.13,EDGE_CHIP,2026-03-13
L26016,17,LSI-ISOCELL-HP2,P1,1200,1106,92.21,MISALIGN,2026-03-08
L26016,18,LSI-ISOCELL-HP2,P1,1200,1157,96.46,BRIDGE,2026-03-10
L26016,19,LSI-ISOCELL-HP2,P1,1200,1165,97.09,PARTICLE,2026-03-07
L26016,20,LSI-ISOCELL-HP2,P1,1200,1158,96.58,PARTICLE,2026-03-09
L26016,21,LSI-ISOCELL-HP2,P1,1200,1116,93.04,BRIDGE,2026-03-06
L26016,22,LSI-ISOCELL-HP2,P1,1200,1136,94.67,OPEN,2026-03-11
L26016,23,LSI-ISOCELL-HP2,P1,1200,1128,94.01,SCRATCH,2026-03-08
L26016,24,LSI-ISOCELL-HP2,P1,1200,1144,95.34,MISALIGN,2026-03-14
L26016,25,LSI-ISOCELL-HP2,P1,1200,1117,93.14,PARTICLE,2026-03-08
L26017,1,V8-NAND-1Tb,P3,1200,1119,93.26,PARTICLE,2026-03-13
L26017,2,V8-NAND-1Tb,P3,1200,1039,86.66,PARTICLE,2026-03-06
L26017,3,V8-NAND-1Tb,P3,1200,1058,88.25,BRIDGE,2026-03-11
L26017,4,V8-NAND-1Tb,P3,1200,1059,88.28,MISALIGN,2026-03-08
L26017,5,V8-NAND-1Tb,P3,1200,1057,88.09,PARTICLE,2026-03-10
L26017,6,V8-NAND-1Tb,P3,1200,1075,89.62,THIN_FILM,2026-03-08
L26017,7,V8-NAND-1Tb,P3,1200,977,81.47,PARTICLE,2026-03-07
L26017,8,V8-NAND-1Tb,P3,1200,1062,88.57,BRIDGE,2026-03-10
L26017,9,V8-NAND-1Tb,P3,1200,1059,88.28,BRIDGE,2026-03-12
L26017,10,V8-NAND-1Tb,P3,1200,1098,91.56,MISALIGN,2026-03-05
L26017,11,V8-NAND-1Tb,P3,1200,1059,88.31,OPEN,2026-03-11
L26017,12,V8-NAND-1Tb,P3,1200,1036,86.36,BRIDGE,2026-03-11
L26017,13,V8-NAND-1Tb,P3,1200,1007,83.98,THIN_FILM,2026-03-12
L26017,14,V8-NAND-1Tb,P3,1200,1055,87.94,SCRATCH,2026-03-11
L26017,15,V8-NAND-1Tb,P3,1200,1046,87.21,OPEN,2026-03-08
L26017,16,V8-NAND-1Tb,P3,1200,1001,83.47,SCRATCH,2026-03-11
L26017,17,V8-NAND-1Tb,P3,1200,1057,88.1,MISALIGN,2026-03-12
L26017,18,V8-NAND-1Tb,P3,1200,1082,90.22,BRIDGE,2026-03-11
L26017,19,V8-NAND-1Tb,P3,1200,1053,87.83,ETC,2026-03-08
L26017,20,V8-NAND-1Tb,P3,1200,1082,90.22,OPEN,2026-03-06
L26017,21,V8-NAND-1Tb,P3,1200,1053,87.77,THIN_FILM,2026-03-05
L26017,22,V8-NAND-1Tb,P3,1200,1062,88.5,BRIDGE,2026-03-14
L26017,23,V8-NAND-1Tb,P3,1200,1095,91.33,BRIDGE,2026-03-07
L26017,24,V8-NAND-1Tb,P3,1200,1094,91.24,BRIDGE,2026-03-08
L26017,25,V8-NAND-1Tb,P3,1200,1037,86.45,THIN_FILM,2026-03-06
L26018,1,D1Z-DDR5-16G,H1,1200,1059,88.28,ETC,2026-03-13
L26018,2,D1Z-DDR5-16G,H1,1200,1107,92.26,BRIDGE,2026-03-05
L26018,3,D1Z-DDR5-16G,H1,1200,974,81.22,PARTICLE,2026-03-14
L26018,4,D1Z-DDR5-16G,H1,1200,1101,91.77,OPEN,2026-03-09
L26018,5,D1Z-DDR5-16G,H1,1200,1101,91.78,OPEN,2026-03-09
L26018,6,D1Z-DDR5-16G,H1,1200,1073,89.43,PARTICLE,2026-03-08
L26018,7,D1Z-DDR5-16G,H1,1200,1086,90.53,OPEN,2026-03-07
L26018,8,D1Z-DDR5-16G,H1,1200,1095,91.33,PARTICLE,2026-03-05
L26018,9,D1Z-DDR5-16G,H1,1200,1080,90.05,ETC,2026-03-08
L26018,10,D1Z-DDR5-16G,H1,1200,1069,89.16,PARTICLE,2026-03-14
L26018,11,D1Z-DDR5-16G,H1,1200,1059,88.25,PARTICLE,2026-03-09
L26018,12,D1Z-DDR5-16G,H1,1200,1071,89.29,EDGE_CHIP,2026-03-12
L26018,13,D1Z-DDR5-16G,H1,1200,1060,88.4,BRIDGE,2026-03-14
L26018,14,D1Z-DDR5-16G,H1,1200,1085,90.46,EDGE_CHIP,2026-03-07
L26018,15,D1Z-DDR5-16G,H1,1200,1068,89.02,BRIDGE,2026-03-11
L26018,16,D1Z-DDR5-16G,H1,1200,1077,89.8,BRIDGE,2026-03-08
L26018,17,D1Z-DDR5-16G,H1,1200,1046,87.19,OPEN,2026-03-11
L26018,18,D1Z-DDR5-16G,H1,1200,1093,91.09,PARTICLE,2026-03-12
L26018,19,D1Z-DDR5-16G,H1,1200,1072,89.41,OPEN,2026-03-08
L26018,20,D1Z-DDR5-16G,H1,1200,1116,93.02,BRIDGE,2026-03-08
L26018,21,D1Z-DDR5-16G,H1,1200,1075,89.6,SCRATCH,2026-03-14
L26018,22,D1Z-DDR5-16G,H1,1200,1085,90.49,SCRATCH,2026-03-10
L26018,23,D1Z-DDR5-16G,H1,1200,1113,92.82,MISALIGN,2026-03-12
L26018,24,D1Z-DDR5-16G,H1,1200,1074,89.56,THIN_FILM,2026-03-13
L26018,25,D1Z-DDR5-16G,H1,1200,1093,91.08,OPEN,2026-03-08
L26019,1,D1Z-DDR5-16G,P3,1200,1143,95.31,BRIDGE,2026-03-11
L26019,2,D1Z-DDR5-16G,P3,1200,1148,95.73,BRIDGE,2026-03-13
L26019,3,D1Z-DDR5-16G,P3,1200,1117,93.1,MISALIGN,2026-03-06
L26019,4,D1Z-DDR5-16G,P3,1200,1137,94.76,PARTICLE,2026-03-10
L26019,5,D1Z-DDR5-16G,P3,1200,1166,97.23,BRIDGE,2026-03-09
L26019,6,D1Z-DDR5-16G,P3,1200,1161,96.78,OPEN,2026-03-12
L26019,7,D1Z-DDR5-16G,P3,1200,1138,94.88,PARTICLE,2026-03-12
L26019,8,D1Z-DDR5-16G,P3,1200,1157,96.45,THIN_FILM,2026-03-11
L26019,9,D1Z-DDR5-16G,P3,1200,1155,96.31,BRIDGE,2026-03-09
L26019,10,D1Z-DDR5-16G,P3,1200,1130,94.19,PARTICLE,2026-03-05
L26019,11,D1Z-DDR5-16G,P3,1200,1148,95.75,PARTICLE,2026-03-10
L26019,12,D1Z-DDR5-16G,P3,1200,1178,98.18,OPEN,2026-03-05
L26019,13,D1Z-DDR5-16G,P3,1200,1164,97.02,PARTICLE,2026-03-06
L26019,14,D1Z-DDR5-16G,P3,1200,1158,96.58,PARTICLE,2026-03-08
L26019,15,D1Z-DDR5-16G,P3,1200,1131,94.26,OPEN,2026-03-10
L26019,16,D1Z-DDR5-16G,P3,1200,1111,92.61,MISALIGN,2026-03-07
L26019,17,D1Z-DDR5-16G,P3,1200,1187,98.94,SCRATCH,2026-03-12
L26019,18,D1Z-DDR5-16G,P3,1200,1197,99.8,EDGE_CHIP,2026-03-10
L26019,19,D1Z-DDR5-16G,P3,1200,1167,97.26,PARTICLE,2026-03-14
L26019,20,D1Z-DDR5-16G,P3,1200,1162,96.88,BRIDGE,2026-03-13
L26019,21,D1Z-DDR5-16G,P3,1200,1173,97.8,PARTICLE,2026-03-13
L26019,22,D1Z-DDR5-16G,P3,1200,1172,97.68,BRIDGE,2026-03-11
L26019,23,D1Z-DDR5-16G,P3,1200,1156,96.4,PARTICLE,2026-03-09
L26019,24,D1Z-DDR5-16G,P3,1200,1145,95.43,EDGE_CHIP,2026-03-10
L26019,25,D1Z-DDR5-16G,P3,1200,1152,96.05,EDGE_CHIP,2026-03-14
L26020,1,V8-NAND-1Tb,H1,1200,1087,90.61,MISALIGN,2026-03-14
L26020,2,V8-NAND-1Tb,H1,1200,1094,91.17,PARTICLE,2026-03-14
L26020,3,V8-NAND-1Tb,H1,1200,1124,93.69,BRIDGE,2026-03-14
L26020,4,V8-NAND-1Tb,H1,1200,1136,94.67,PARTICLE,2026-03-12
L26020,5,V8-NAND-1Tb,H1,1200,1112,92.7,EDGE_CHIP,2026-03-14
L26020,6,V8-NAND-1Tb,H1,1200,1153,96.16,OPEN,2026-03-05
L26020,7,V8-NAND-1Tb,H1,1200,1154,96.24,PARTICLE,2026-03-08
L26020,8,V8-NAND-1Tb,H1,1200,1166,97.22,BRIDGE,2026-03-06
L26020,9,V8-NAND-1Tb,H1,1200,1124,93.74,SCRATCH,2026-03-05
L26020,10,V8-NAND-1Tb,H1,1200,1132,94.41,SCRATCH,2026-03-05
L26020,11,V8-NAND-1Tb,H1,1200,1073,89.5,MISALIGN,2026-03-06
L26020,12,V8-NAND-1Tb,H1,1200,1093,91.13,EDGE_CHIP,2026-03-13
L26020,13,V8-NAND-1Tb,H1,1200,1156,96.41,PARTICLE,2026-03-05
L26020,14,V8-NAND-1Tb,H1,1200,1131,94.29,MISALIGN,2026-03-06
L26020,15,V8-NAND-1Tb,H1,1200,1145,95.43,MISALIGN,2026-03-05
L26020,16,V8-NAND-1Tb,H1,1200,1149,95.83,PARTICLE,2026-03-11
L26020,17,V8-NAND-1Tb,H1,1200,1119,93.33,SCRATCH,2026-03-14
L26020,18,V8-NAND-1Tb,H1,1200,1153,96.1,OPEN,2026-03-14
L26020,19,V8-NAND-1Tb,H1,1200,1126,93.84,THIN_FILM,2026-03-10
L26020,20,V8-NAND-1Tb,H1,1200,1119,93.29,PARTICLE,2026-03-13
L26020,21,V8-NAND-1Tb,H1,1200,1155,96.26,BRIDGE,2026-03-07
L26020,22,V8-NAND-1Tb,H1,1200,1107,92.3,BRIDGE,2026-03-09
L26020,23,V8-NAND-1Tb,H1,1200,1168,97.39,SCRATCH,2026-03-06
L26020,24,V8-NAND-1Tb,H1,1200,1117,93.09,SCRATCH,2026-03-14
L26020,25,V8-NAND-1Tb,H1,1200,1063,88.62,EDGE_CHIP,2026-03-07
L26021,1,V8-NAND-1Tb,P1,1200,1106,92.19,OPEN,2026-03-12
L26021,2,V8-NAND-1Tb,P1,1200,1066,88.88,PARTICLE,2026-03-05
L26021,3,V8-NAND-1Tb,P1,1200,1095,91.31,ETC,2026-03-11
L26021,4,V8-NAND-1Tb,P1,1200,1050,87.5,THIN_FILM,2026-03-05
L26021,5,V8-NAND-1Tb,P1,1200,1096,91.37,PARTICLE,2026-03-07
L26021,6,V8-NAND-1Tb,P1,1200,1082,90.2,PARTICLE,2026-03-13
L26021,7,V8-NAND-1Tb,P1,1200,1095,91.27,PARTICLE,2026-03-09
L26021,8,V8-NAND-1Tb,P1,1200,1090,90.91,MISALIGN,2026-03-07
L26021,9,V8-NAND-1Tb,P1,1200,1106,92.22,PARTICLE,2026-03-08
L26021,10,V8-NAND-1Tb,P1,1200,1105,92.13,OPEN,2026-03-08
L26021,11,V8-NAND-1Tb,P1,1200,1023,85.27,OPEN,2026-03-12
L26021,12,V8-NAND-1Tb,P1,1200,1086,90.56,OPEN,2026-03-14
L26021,13,V8-NAND-1Tb,P1,1200,1087,90.6,EDGE_CHIP,2026-03-05
L26021,14,V8-NAND-1Tb,P1,1200,1116,93.02,PARTICLE,2026-03-10
L26021,15,V8-NAND-1Tb,P1,1200,1083,90.33,EDGE_CHIP,2026-03-08
L26021,16,V8-NAND-1Tb,P1,1200,1070,89.25,SCRATCH,2026-03-09
L26021,17,V8-NAND-1Tb,P1,1200,1080,90.04,PARTICLE,2026-03-11
L26021,18,V8-NAND-1Tb,P1,1200,1045,87.13,THIN_FILM,2026-03-10
L26021,19,V8-NAND-1Tb,P1,1200,1085,90.44,PARTICLE,2026-03-06
L26021,20,V8-NAND-1Tb,P1,1200,1068,89.01,PARTICLE,2026-03-08
L26021,21,V8-NAND-1Tb,P1,1200,1116,93.01,OPEN,2026-03-08
L26021,22,V8-NAND-1Tb,P1,1200,1063,88.62,BRIDGE,2026-03-10
L26021,23,V8-NAND-1Tb,P1,1200,1069,89.1,OPEN,2026-03-05
L26021,24,V8-NAND-1Tb,P1,1200,1068,89.01,BRIDGE,2026-03-12
L26021,25,V8-NAND-1Tb,P1,1200,1096,91.39,PARTICLE,2026-03-09
L26022,1,LSI-ISOCELL-HP2,H1,1200,1118,93.24,BRIDGE,2026-03-07
L26022,2,LSI-ISOCELL-HP2,H1,1200,1066,88.84,PARTICLE,2026-03-13
L26022,3,LSI-ISOCELL-HP2,H1,1200,1091,90.93,SCRATCH,2026-03-13
L26022,4,LSI-ISOCELL-HP2,H1,1200,1085,90.48,PARTICLE,2026-03-12
L26022,5,LSI-ISOCELL-HP2,H1,1200,1075,89.6,THIN_FILM,2026-03-06
L26022,6,LSI-ISOCELL-HP2,H1,1200,1104,92.08,BRIDGE,2026-03-08
L26022,7,LSI-ISOCELL-HP2,H1,1200,1008,84.02,PARTICLE,2026-03-06
L26022,8,LSI-ISOCELL-HP2,H1,1200,1059,88.26,PARTICLE,2026-03-10
L26022,9,LSI-ISOCELL-HP2,H1,1200,1099,91.62,PARTICLE,2026-03-14
L26022,10,LSI-ISOCELL-HP2,H1,1200,1060,88.4,SCRATCH,2026-03-10
L26022,11,LSI-ISOCELL-HP2,H1,1200,1084,90.37,OPEN,2026-03-11
L26022,12,LSI-ISOCELL-HP2,H1,1200,1086,90.58,PARTICLE,2026-03-10
L26022,13,LSI-ISOCELL-HP2,H1,1200,1056,88.05,EDGE_CHIP,2026-03-08
L26022,14,LSI-ISOCELL-HP2,H1,1200,1076,89.71,ETC,2026-03-05
L26022,15,LSI-ISOCELL-HP2,H1,1200,1068,89.01,PARTICLE,2026-03-09
L26022,16,LSI-ISOCELL-HP2,H1,1200,1095,91.27,MISALIGN,2026-03-12
L26022,17,LSI-ISOCELL-HP2,H1,1200,1062,88.51,PARTICLE,2026-03-14
L26022,18,LSI-ISOCELL-HP2,H1,1200,1114,92.91,ETC,2026-03-07
L26022,19,LSI-ISOCELL-HP2,H1,1200,1073,89.46,BRIDGE,2026-03-06
L26022,20,LSI-ISOCELL-HP2,H1,1200,1103,91.95,THIN_FILM,2026-03-14
L26022,21,LSI-ISOCELL-HP2,H1,1200,1086,90.5,BRIDGE,2026-03-10
L26022,22,LSI-ISOCELL-HP2,H1,1200,1026,85.57,SCRATCH,2026-03-10
L26022,23,LSI-ISOCELL-HP2,H1,1200,1093,91.13,BRIDGE,2026-03-12
L26022,24,LSI-ISOCELL-HP2,H1,1200,1063,88.65,PARTICLE,2026-03-13
L26022,25,LSI-ISOCELL-HP2,H1,1200,1056,88.02,ETC,2026-03-09
L26023,1,D1B-DDR5-24G,P1,1200,1124,93.73,EDGE_CHIP,2026-03-13
L26023,2,D1B-DDR5-24G,P1,1200,1080,90.08,PARTICLE,2026-03-13
L26023,3,D1B-DDR5-24G,P1,1200,1127,93.94,MISALIGN,2026-03-14
L26023,4,D1B-DDR5-24G,P1,1200,1137,94.75,MISALIGN,2026-03-14
L26023,5,D1B-DDR5-24G,P1,1200,1122,93.54,OPEN,2026-03-08
L26023,6,D1B-DDR5-24G,P1,1200,1108,92.38,BRIDGE,2026-03-08
L26023,7,D1B-DDR5-24G,P1,1200,1159,96.59,THIN_FILM,2026-03-14
L26023,8,D1B-DDR5-24G,P1,1200,1103,91.97,PARTICLE,2026-03-07
L26023,9,D1B-DDR5-24G,P1,1200,1132,94.37,THIN_FILM,2026-03-11
L26023,10,D1B-DDR5-24G,P1,1200,1122,93.56,THIN_FILM,2026-03-05
L26023,11,D1B-DDR5-24G,P1,1200,1129,94.1,SCRATCH,2026-03-10
L26023,12,D1B-DDR5-24G,P1,1200,1137,94.76,BRIDGE,2026-03-06
L26023,13,D1B-DDR5-24G,P1,1200,1103,91.97,BRIDGE,2026-03-06
L26023,14,D1B-DDR5-24G,P1,1200,1145,95.47,SCRATCH,2026-03-09
L26023,15,D1B-DDR5-24G,P1,1200,1115,92.96,ETC,2026-03-13
L26023,16,D1B-DDR5-24G,P1,1200,1159,96.63,PARTICLE,2026-03-08
L26023,17,D1B-DDR5-24G,P1,1200,1145,95.45,THIN_FILM,2026-03-05
L26023,18,D1B-DDR5-24G,P1,1200,1143,95.29,EDGE_CHIP,2026-03-11
L26023,19,D1B-DDR5-24G,P1,1200,1138,94.89,EDGE_CHIP,2026-03-14
L26023,20,D1B-DDR5-24G,P1,1200,1111,92.62,BRIDGE,2026-03-12
L26023,21,D1B-DDR5-24G,P1,1200,1112,92.73,SCRATCH,2026-03-12
L26023,22,D1B-DDR5-24G,P1,1200,1110,92.55,OPEN,2026-03-11
L26023,23,D1B-DDR5-24G,P1,1200,1094,91.21,MISALIGN,2026-03-05
L26023,24,D1B-DDR5-24G,P1,1200,1073,89.47,MISALIGN,2026-03-07
L26023,25,D1B-DDR5-24G,P1,1200,1113,92.76,OPEN,2026-03-08
L26024,1,D1Z-DDR5-16G,P3,1200,1169,97.42,SCRATCH,2026-03-10
L26024,2,D1Z-DDR5-16G,P3,1200,1171,97.61,SCRATCH,2026-03-09
L26024,3,D1Z-DDR5-16G,P3,1200,1146,95.5,PARTICLE,2026-03-13
L26024,4,D1Z-DDR5-16G,P3,1200,1089,90.81,THIN_FILM,2026-03-06
L26024,5,D1Z-DDR5-16G,P3,1200,1121,93.49,THIN_FILM,2026-03-10
L26024,6,D1Z-DDR5-16G,P3,1200,1153,96.15,MISALIGN,2026-03-06
L26024,7,D1Z-DDR5-16G,P3,1200,1128,94.06,BRIDGE,2026-03-13
L26024,8,D1Z-DDR5-16G,P3,1200,1145,95.47,SCRATCH,2026-03-13
L26024,9,D1Z-DDR5-16G,P3,1200,1140,95.02,BRIDGE,2026-03-06
L26024,10,D1Z-DDR5-16G,P3,1200,1134,94.53,PARTICLE,2026-03-06
L26024,11,D1Z-DDR5-16G,P3,1200,1145,95.5,PARTICLE,2026-03-07
L26024,12,D1Z-DDR5-16G,P3,1200,1152,96.04,BRIDGE,2026-03-06
L26024,13,D1Z-DDR5-16G,P3,1200,1159,96.6,MISALIGN,2026-03-08
L26024,14,D1Z-DDR5-16G,P3,1200,1150,95.89,OPEN,2026-03-14
L26024,15,D1Z-DDR5-16G,P3,1200,1161,96.81,OPEN,2026-03-09
L26024,16,D1Z-DDR5-16G,P3,1200,1178,98.25,BRIDGE,2026-03-12
L26024,17,D1Z-DDR5-16G,P3,1200,1136,94.74,MISALIGN,2026-03-05
L26024,18,D1Z-DDR5-16G,P3,1200,1117,93.11,MISALIGN,2026-03-06
L26024,19,D1Z-DDR5-16G,P3,1200,1166,97.23,PARTICLE,2026-03-11
L26024,20,D1Z-DDR5-16G,P3,1200,1169,97.47,ETC,2026-03-10
L26024,21,D1Z-DDR5-16G,P3,1200,1154,96.2,SCRATCH,2026-03-11
L26024,22,D1Z-DDR5-16G,P3,1200,1140,95.04,MISALIGN,2026-03-05
L26024,23,D1Z-DDR5-16G,P3,1200,1144,95.41,PARTICLE,2026-03-05
L26024,24,D1Z-DDR5-16G,P3,1200,1186,98.84,THIN_FILM,2026-03-14
L26024,25,D1Z-DDR5-16G,P3,1200,1169,97.48,SCRATCH,2026-03-07
L26025,1,D1Z-DDR5-16G,P2,1200,1127,93.95,ETC,2026-03-11
L26025,2,D1Z-DDR5-16G,P2,1200,1104,92.05,THIN_FILM,2026-03-07
L26025,3,D1Z-DDR5-16G,P2,1200,1151,95.94,PARTICLE,2026-03-11
L26025,4,D1Z-DDR5-16G,P2,1200,1139,94.93,SCRATCH,2026-03-08
L26025,5,D1Z-DDR5-16G,P2,1200,1141,95.14,EDGE_CHIP,2026-03-13
L26025,6,D1Z-DDR5-16G,P2,1200,1155,96.3,OPEN,2026-03-09
L26025,7,D1Z-DDR5-16G,P2,1200,1154,96.18,THIN_FILM,2026-03-10
L26025,8,D1Z-DDR5-16G,P2,1200,1083,90.29,MISALIGN,2026-03-12
L26025,9,D1Z-DDR5-16G,P2,1200,1133,94.44,OPEN,2026-03-06
L26025,10,D1Z-DDR5-16G,P2,1200,1189,99.16,BRIDGE,2026-03-11
L26025,11,D1Z-DDR5-16G,P2,1200,1166,97.19,THIN_FILM,2026-03-09
L26025,12,D1Z-DDR5-16G,P2,1200,1107,92.29,MISALIGN,2026-03-08
L26025,13,D1Z-DDR5-16G,P2,1200,1116,93.02,PARTICLE,2026-03-06
L26025,14,D1Z-DDR5-16G,P2,1200,1124,93.73,PARTICLE,2026-03-09
L26025,15,D1Z-DDR5-16G,P2,1200,1102,91.85,BRIDGE,2026-03-09
L26025,16,D1Z-DDR5-16G,P2,1200,1147,95.66,PARTICLE,2026-03-09
L26025,17,D1Z-DDR5-16G,P2,1200,1156,96.35,BRIDGE,2026-03-14
L26025,18,D1Z-DDR5-16G,P2,1200,1166,97.2,MISALIGN,2026-03-12
L26025,19,D1Z-DDR5-16G,P2,1200,1133,94.43,SCRATCH,2026-03-11
L26025,20,D1Z-DDR5-16G,P2,1200,1144,95.41,OPEN,2026-03-07
L26025,21,D1Z-DDR5-16G,P2,1200,1166,97.25,SCRATCH,2026-03-09
L26025,22,D1Z-DDR5-16G,P2,1200,1119,93.28,PARTICLE,2026-03-11
L26025,23,D1Z-DDR5-16G,P2,1200,1156,96.41,BRIDGE,2026-03-05
L26025,24,D1Z-DDR5-16G,P2,1200,1166,97.25,SCRATCH,2026-03-11
L26025,25,D1Z-DDR5-16G,P2,1200,1142,95.25,MISALIGN,2026-03-05
L26026,1,LSI-ISOCELL-HP2,P3,1200,1096,91.36,THIN_FILM,2026-03-06
L26026,2,LSI-ISOCELL-HP2,P3,1200,1054,87.84,PARTICLE,2026-03-07
L26026,3,LSI-ISOCELL-HP2,P3,1200,1138,94.85,EDGE_CHIP,2026-03-10
L26026,4,LSI-ISOCELL-HP2,P3,1200,1139,94.98,OPEN,2026-03-11
L26026,5,LSI-ISOCELL-HP2,P3,1200,1118,93.19,SCRATCH,2026-03-07
L26026,6,LSI-ISOCELL-HP2,P3,1200,1091,90.92,MISALIGN,2026-03-13
L26026,7,LSI-ISOCELL-HP2,P3,1200,1108,92.4,THIN_FILM,2026-03-11
L26026,8,LSI-ISOCELL-HP2,P3,1200,1019,84.92,SCRATCH,2026-03-12
L26026,9,LSI-ISOCELL-HP2,P3,1200,1122,93.51,BRIDGE,2026-03-05
L26026,10,LSI-ISOCELL-HP2,P3,1200,1092,91.03,THIN_FILM,2026-03-12
L26026,11,LSI-ISOCELL-HP2,P3,1200,1090,90.89,EDGE_CHIP,2026-03-14
L26026,12,LSI-ISOCELL-HP2,P3,1200,1084,90.36,BRIDGE,2026-03-12
L26026,13,LSI-ISOCELL-HP2,P3,1200,1114,92.86,BRIDGE,2026-03-06
L26026,14,LSI-ISOCELL-HP2,P3,1200,1099,91.64,BRIDGE,2026-03-06
L26026,15,LSI-ISOCELL-HP2,P3,1200,1106,92.19,BRIDGE,2026-03-05
L26026,16,LSI-ISOCELL-HP2,P3,1200,1106,92.21,PARTICLE,2026-03-08
L26026,17,LSI-ISOCELL-HP2,P3,1200,1098,91.52,PARTICLE,2026-03-12
L26026,18,LSI-ISOCELL-HP2,P3,1200,1101,91.81,SCRATCH,2026-03-13
L26026,19,LSI-ISOCELL-HP2,P3,1200,1105,92.14,MISALIGN,2026-03-11
L26026,20,LSI-ISOCELL-HP2,P3,1200,1134,94.51,SCRATCH,2026-03-09
L26026,21,LSI-ISOCELL-HP2,P3,1200,1130,94.19,BRIDGE,2026-03-13
L26026,22,LSI-ISOCELL-HP2,P3,1200,1077,89.78,OPEN,2026-03-11
L26026,23,LSI-ISOCELL-HP2,P3,1200,1155,96.27,BRIDGE,2026-03-10
L26026,24,LSI-ISOCELL-HP2,P3,1200,1107,92.32,SCRATCH,2026-03-10
L26026,25,LSI-ISOCELL-HP2,P3,1200,1130,94.24,THIN_FILM,2026-03-10
L26027,1,V9-NAND-2Tb,H1,1200,1078,89.9,OPEN,2026-03-10
L26027,2,V9-NAND-2Tb,H1,1200,1067,88.92,PARTICLE,2026-03-07
L26027,3,V9-NAND-2Tb,H1,1200,1078,89.86,PARTICLE,2026-03-13
L26027,4,V9-NAND-2Tb,H1,1200,1097,91.43,ETC,2026-03-11
L26027,5,V9-NAND-2Tb,H1,1200,1035,86.26,OPEN,2026-03-12
L26027,6,V9-NAND-2Tb,H1,1200,1096,91.36,PARTICLE,2026-03-12
L26027,7,V9-NAND-2Tb,H1,1200,1068,89.01,PARTICLE,2026-03-10
L26027,8,V9-NAND-2Tb,H1,1200,1069,89.14,BRIDGE,2026-03-05
L26027,9,V9-NAND-2Tb,H1,1200,1091,90.96,EDGE_CHIP,2026-03-05
L26027,10,V9-NAND-2Tb,H1,1200,1136,94.69,OPEN,2026-03-08
L26027,11,V9-NAND-2Tb,H1,1200,1093,91.14,PARTICLE,2026-03-05
L26027,12,V9-NAND-2Tb,H1,1200,1074,89.56,PARTICLE,2026-03-07
L26027,13,V9-NAND-2Tb,H1,1200,1070,89.17,BRIDGE,2026-03-07
L26027,14,V9-NAND-2Tb,H1,1200,1104,92.05,BRIDGE,2026-03-06
L26027,15,V9-NAND-2Tb,H1,1200,1061,88.45,OPEN,2026-03-07
L26027,16,V9-NAND-2Tb,H1,1200,1084,90.38,PARTICLE,2026-03-10
L26027,17,V9-NAND-2Tb,H1,1200,1076,89.7,MISALIGN,2026-03-13
L26027,18,V9-NAND-2Tb,H1,1200,1067,88.97,ETC,2026-03-13
L26027,19,V9-NAND-2Tb,H1,1200,1081,90.15,EDGE_CHIP,2026-03-07
L26027,20,V9-NAND-2Tb,H1,1200,1072,89.39,OPEN,2026-03-07
L26027,21,V9-NAND-2Tb,H1,1200,1086,90.51,EDGE_CHIP,2026-03-07
L26027,22,V9-NAND-2Tb,H1,1200,1050,87.58,PARTICLE,2026-03-05
L26027,23,V9-NAND-2Tb,H1,1200,1095,91.31,SCRATCH,2026-03-10
L26027,24,V9-NAND-2Tb,H1,1200,1072,89.4,PARTICLE,2026-03-07
L26027,25,V9-NAND-2Tb,H1,1200,1066,88.89,PARTICLE,2026-03-10
L26028,1,V9-NAND-2Tb,P3,1200,1096,91.35,BRIDGE,2026-03-12
L26028,2,V9-NAND-2Tb,P3,1200,1101,91.75,BRIDGE,2026-03-07
L26028,3,V9-NAND-2Tb,P3,1200,1082,90.21,SCRATCH,2026-03-07
L26028,4,V9-NAND-2Tb,P3,1200,1044,87.05,SCRATCH,2026-03-05
L26028,5,V9-NAND-2Tb,P3,1200,1104,92.02,MISALIGN,2026-03-14
L26028,6,V9-NAND-2Tb,P3,1200,1102,91.85,MISALIGN,2026-03-13
L26028,7,V9-NAND-2Tb,P3,1200,1081,90.13,OPEN,2026-03-06
L26028,8,V9-NAND-2Tb,P3,1200,1073,89.45,EDGE_CHIP,2026-03-08
L26028,9,V9-NAND-2Tb,P3,1200,1077,89.8,OPEN,2026-03-14
L26028,10,V9-NAND-2Tb,P3,1200,1073,89.43,EDGE_CHIP,2026-03-07
L26028,11,V9-NAND-2Tb,P3,1200,1035,86.28,EDGE_CHIP,2026-03-13
L26028,12,V9-NAND-2Tb,P3,1200,1115,92.94,BRIDGE,2026-03-11
L26028,13,V9-NAND-2Tb,P3,1200,1074,89.5,OPEN,2026-03-08
L26028,14,V9-NAND-2Tb,P3,1200,994,82.91,ETC,2026-03-08
L26028,15,V9-NAND-2Tb,P3,1200,1074,89.52,PARTICLE,2026-03-05
L26028,16,V9-NAND-2Tb,P3,1200,1084,90.4,ETC,2026-03-09
L26028,17,V9-NAND-2Tb,P3,1200,1100,91.67,PARTICLE,2026-03-13
L26028,18,V9-NAND-2Tb,P3,1200,1061,88.44,PARTICLE,2026-03-08
L26028,19,V9-NAND-2Tb,P3,1200,1108,92.41,SCRATCH,2026-03-09
L26028,20,V9-NAND-2Tb,P3,1200,1106,92.2,PARTICLE,2026-03-07
L26028,21,V9-NAND-2Tb,P3,1200,1081,90.11,THIN_FILM,2026-03-11
L26028,22,V9-NAND-2Tb,P3,1200,950,79.19,PARTICLE,2026-03-05
L26028,23,V9-NAND-2Tb,P3,1200,1095,91.3,EDGE_CHIP,2026-03-11
L26028,24,V9-NAND-2Tb,P3,1200,1056,88.0,PARTICLE,2026-03-08
L26028,25,V9-NAND-2Tb,P3,1200,1105,92.16,THIN_FILM,2026-03-12
L26029,1,D1B-DDR5-24G,P2,1200,1178,98.22,BRIDGE,2026-03-05
L26029,2,D1B-DDR5-24G,P2,1200,1161,96.81,BRIDGE,2026-03-08
L26029,3,D1B-DDR5-24G,P2,1200,1141,95.14,ETC,2026-03-11
L26029,4,D1B-DDR5-24G,P2,1200,1085,90.45,PARTICLE,2026-03-08
L26029,5,D1B-DDR5-24G,P2,1200,1172,97.72,SCRATCH,2026-03-10
L26029,6,D1B-DDR5-24G,P2,1200,1174,97.86,BRIDGE,2026-03-07
L26029,7,D1B-DDR5-24G,P2,1200,1183,98.6,PARTICLE,2026-03-13
L26029,8,D1B-DDR5-24G,P2,1200,1153,96.11,PARTICLE,2026-03-11
L26029,9,D1B-DDR5-24G,P2,1200,1145,95.49,BRIDGE,2026-03-08
L26029,10,D1B-DDR5-24G,P2,1200,1179,98.28,MISALIGN,2026-03-06
L26029,11,D1B-DDR5-24G,P2,1200,1136,94.72,BRIDGE,2026-03-06
L26029,12,D1B-DDR5-24G,P2,1200,1140,95.07,PARTICLE,2026-03-13
L26029,13,D1B-DDR5-24G,P2,1200,1132,94.37,OPEN,2026-03-13
L26029,14,D1B-DDR5-24G,P2,1200,1139,94.97,SCRATCH,2026-03-07
L26029,15,D1B-DDR5-24G,P2,1200,1176,98.01,PARTICLE,2026-03-09
L26029,16,D1B-DDR5-24G,P2,1200,1136,94.73,PARTICLE,2026-03-10
L26029,17,D1B-DDR5-24G,P2,1200,1090,90.86,EDGE_CHIP,2026-03-11
L26029,18,D1B-DDR5-24G,P2,1200,1167,97.27,PARTICLE,2026-03-08
L26029,19,D1B-DDR5-24G,P2,1200,1128,94.01,PARTICLE,2026-03-11
L26029,20,D1B-DDR5-24G,P2,1200,1144,95.36,PARTICLE,2026-03-07
L26029,21,D1B-DDR5-24G,P2,1200,1165,97.12,PARTICLE,2026-03-08
L26029,22,D1B-DDR5-24G,P2,1200,1138,94.89,SCRATCH,2026-03-08
L26029,23,D1B-DDR5-24G,P2,1200,1170,97.51,OPEN,2026-03-07
L26029,24,D1B-DDR5-24G,P2,1200,1189,99.1,PARTICLE,2026-03-14
L26029,25,D1B-DDR5-24G,P2,1200,1138,94.87,OPEN,2026-03-11
L26030,1,V8-NAND-1Tb,P2,1200,1142,95.23,SCRATCH,2026-03-11
L26030,2,V8-NAND-1Tb,P2,1200,1086,90.53,OPEN,2026-03-11
L26030,3,V8-NAND-1Tb,P2,1200,1181,98.44,THIN_FILM,2026-03-08
L26030,4,V8-NAND-1Tb,P2,1200,1099,91.65,OPEN,2026-03-09
L26030,5,V8-NAND-1Tb,P2,1200,1133,94.44,PARTICLE,2026-03-09
L26030,6,V8-NAND-1Tb,P2,1200,1159,96.62,SCRATCH,2026-03-06
L26030,7,V8-NAND-1Tb,P2,1200,1139,94.94,EDGE_CHIP,2026-03-08
L26030,8,V8-NAND-1Tb,P2,1200,1185,98.82,PARTICLE,2026-03-08
L26030,9,V8-NAND-1Tb,P2,1200,1129,94.14,OPEN,2026-03-12
L26030,10,V8-NAND-1Tb,P2,1200,1054,87.84,THIN_FILM,2026-03-09
L26030,11,V8-NAND-1Tb,P2,1200,1187,98.98,MISALIGN,2026-03-14
L26030,12,V8-NAND-1Tb,P2,1200,1151,95.96,OPEN,2026-03-11
L26030,13,V8-NAND-1Tb,P2,1200,1131,94.26,BRIDGE,2026-03-11
L26030,14,V8-NAND-1Tb,P2,1200,1172,97.74,OPEN,2026-03-05
L26030,15,V8-NAND-1Tb,P2,1200,1163,96.93,BRIDGE,2026-03-10
L26030,16,V8-NAND-1Tb,P2,1200,1156,96.36,PARTICLE,2026-03-12
L26030,17,V8-NAND-1Tb,P2,1200,1191,99.31,BRIDGE,2026-03-08
L26030,18,V8-NAND-1Tb,P2,1200,1177,98.11,SCRATCH,2026-03-09
L26030,19,V8-NAND-1Tb,P2,1200,1152,96.01,BRIDGE,2026-03-06
L26030,20,V8-NAND-1Tb,P2,1200,1197,99.8,OPEN,2026-03-11
L26030,21,V8-NAND-1Tb,P2,1200,1175,97.98,SCRATCH,2026-03-11
L26030,22,V8-NAND-1Tb,P2,1200,1158,96.5,PARTICLE,2026-03-14
L26030,23,V8-NAND-1Tb,P2,1200,1197,99.8,ETC,2026-03-06
L26030,24,V8-NAND-1Tb,P2,1200,1163,96.97,PARTICLE,2026-03-12
L26030,25,V8-NAND-1Tb,P2,1200,1186,98.87,EDGE_CHIP,2026-03-14
L26031,1,LSI-ISOCELL-HP2,P2,1200,1064,88.74,PARTICLE,2026-03-08
L26031,2,LSI-ISOCELL-HP2,P2,1200,1088,90.72,ETC,2026-03-14
L26031,3,LSI-ISOCELL-HP2,P2,1200,1049,87.44,PARTICLE,2026-03-06
L26031,4,LSI-ISOCELL-HP2,P2,1200,1100,91.74,OPEN,2026-03-08
L26031,5,LSI-ISOCELL-HP2,P2,1200,1071,89.31,PARTICLE,2026-03-09
L26031,6,LSI-ISOCELL-HP2,P2,1200,1077,89.76,PARTICLE,2026-03-08
L26031,7,LSI-ISOCELL-HP2,P2,1200,1062,88.57,SCRATCH,2026-03-08
L26031,8,LSI-ISOCELL-HP2,P2,1200,1086,90.53,THIN_FILM,2026-03-06
L26031,9,LSI-ISOCELL-HP2,P2,1200,1072,89.37,EDGE_CHIP,2026-03-09
L26031,10,LSI-ISOCELL-HP2,P2,1200,972,81.02,SCRATCH,2026-03-08
L26031,11,LSI-ISOCELL-HP2,P2,1200,1072,89.4,PARTICLE,2026-03-09
L26031,12,LSI-ISOCELL-HP2,P2,1200,1052,87.72,OPEN,2026-03-10
L26031,13,LSI-ISOCELL-HP2,P2,1200,1043,86.99,MISALIGN,2026-03-05
L26031,14,LSI-ISOCELL-HP2,P2,1200,1077,89.83,MISALIGN,2026-03-09
L26031,15,LSI-ISOCELL-HP2,P2,1200,1063,88.59,MISALIGN,2026-03-11
L26031,16,LSI-ISOCELL-HP2,P2,1200,1061,88.42,PARTICLE,2026-03-14
L26031,17,LSI-ISOCELL-HP2,P2,1200,1056,88.03,PARTICLE,2026-03-09
L26031,18,LSI-ISOCELL-HP2,P2,1200,1091,90.96,PARTICLE,2026-03-10
L26031,19,LSI-ISOCELL-HP2,P2,1200,1115,92.97,PARTICLE,2026-03-11
L26031,20,LSI-ISOCELL-HP2,P2,1200,1125,93.83,MISALIGN,2026-03-12
L26031,21,LSI-ISOCELL-HP2,P2,1200,1080,90.04,MISALIGN,2026-03-13
L26031,22,LSI-ISOCELL-HP2,P2,1200,1079,89.97,MISALIGN,2026-03-06
L26031,23,LSI-ISOCELL-HP2,P2,1200,1062,88.57,SCRATCH,2026-03-12
L26031,24,LSI-ISOCELL-HP2,P2,1200,1085,90.48,BRIDGE,2026-03-07
L26031,25,LSI-ISOCELL-HP2,P2,1200,1074,89.58,MISALIGN,2026-03-09
L26032,1,D1B-DDR5-24G,H1,1200,1131,94.31,MISALIGN,2026-03-06
L26032,2,D1B-DDR5-24G,H1,1200,1119,93.32,BRIDGE,2026-03-06
L26032,3,D1B-DDR5-24G,H1,1200,1093,91.14,THIN_FILM,2026-03-12
L26032,4,D1B-DDR5-24G,H1,1200,1106,92.19,SCRATCH,2026-03-14
L26032,5,D1B-DDR5-24G,H1,1200,1107,92.29,PARTICLE,2026-03-10
L26032,6,D1B-DDR5-24G,H1,1200,1119,93.27,MISALIGN,2026-03-05
L26032,7,D1B-DDR5-24G,H1,1200,1098,91.58,PARTICLE,2026-03-12
L26032,8,D1B-DDR5-24G,H1,1200,1082,90.18,OPEN,2026-03-13
L26032,9,D1B-DDR5-24G,H1,1200,1111,92.6,OPEN,2026-03-06
L26032,10,D1B-DDR5-24G,H1,1200,1026,85.57,BRIDGE,2026-03-14
L26032,11,D1B-DDR5-24G,H1,1200,1086,90.57,PARTICLE,2026-03-10
L26032,12,D1B-DDR5-24G,H1,1200,1103,91.96,BRIDGE,2026-03-07
L26032,13,D1B-DDR5-24G,H1,1200,1098,91.53,SCRATCH,2026-03-13
L26032,14,D1B-DDR5-24G,H1,1200,1115,92.94,EDGE_CHIP,2026-03-09
L26032,15,D1B-DDR5-24G,H1,1200,1068,89.05,OPEN,2026-03-06
L26032,16,D1B-DDR5-24G,H1,1200,1128,94.0,PARTICLE,2026-03-06
L26032,17,D1B-DDR5-24G,H1,1200,1105,92.14,OPEN,2026-03-09
L26032,18,D1B-DDR5-24G,H1,1200,1015,84.62,BRIDGE,2026-03-09
L26032,19,D1B-DDR5-24G,H1,1200,1071,89.3,EDGE_CHIP,2026-03-09
L26032,20,D1B-DDR5-24G,H1,1200,1079,89.92,OPEN,2026-03-05
L26032,21,D1B-DDR5-24G,H1,1200,1046,87.17,MISALIGN,2026-03-08
L26032,22,D1B-DDR5-24G,H1,1200,1051,87.64,BRIDGE,2026-03-05
L26032,23,D1B-DDR5-24G,H1,1200,1089,90.76,SCRATCH,2026-03-08
L26032,24,D1B-DDR5-24G,H1,1200,1088,90.69,OPEN,2026-03-08
L26032,25,D1B-DDR5-24G,H1,1200,1091,90.98,ETC,2026-03-09
L26033,1,D1Z-DDR5-16G,P3,1200,1158,96.58,BRIDGE,2026-03-08
L26033,2,D1Z-DDR5-16G,P3,1200,1132,94.35,OPEN,2026-03-06
L26033,3,D1Z-DDR5-16G,P3,1200,1162,96.84,MISALIGN,2026-03-14
L26033,4,D1Z-DDR5-16G,P3,1200,1171,97.63,PARTICLE,2026-03-13
L26033,5,D1Z-DDR5-16G,P3,1200,1154,96.18,PARTICLE,2026-03-14
L26033,6,D1Z-DDR5-16G,P3,1200,1143,95.29,PARTICLE,2026-03-12
L26033,7,D1Z-DDR5-16G,P3,1200,1168,97.38,SCRATCH,2026-03-06
L26033,8,D1Z-DDR5-16G,P3,1200,1146,95.55,SCRATCH,2026-03-06
L26033,9,D1Z-DDR5-16G,P3,1200,1140,95.08,EDGE_CHIP,2026-03-08
L26033,10,D1Z-DDR5-16G,P3,1200,1161,96.83,PARTICLE,2026-03-08
L26033,11,D1Z-DDR5-16G,P3,1200,1134,94.57,PARTICLE,2026-03-13
L26033,12,D1Z-DDR5-16G,P3,1200,1144,95.41,BRIDGE,2026-03-14
L26033,13,D1Z-DDR5-16G,P3,1200,1085,90.45,PARTICLE,2026-03-08
L26033,14,D1Z-DDR5-16G,P3,1200,1150,95.9,THIN_FILM,2026-03-05
L26033,15,D1Z-DDR5-16G,P3,1200,1144,95.4,PARTICLE,2026-03-12
L26033,16,D1Z-DDR5-16G,P3,1200,1133,94.46,PARTICLE,2026-03-09
L26033,17,D1Z-DDR5-16G,P3,1200,1141,95.1,SCRATCH,2026-03-08
L26033,18,D1Z-DDR5-16G,P3,1200,1165,97.14,OPEN,2026-03-06
L26033,19,D1Z-DDR5-16G,P3,1200,1135,94.66,OPEN,2026-03-13
L26033,20,D1Z-DDR5-16G,P3,1200,1191,99.3,THIN_FILM,2026-03-05
L26033,21,D1Z-DDR5-16G,P3,1200,1174,97.84,BRIDGE,2026-03-08
L26033,22,D1Z-DDR5-16G,P3,1200,1126,93.85,MISALIGN,2026-03-11
L26033,23,D1Z-DDR5-16G,P3,1200,1153,96.1,OPEN,2026-03-05
L26033,24,D1Z-DDR5-16G,P3,1200,1110,92.57,BRIDGE,2026-03-08
L26033,25,D1Z-DDR5-16G,P3,1200,1175,97.99,OPEN,2026-03-09
L26034,1,V8-NAND-1Tb,P3,1200,1097,91.49,EDGE_CHIP,2026-03-13
L26034,2,V8-NAND-1Tb,P3,1200,1122,93.52,SCRATCH,2026-03-08
L26034,3,V8-NAND-1Tb,P3,1200,1108,92.35,MISALIGN,2026-03-07
L26034,4,V8-NAND-1Tb,P3,1200,1104,92.0,OPEN,2026-03-12
L26034,5,V8-NAND-1Tb,P3,1200,1085,90.43,BRIDGE,2026-03-14
L26034,6,V8-NAND-1Tb,P3,1200,1112,92.75,ETC,2026-03-12
L26034,7,V8-NAND-1Tb,P3,1200,1097,91.46,PARTICLE,2026-03-09
L26034,8,V8-NAND-1Tb,P3,1200,1087,90.63,THIN_FILM,2026-03-07
L26034,9,V8-NAND-1Tb,P3,1200,1102,91.87,PARTICLE,2026-03-10
L26034,10,V8-NAND-1Tb,P3,1200,1125,93.82,OPEN,2026-03-11
L26034,11,V8-NAND-1Tb,P3,1200,1071,89.3,SCRATCH,2026-03-13
L26034,12,V8-NAND-1Tb,P3,1200,1095,91.29,OPEN,2026-03-14
L26034,13,V8-NAND-1Tb,P3,1200,1110,92.51,SCRATCH,2026-03-14
L26034,14,V8-NAND-1Tb,P3,1200,1027,85.61,MISALIGN,2026-03-14
L26034,15,V8-NAND-1Tb,P3,1200,1102,91.85,OPEN,2026-03-06
L26034,16,V8-NAND-1Tb,P3,1200,1098,91.53,ETC,2026-03-06
L26034,17,V8-NAND-1Tb,P3,1200,1095,91.28,ETC,2026-03-05
L26034,18,V8-NAND-1Tb,P3,1200,1127,93.99,SCRATCH,2026-03-13
L26034,19,V8-NAND-1Tb,P3,1200,1088,90.7,BRIDGE,2026-03-08
L26034,20,V8-NAND-1Tb,P3,1200,1104,92.01,MISALIGN,2026-03-07
L26034,21,V8-NAND-1Tb,P3,1200,1068,89.07,BRIDGE,2026-03-07
L26034,22,V8-NAND-1Tb,P3,1200,1114,92.85,BRIDGE,2026-03-06
L26034,23,V8-NAND-1Tb,P3,1200,1117,93.13,ETC,2026-03-07
L26034,24,V8-NAND-1Tb,P3,1200,1030,85.92,THIN_FILM,2026-03-13
L26034,25,V8-NAND-1Tb,P3,1200,1101,91.8,ETC,2026-03-05
L26035,1,D1B-DDR5-24G,P1,1200,1108,92.4,BRIDGE,2026-03-10
L26035,2,D1B-DDR5-24G,P1,1200,1154,96.19,SCRATCH,2026-03-13
L26035,3,D1B-DDR5-24G,P1,1200,1095,91.29,PARTICLE,2026-03-10
L26035,4,D1B-DDR5-24G,P1,1200,1130,94.19,PARTICLE,2026-03-13
L26035,5,D1B-DDR5-24G,P1,1200,1125,93.79,BRIDGE,2026-03-14
L26035,6,D1B-DDR5-24G,P1,1200,1073,89.44,THIN_FILM,2026-03-13
L26035,7,D1B-DDR5-24G,P1,1200,1106,92.24,PARTICLE,2026-03-11
L26035,8,D1B-DDR5-24G,P1,1200,1099,91.6,OPEN,2026-03-08
L26035,9,D1B-DDR5-24G,P1,1200,1063,88.6,BRIDGE,2026-03-11
L26035,10,D1B-DDR5-24G,P1,1200,1079,89.97,PARTICLE,2026-03-06
L26035,11,D1B-DDR5-24G,P1,1200,1124,93.69,THIN_FILM,2026-03-08
L26035,12,D1B-DDR5-24G,P1,1200,1129,94.12,MISALIGN,2026-03-05
L26035,13,D1B-DDR5-24G,P1,1200,1100,91.74,PARTICLE,2026-03-06
L26035,14,D1B-DDR5-24G,P1,1200,1083,90.29,OPEN,2026-03-14
L26035,15,D1B-DDR5-24G,P1,1200,1136,94.71,OPEN,2026-03-11
L26035,16,D1B-DDR5-24G,P1,1200,1146,95.52,SCRATCH,2026-03-11
L26035,17,D1B-DDR5-24G,P1,1200,1171,97.64,BRIDGE,2026-03-13
L26035,18,D1B-DDR5-24G,P1,1200,1128,94.03,ETC,2026-03-05
L26035,19,D1B-DDR5-24G,P1,1200,1130,94.23,PARTICLE,2026-03-05
L26035,20,D1B-DDR5-24G,P1,1200,1101,91.8,SCRATCH,2026-03-08
L26035,21,D1B-DDR5-24G,P1,1200,1136,94.67,BRIDGE,2026-03-09
L26035,22,D1B-DDR5-24G,P1,1200,1143,95.25,PARTICLE,2026-03-06
L26035,23,D1B-DDR5-24G,P1,1200,1120,93.36,BRIDGE,2026-03-10
L26035,24,D1B-DDR5-24G,P1,1200,1117,93.17,SCRATCH,2026-03-08
L26035,25,D1B-DDR5-24G,P1,1200,1069,89.09,SCRATCH,2026-03-10
L26036,1,LSI-ISOCELL-HP2,P1,1200,1136,94.68,OPEN,2026-03-10
L26036,2,LSI-ISOCELL-HP2,P1,1200,1188,99.03,MISALIGN,2026-03-07
L26036,3,LSI-ISOCELL-HP2,P1,1200,1193,99.46,MISALIGN,2026-03-10
L26036,4,LSI-ISOCELL-HP2,P1,1200,1124,93.68,BRIDGE,2026-03-08
L26036,5,LSI-ISOCELL-HP2,P1,1200,1193,99.46,PARTICLE,2026-03-07
L26036,6,LSI-ISOCELL-HP2,P1,1200,1135,94.64,PARTICLE,2026-03-12
L26036,7,LSI-ISOCELL-HP2,P1,1200,1197,99.8,PARTICLE,2026-03-08
L26036,8,LSI-ISOCELL-HP2,P1,1200,1138,94.86,MISALIGN,2026-03-09
L26036,9,LSI-ISOCELL-HP2,P1,1200,1123,93.6,PARTICLE,2026-03-05
L26036,10,LSI-ISOCELL-HP2,P1,1200,1185,98.78,BRIDGE,2026-03-14
L26036,11,LSI-ISOCELL-HP2,P1,1200,1150,95.89,BRIDGE,2026-03-09
L26036,12,LSI-ISOCELL-HP2,P1,1200,1120,93.37,SCRATCH,2026-03-05
L26036,13,LSI-ISOCELL-HP2,P1,1200,1090,90.89,MISALIGN,2026-03-13
L26036,14,LSI-ISOCELL-HP2,P1,1200,1136,94.71,ETC,2026-03-12
L26036,15,LSI-ISOCELL-HP2,P1,1200,1148,95.72,PARTICLE,2026-03-09
L26036,16,LSI-ISOCELL-HP2,P1,1200,1157,96.42,THIN_FILM,2026-03-07
L26036,17,LSI-ISOCELL-HP2,P1,1200,1176,98.05,EDGE_CHIP,2026-03-10
L26036,18,LSI-ISOCELL-HP2,P1,1200,1161,96.78,ETC,2026-03-05
L26036,19,LSI-ISOCELL-HP2,P1,1200,1173,97.78,MISALIGN,2026-03-05
L26036,20,LSI-ISOCELL-HP2,P1,1200,1134,94.53,MISALIGN,2026-03-05
L26036,21,LSI-ISOCELL-HP2,P1,1200,1129,94.08,SCRATCH,2026-03-09
L26036,22,LSI-ISOCELL-HP2,P1,1200,1142,95.17,MISALIGN,2026-03-07
L26036,23,LSI-ISOCELL-HP2,P1,1200,1182,98.56,BRIDGE,2026-03-11
L26036,24,LSI-ISOCELL-HP2,P1,1200,1145,95.44,PARTICLE,2026-03-05
L26036,25,LSI-ISOCELL-HP2,P1,1200,1146,95.5,PARTICLE,2026-03-11
L26037,1,D1B-DDR5-24G,P1,1200,1197,99.8,PARTICLE,2026-03-10
L26037,2,D1B-DDR5-24G,P1,1200,1157,96.49,PARTICLE,2026-03-14
L26037,3,D1B-DDR5-24G,P1,1200,1157,96.5,MISALIGN,2026-03-06
L26037,4,D1B-DDR5-24G,P1,1200,1162,96.9,EDGE_CHIP,2026-03-12
L26037,5,D1B-DDR5-24G,P1,1200,1142,95.18,PARTICLE,2026-03-06
L26037,6,D1B-DDR5-24G,P1,1200,1183,98.66,THIN_FILM,2026-03-11
L26037,7,D1B-DDR5-24G,P1,1200,1171,97.63,OPEN,2026-03-06
L26037,8,D1B-DDR5-24G,P1,1200,1167,97.27,EDGE_CHIP,2026-03-11
L26037,9,D1B-DDR5-24G,P1,1200,1096,91.37,ETC,2026-03-09
L26037,10,D1B-DDR5-24G,P1,1200,1175,97.95,BRIDGE,2026-03-13
L26037,11,D1B-DDR5-24G,P1,1200,1182,98.51,PARTICLE,2026-03-12
L26037,12,D1B-DDR5-24G,P1,1200,1178,98.18,BRIDGE,2026-03-14
L26037,13,D1B-DDR5-24G,P1,1200,1154,96.24,BRIDGE,2026-03-11
L26037,14,D1B-DDR5-24G,P1,1200,1176,98.04,EDGE_CHIP,2026-03-12
L26037,15,D1B-DDR5-24G,P1,1200,1165,97.11,BRIDGE,2026-03-09
L26037,16,D1B-DDR5-24G,P1,1200,1197,99.8,SCRATCH,2026-03-11
L26037,17,D1B-DDR5-24G,P1,1200,1148,95.67,SCRATCH,2026-03-14
L26037,18,D1B-DDR5-24G,P1,1200,1137,94.82,PARTICLE,2026-03-12
L26037,19,D1B-DDR5-24G,P1,1200,1144,95.37,SCRATCH,2026-03-09
L26037,20,D1B-DDR5-24G,P1,1200,1161,96.76,PARTICLE,2026-03-12
L26037,21,D1B-DDR5-24G,P1,1200,1167,97.3,PARTICLE,2026-03-05
L26037,22,D1B-DDR5-24G,P1,1200,1145,95.47,PARTICLE,2026-03-10
L26037,23,D1B-DDR5-24G,P1,1200,1123,93.61,BRIDGE,2026-03-06
L26037,24,D1B-DDR5-24G,P1,1200,1177,98.1,ETC,2026-03-06
L26037,25,D1B-DDR5-24G,P1,1200,1163,96.95,ETC,2026-03-13
L26038,1,D1B-DDR5-24G,H1,1200,1123,93.65,PARTICLE,2026-03-11
L26038,2,D1B-DDR5-24G,H1,1200,1106,92.19,BRIDGE,2026-03-11
L26038,3,D1B-DDR5-24G,H1,1200,1031,85.98,SCRATCH,2026-03-07
L26038,4,D1B-DDR5-24G,H1,1200,1110,92.57,BRIDGE,2026-03-07
L26038,5,D1B-DDR5-24G,H1,1200,1098,91.51,THIN_FILM,2026-03-06
L26038,6,D1B-DDR5-24G,H1,1200,1106,92.18,SCRATCH,2026-03-05
L26038,7,D1B-DDR5-24G,H1,1200,1121,93.46,OPEN,2026-03-12
L26038,8,D1B-DDR5-24G,H1,1200,1095,91.26,ETC,2026-03-07
L26038,9,D1B-DDR5-24G,H1,1200,1119,93.3,EDGE_CHIP,2026-03-12
L26038,10,D1B-DDR5-24G,H1,1200,1152,96.04,OPEN,2026-03-13
L26038,11,D1B-DDR5-24G,H1,1200,1107,92.28,MISALIGN,2026-03-14
L26038,12,D1B-DDR5-24G,H1,1200,1105,92.14,BRIDGE,2026-03-12
L26038,13,D1B-DDR5-24G,H1,1200,1087,90.67,SCRATCH,2026-03-08
L26038,14,D1B-DDR5-24G,H1,1200,1099,91.61,BRIDGE,2026-03-11
L26038,15,D1B-DDR5-24G,H1,1200,1114,92.87,SCRATCH,2026-03-07
L26038,16,D1B-DDR5-24G,H1,1200,1095,91.33,PARTICLE,2026-03-11
L26038,17,D1B-DDR5-24G,H1,1200,1109,92.49,ETC,2026-03-07
L26038,18,D1B-DDR5-24G,H1,1200,1094,91.19,THIN_FILM,2026-03-05
L26038,19,D1B-DDR5-24G,H1,1200,1133,94.43,BRIDGE,2026-03-11
L26038,20,D1B-DDR5-24G,H1,1200,1095,91.3,PARTICLE,2026-03-05
L26038,21,D1B-DDR5-24G,H1,1200,1078,89.84,PARTICLE,2026-03-12
L26038,22,D1B-DDR5-24G,H1,1200,1115,92.93,PARTICLE,2026-03-11
L26038,23,D1B-DDR5-24G,H1,1200,1167,97.3,BRIDGE,2026-03-05
L26038,24,D1B-DDR5-24G,H1,1200,1098,91.57,OPEN,2026-03-11
L26038,25,D1B-DDR5-24G,H1,1200,1133,94.44,SCRATCH,2026-03-14
L26039,1,D1B-DDR5-24G,P3,1200,1143,95.27,BRIDGE,2026-03-12
L26039,2,D1B-DDR5-24G,P3,1200,1124,93.73,SCRATCH,2026-03-12
L26039,3,D1B-DDR5-24G,P3,1200,1149,95.75,SCRATCH,2026-03-11
L26039,4,D1B-DDR5-24G,P3,1200,1158,96.51,OPEN,2026-03-12
L26039,5,D1B-DDR5-24G,P3,1200,1153,96.11,SCRATCH,2026-03-14
L26039,6,D1B-DDR5-24G,P3,1200,1170,97.53,PARTICLE,2026-03-06
L26039,7,D1B-DDR5-24G,P3,1200,1163,96.92,BRIDGE,2026-03-13
L26039,8,D1B-DDR5-24G,P3,1200,1135,94.59,SCRATCH,2026-03-05
L26039,9,D1B-DDR5-24G,P3,1200,1152,96.08,BRIDGE,2026-03-05
L26039,10,D1B-DDR5-24G,P3,1200,1169,97.44,PARTICLE,2026-03-11
L26039,11,D1B-DDR5-24G,P3,1200,1123,93.61,PARTICLE,2026-03-07
L26039,12,D1B-DDR5-24G,P3,1200,1174,97.9,PARTICLE,2026-03-08
L26039,13,D1B-DDR5-24G,P3,1200,1190,99.18,PARTICLE,2026-03-06
L26039,14,D1B-DDR5-24G,P3,1200,1138,94.88,OPEN,2026-03-05
L26039,15,D1B-DDR5-24G,P3,1200,1156,96.39,SCRATCH,2026-03-06
L26039,16,D1B-DDR5-24G,P3,1200,1159,96.6,PARTICLE,2026-03-11
L26039,17,D1B-DDR5-24G,P3,1200,1192,99.41,THIN_FILM,2026-03-12
L26039,18,D1B-DDR5-24G,P3,1200,1175,97.93,BRIDGE,2026-03-06
L26039,19,D1B-DDR5-24G,P3,1200,1143,95.29,BRIDGE,2026-03-07
L26039,20,D1B-DDR5-24G,P3,1200,1129,94.1,MISALIGN,2026-03-12
L26039,21,D1B-DDR5-24G,P3,1200,1158,96.54,MISALIGN,2026-03-11
L26039,22,D1B-DDR5-24G,P3,1200,1118,93.22,BRIDGE,2026-03-11
L26039,23,D1B-DDR5-24G,P3,1200,1168,97.36,PARTICLE,2026-03-09
L26039,24,D1B-DDR5-24G,P3,1200,1153,96.14,BRIDGE,2026-03-09
L26039,25,D1B-DDR5-24G,P3,1200,1193,99.43,SCRATCH,2026-03-10
L26040,1,D1Z-DDR5-16G,P1,1200,1078,89.86,PARTICLE,2026-03-14
L26040,2,D1Z-DDR5-16G,P1,1200,967,80.61,OPEN,2026-03-12
L26040,3,D1Z-DDR5-16G,P1,1200,1079,89.98,SCRATCH,2026-03-08
L26040,4,D1Z-DDR5-16G,P1,1200,1116,93.05,PARTICLE,2026-03-10
L26040,5,D1Z-DDR5-16G,P1,1200,1095,91.32,OPEN,2026-03-10
L26040,6,D1Z-DDR5-16G,P1,1200,1130,94.23,EDGE_CHIP,2026-03-13
L26040,7,D1Z-DDR5-16G,P1,1200,1075,89.59,THIN_FILM,2026-03-14
L26040,8,D1Z-DDR5-16G,P1,1200,1072,89.34,BRIDGE,2026-03-14
L26040,9,D1Z-DDR5-16G,P1,1200,1088,90.7,PARTICLE,2026-03-10
L26040,10,D1Z-DDR5-16G,P1,1200,1070,89.22,PARTICLE,2026-03-12
L26040,11,D1Z-DDR5-16G,P1,1200,1107,92.25,BRIDGE,2026-03-12
L26040,12,D1Z-DDR5-16G,P1,1200,1145,95.49,BRIDGE,2026-03-13
L26040,13,D1Z-DDR5-16G,P1,1200,1110,92.57,EDGE_CHIP,2026-03-06
L26040,14,D1Z-DDR5-16G,P1,1200,1087,90.6,PARTICLE,2026-03-14
L26040,15,D1Z-DDR5-16G,P1,1200,1089,90.81,SCRATCH,2026-03-11
L26040,16,D1Z-DDR5-16G,P1,1200,1094,91.18,BRIDGE,2026-03-07
L26040,17,D1Z-DDR5-16G,P1,1200,1098,91.53,MISALIGN,2026-03-07
L26040,18,D1Z-DDR5-16G,P1,1200,1070,89.24,PARTICLE,2026-03-10
L26040,19,D1Z-DDR5-16G,P1,1200,1129,94.13,BRIDGE,2026-03-09
L26040,20,D1Z-DDR5-16G,P1,1200,1085,90.43,EDGE_CHIP,2026-03-12
L26040,21,D1Z-DDR5-16G,P1,1200,1079,89.98,BRIDGE,2026-03-11
L26040,22,D1Z-DDR5-16G,P1,1200,1106,92.21,EDGE_CHIP,2026-03-10
L26040,23,D1Z-DDR5-16G,P1,1200,1126,93.92,PARTICLE,2026-03-08
L26040,24,D1Z-DDR5-16G,P1,1200,1114,92.87,SCRATCH,2026-03-11
L26040,25,D1Z-DDR5-16G,P1,1200,1058,88.2,SCRATCH,2026-03-09
L26041,1,V8-NAND-1Tb,P2,1200,1188,99.05,PARTICLE,2026-03-07
L26041,2,V8-NAND-1Tb,P2,1200,1187,98.97,BRIDGE,2026-03-14
L26041,3,V8-NAND-1Tb,P2,1200,1152,96.04,EDGE_CHIP,2026-03-07
L26041,4,V8-NAND-1Tb,P2,1200,1174,97.87,MISALIGN,2026-03-05
L26041,5,V8-NAND-1Tb,P2,1200,1168,97.34,BRIDGE,2026-03-12
L26041,6,V8-NAND-1Tb,P2,1200,1180,98.36,PARTICLE,2026-03-10
L26041,7,V8-NAND-1Tb,P2,1200,1197,99.8,ETC,2026-03-08
L26041,8,V8-NAND-1Tb,P2,1200,1187,99.0,MISALIGN,2026-03-11
L26041,9,V8-NAND-1Tb,P2,1200,1154,96.18,OPEN,2026-03-12
L26041,10,V8-NAND-1Tb,P2,1200,1197,99.8,OPEN,2026-03-08
L26041,11,V8-NAND-1Tb,P2,1200,1180,98.34,BRIDGE,2026-03-12
L26041,12,V8-NAND-1Tb,P2,1200,1187,98.98,MISALIGN,2026-03-12
L26041,13,V8-NAND-1Tb,P2,1200,1185,98.82,BRIDGE,2026-03-12
L26041,14,V8-NAND-1Tb,P2,1200,1187,98.96,OPEN,2026-03-12
L26041,15,V8-NAND-1Tb,P2,1200,1177,98.16,PARTICLE,2026-03-14
L26041,16,V8-NAND-1Tb,P2,1200,1107,92.27,MISALIGN,2026-03-08
L26041,17,V8-NAND-1Tb,P2,1200,1177,98.15,PARTICLE,2026-03-07
L26041,18,V8-NAND-1Tb,P2,1200,1177,98.12,SCRATCH,2026-03-14
L26041,19,V8-NAND-1Tb,P2,1200,1197,99.8,BRIDGE,2026-03-11
L26041,20,V8-NAND-1Tb,P2,1200,1185,98.79,OPEN,2026-03-07
L26041,21,V8-NAND-1Tb,P2,1200,1197,99.8,BRIDGE,2026-03-09
L26041,22,V8-NAND-1Tb,P2,1200,1160,96.74,PARTICLE,2026-03-06
L26041,23,V8-NAND-1Tb,P2,1200,1135,94.61,SCRATCH,2026-03-12
L26041,24,V8-NAND-1Tb,P2,1200,1197,99.8,THIN_FILM,2026-03-12
L26041,25,V8-NAND-1Tb,P2,1200,1197,99.8,OPEN,2026-03-05
L26042,1,D1Z-DDR5-16G,P1,1200,1119,93.32,PARTICLE,2026-03-13
L26042,2,D1Z-DDR5-16G,P1,1200,1133,94.44,EDGE_CHIP,2026-03-08
L26042,3,D1Z-DDR5-16G,P1,1200,1118,93.19,OPEN,2026-03-12
L26042,4,D1Z-DDR5-16G,P1,1200,1150,95.89,PARTICLE,2026-03-11
L26042,5,D1Z-DDR5-16G,P1,1200,1139,94.99,SCRATCH,2026-03-09
L26042,6,D1Z-DDR5-16G,P1,1200,1146,95.53,PARTICLE,2026-03-13
L26042,7,D1Z-DDR5-16G,P1,1200,1142,95.21,OPEN,2026-03-09
L26042,8,D1Z-DDR5-16G,P1,1200,1163,97.0,ETC,2026-03-10
L26042,9,D1Z-DDR5-16G,P1,1200,1149,95.78,PARTICLE,2026-03-10
L26042,10,D1Z-DDR5-16G,P1,1200,1119,93.29,PARTICLE,2026-03-10
L26042,11,D1Z-DDR5-16G,P1,1200,1166,97.2,PARTICLE,2026-03-10
L26042,12,D1Z-DDR5-16G,P1,1200,1154,96.21,MISALIGN,2026-03-13
L26042,13,D1Z-DDR5-16G,P1,1200,1126,93.88,BRIDGE,2026-03-11
L26042,14,D1Z-DDR5-16G,P1,1200,1125,93.8,EDGE_CHIP,2026-03-09
L26042,15,D1Z-DDR5-16G,P1,1200,1128,94.08,BRIDGE,2026-03-06
L26042,16,D1Z-DDR5-16G,P1,1200,1126,93.85,PARTICLE,2026-03-07
L26042,17,D1Z-DDR5-16G,P1,1200,1088,90.7,ETC,2026-03-06
L26042,18,D1Z-DDR5-16G,P1,1200,1136,94.71,SCRATCH,2026-03-10
L26042,19,D1Z-DDR5-16G,P1,1200,1147,95.6,BRIDGE,2026-03-07
L26042,20,D1Z-DDR5-16G,P1,1200,1085,90.5,SCRATCH,2026-03-07
L26042,21,D1Z-DDR5-16G,P1,1200,1121,93.45,THIN_FILM,2026-03-13
L26042,22,D1Z-DDR5-16G,P1,1200,1162,96.86,THIN_FILM,2026-03-14
L26042,23,D1Z-DDR5-16G,P1,1200,1132,94.36,SCRATCH,2026-03-10
L26042,24,D1Z-DDR5-16G,P1,1200,1122,93.56,PARTICLE,2026-03-07
L26042,25,D1Z-DDR5-16G,P1,1200,1126,93.86,PARTICLE,2026-03-05
L26043,1,LSI-ISOCELL-HP2,H1,1200,1163,96.92,OPEN,2026-03-13
L26043,2,LSI-ISOCELL-HP2,H1,1200,1141,95.14,THIN_FILM,2026-03-11
L26043,3,LSI-ISOCELL-HP2,H1,1200,1158,96.52,PARTICLE,2026-03-12
L26043,4,LSI-ISOCELL-HP2,H1,1200,1171,97.64,SCRATCH,2026-03-08
L26043,5,LSI-ISOCELL-HP2,H1,1200,1183,98.64,MISALIGN,2026-03-14
L26043,6,LSI-ISOCELL-HP2,H1,1200,1178,98.18,PARTICLE,2026-03-13
L26043,7,LSI-ISOCELL-HP2,H1,1200,1150,95.87,SCRATCH,2026-03-08
L26043,8,LSI-ISOCELL-HP2,H1,1200,1176,98.04,BRIDGE,2026-03-09
L26043,9,LSI-ISOCELL-HP2,H1,1200,1144,95.36,PARTICLE,2026-03-09
L26043,10,LSI-ISOCELL-HP2,H1,1200,1134,94.52,THIN_FILM,2026-03-11
L26043,11,LSI-ISOCELL-HP2,H1,1200,1187,98.95,BRIDGE,2026-03-11
L26043,12,LSI-ISOCELL-HP2,H1,1200,1174,97.86,OPEN,2026-03-09
L26043,13,LSI-ISOCELL-HP2,H1,1200,1156,96.41,EDGE_CHIP,2026-03-07
L26043,14,LSI-ISOCELL-HP2,H1,1200,1159,96.61,PARTICLE,2026-03-05
L26043,15,LSI-ISOCELL-HP2,H1,1200,1149,95.79,ETC,2026-03-09
L26043,16,LSI-ISOCELL-HP2,H1,1200,1154,96.19,THIN_FILM,2026-03-07
L26043,17,LSI-ISOCELL-HP2,H1,1200,1158,96.52,EDGE_CHIP,2026-03-07
L26043,18,LSI-ISOCELL-HP2,H1,1200,1189,99.15,MISALIGN,2026-03-07
L26043,19,LSI-ISOCELL-HP2,H1,1200,1135,94.59,OPEN,2026-03-13
L26043,20,LSI-ISOCELL-HP2,H1,1200,1152,96.01,SCRATCH,2026-03-11
L26043,21,LSI-ISOCELL-HP2,H1,1200,1153,96.12,OPEN,2026-03-12
L26043,22,LSI-ISOCELL-HP2,H1,1200,1176,98.01,PARTICLE,2026-03-13
L26043,23,LSI-ISOCELL-HP2,H1,1200,1174,97.87,MISALIGN,2026-03-07
L26043,24,LSI-ISOCELL-HP2,H1,1200,1197,99.76,BRIDGE,2026-03-13
L26043,25,LSI-ISOCELL-HP2,H1,1200,1157,96.5,BRIDGE,2026-03-13
L26044,1,V8-NAND-1Tb,H1,1200,1044,87.02,BRIDGE,2026-03-11
L26044,2,V8-NAND-1Tb,H1,1200,1027,85.6,BRIDGE,2026-03-10
L26044,3,V8-NAND-1Tb,H1,1200,1040,86.73,BRIDGE,2026-03-06
L26044,4,V8-NAND-1Tb,H1,1200,1027,85.61,MISALIGN,2026-03-05
L26044,5,V8-NAND-1Tb,H1,1200,1064,88.74,SCRATCH,2026-03-08
L26044,6,V8-NAND-1Tb,H1,1200,1049,87.44,OPEN,2026-03-11
L26044,7,V8-NAND-1Tb,H1,1200,993,82.77,BRIDGE,2026-03-10
L26044,8,V8-NAND-1Tb,H1,1200,1052,87.72,BRIDGE,2026-03-09
L26044,9,V8-NAND-1Tb,H1,1200,1070,89.22,PARTICLE,2026-03-06
L26044,10,V8-NAND-1Tb,H1,1200,1069,89.1,PARTICLE,2026-03-09
L26044,11,V8-NAND-1Tb,H1,1200,1039,86.64,PARTICLE,2026-03-08
L26044,12,V8-NAND-1Tb,H1,1200,1061,88.43,PARTICLE,2026-03-10
L26044,13,V8-NAND-1Tb,H1,1200,1035,86.32,EDGE_CHIP,2026-03-07
L26044,14,V8-NAND-1Tb,H1,1200,1071,89.33,EDGE_CHIP,2026-03-09
L26044,15,V8-NAND-1Tb,H1,1200,988,82.37,BRIDGE,2026-03-06
L26044,16,V8-NAND-1Tb,H1,1200,1006,83.85,SCRATCH,2026-03-13
L26044,17,V8-NAND-1Tb,H1,1200,1047,87.25,PARTICLE,2026-03-09
L26044,18,V8-NAND-1Tb,H1,1200,1059,88.3,BRIDGE,2026-03-08
L26044,19,V8-NAND-1Tb,H1,1200,1042,86.87,MISALIGN,2026-03-11
L26044,20,V8-NAND-1Tb,H1,1200,1060,88.38,SCRATCH,2026-03-08
L26044,21,V8-NAND-1Tb,H1,1200,1061,88.47,THIN_FILM,2026-03-05
L26044,22,V8-NAND-1Tb,H1,1200,1059,88.26,SCRATCH,2026-03-10
L26044,23,V8-NAND-1Tb,H1,1200,1055,87.97,BRIDGE,2026-03-13
L26044,24,V8-NAND-1Tb,H1,1200,1052,87.69,BRIDGE,2026-03-13
L26044,25,V8-NAND-1Tb,H1,1200,1095,91.27,SCRATCH,2026-03-14
L26045,1,D1B-DDR5-24G,P1,1200,1079,89.93,PARTICLE,2026-03-07
L26045,2,D1B-DDR5-24G,P1,1200,1159,96.6,OPEN,2026-03-12
L26045,3,D1B-DDR5-24G,P1,1200,1131,94.26,PARTICLE,2026-03-07
L26045,4,D1B-DDR5-24G,P1,1200,1116,93.06,THIN_FILM,2026-03-14
L26045,5,D1B-DDR5-24G,P1,1200,1134,94.53,THIN_FILM,2026-03-06
L26045,6,D1B-DDR5-24G,P1,1200,1053,87.76,THIN_FILM,2026-03-13
L26045,7,D1B-DDR5-24G,P1,1200,1169,97.46,PARTICLE,2026-03-12
L26045,8,D1B-DDR5-24G,P1,1200,1135,94.59,OPEN,2026-03-06
L26045,9,D1B-DDR5-24G,P1,1200,1161,96.79,OPEN,2026-03-13
L26045,10,D1B-DDR5-24G,P1,1200,1148,95.68,SCRATCH,2026-03-14
L26045,11,D1B-DDR5-24G,P1,1200,1123,93.64,EDGE_CHIP,2026-03-10
L26045,12,D1B-DDR5-24G,P1,1200,1153,96.09,THIN_FILM,2026-03-13
L26045,13,D1B-DDR5-24G,P1,1200,1100,91.68,PARTICLE,2026-03-11
L26045,14,D1B-DDR5-24G,P1,1200,1150,95.9,PARTICLE,2026-03-13
L26045,15,D1B-DDR5-24G,P1,1200,1167,97.27,OPEN,2026-03-11
L26045,16,D1B-DDR5-24G,P1,1200,1152,96.0,SCRATCH,2026-03-11
L26045,17,D1B-DDR5-24G,P1,1200,1135,94.64,PARTICLE,2026-03-09
L26045,18,D1B-DDR5-24G,P1,1200,1162,96.87,ETC,2026-03-09
L26045,19,D1B-DDR5-24G,P1,1200,1129,94.11,THIN_FILM,2026-03-07
L26045,20,D1B-DDR5-24G,P1,1200,1138,94.88,EDGE_CHIP,2026-03-14
L26045,21,D1B-DDR5-24G,P1,1200,1174,97.87,BRIDGE,2026-03-05
L26045,22,D1B-DDR5-24G,P1,1200,1132,94.42,PARTICLE,2026-03-07
L26045,23,D1B-DDR5-24G,P1,1200,1163,96.94,OPEN,2026-03-11
L26045,24,D1B-DDR5-24G,P1,1200,1165,97.11,PARTICLE,2026-03-08
L26045,25,D1B-DDR5-24G,P1,1200,1122,93.55,ETC,2026-03-13
L26046,1,LSI-ISOCELL-HP2,P1,1200,1142,95.2,PARTICLE,2026-03-14
L26046,2,LSI-ISOCELL-HP2,P1,1200,1109,92.45,THIN_FILM,2026-03-06
L26046,3,LSI-ISOCELL-HP2,P1,1200,1094,91.17,OPEN,2026-03-11
L26046,4,LSI-ISOCELL-HP2,P1,1200,1114,92.91,BRIDGE,2026-03-12
L26046,5,LSI-ISOCELL-HP2,P1,1200,1155,96.31,PARTICLE,2026-03-06
L26046,6,LSI-ISOCELL-HP2,P1,1200,1115,92.98,SCRATCH,2026-03-07
L26046,7,LSI-ISOCELL-HP2,P1,1200,1099,91.66,EDGE_CHIP,2026-03-08
L26046,8,LSI-ISOCELL-HP2,P1,1200,1077,89.76,MISALIGN,2026-03-13
L26046,9,LSI-ISOCELL-HP2,P1,1200,1149,95.77,OPEN,2026-03-05
L26046,10,LSI-ISOCELL-HP2,P1,1200,1096,91.39,PARTICLE,2026-03-12
L26046,11,LSI-ISOCELL-HP2,P1,1200,1104,92.07,BRIDGE,2026-03-12
L26046,12,LSI-ISOCELL-HP2,P1,1200,1084,90.39,THIN_FILM,2026-03-14
L26046,13,LSI-ISOCELL-HP2,P1,1200,1131,94.31,PARTICLE,2026-03-08
L26046,14,LSI-ISOCELL-HP2,P1,1200,1074,89.55,SCRATCH,2026-03-10
L26046,15,LSI-ISOCELL-HP2,P1,1200,1085,90.49,BRIDGE,2026-03-08
L26046,16,LSI-ISOCELL-HP2,P1,1200,1111,92.61,PARTICLE,2026-03-10
L26046,17,LSI-ISOCELL-HP2,P1,1200,1097,91.45,PARTICLE,2026-03-10
L26046,18,LSI-ISOCELL-HP2,P1,1200,1119,93.25,PARTICLE,2026-03-05
L26046,19,LSI-ISOCELL-HP2,P1,1200,1146,95.53,MISALIGN,2026-03-12
L26046,20,LSI-ISOCELL-HP2,P1,1200,1122,93.56,PARTICLE,2026-03-10
L26046,21,LSI-ISOCELL-HP2,P1,1200,1146,95.57,PARTICLE,2026-03-12
L26046,22,LSI-ISOCELL-HP2,P1,1200,1095,91.3,SCRATCH,2026-03-08
L26046,23,LSI-ISOCELL-HP2,P1,1200,1125,93.79,BRIDGE,2026-03-05
L26046,24,LSI-ISOCELL-HP2,P1,1200,1122,93.56,ETC,2026-03-11
L26046,25,LSI-ISOCELL-HP2,P1,1200,1081,90.12,BRIDGE,2026-03-09
L26047,1,V8-NAND-1Tb,P1,1200,1129,94.11,EDGE_CHIP,2026-03-06
L26047,2,V8-NAND-1Tb,P1,1200,1129,94.09,BRIDGE,2026-03-10
L26047,3,V8-NAND-1Tb,P1,1200,1126,93.84,EDGE_CHIP,2026-03-11
L26047,4,V8-NAND-1Tb,P1,1200,1101,91.76,PARTICLE,2026-03-06
L26047,5,V8-NAND-1Tb,P1,1200,1127,93.92,BRIDGE,2026-03-13
L26047,6,V8-NAND-1Tb,P1,1200,1112,92.75,SCRATCH,2026-03-07
L26047,7,V8-NAND-1Tb,P1,1200,1102,91.87,MISALIGN,2026-03-08
L26047,8,V8-NAND-1Tb,P1,1200,1111,92.61,BRIDGE,2026-03-13
L26047,9,V8-NAND-1Tb,P1,1200,1145,95.42,PARTICLE,2026-03-11
L26047,10,V8-NAND-1Tb,P1,1200,1134,94.51,OPEN,2026-03-07
L26047,11,V8-NAND-1Tb,P1,1200,1044,87.07,BRIDGE,2026-03-14
L26047,12,V8-NAND-1Tb,P1,1200,1130,94.23,PARTICLE,2026-03-12
L26047,13,V8-NAND-1Tb,P1,1200,1133,94.47,THIN_FILM,2026-03-07
L26047,14,V8-NAND-1Tb,P1,1200,1131,94.31,MISALIGN,2026-03-08
L26047,15,V8-NAND-1Tb,P1,1200,1090,90.9,BRIDGE,2026-03-07
L26047,16,V8-NAND-1Tb,P1,1200,1112,92.67,ETC,2026-03-07
L26047,17,V8-NAND-1Tb,P1,1200,1112,92.7,BRIDGE,2026-03-13
L26047,18,V8-NAND-1Tb,P1,1200,1078,89.84,PARTICLE,2026-03-14
L26047,19,V8-NAND-1Tb,P1,1200,1045,87.11,SCRATCH,2026-03-14
L26047,20,V8-NAND-1Tb,P1,1200,1133,94.43,SCRATCH,2026-03-09
L26047,21,V8-NAND-1Tb,P1,1200,1131,94.33,BRIDGE,2026-03-14
L26047,22,V8-NAND-1Tb,P1,1200,1124,93.69,PARTICLE,2026-03-05
L26047,23,V8-NAND-1Tb,P1,1200,1139,94.97,BRIDGE,2026-03-14
L26047,24,V8-NAND-1Tb,P1,1200,1085,90.46,THIN_FILM,2026-03-10
L26047,25,V8-NAND-1Tb,P1,1200,1104,92.04,THIN_FILM,2026-03-14
L26048,1,LSI-ISOCELL-HP2,P2,1200,1067,88.99,BRIDGE,2026-03-10
L26048,2,LSI-ISOCELL-HP2,P2,1200,1067,88.92,PARTICLE,2026-03-05
L26048,3,LSI-ISOCELL-HP2,P2,1200,1089,90.77,OPEN,2026-03-12
L26048,4,LSI-ISOCELL-HP2,P2,1200,1080,90.02,OPEN,2026-03-06
L26048,5,LSI-ISOCELL-HP2,P2,1200,1072,89.39,MISALIGN,2026-03-13
L26048,6,LSI-ISOCELL-HP2,P2,1200,1094,91.22,OPEN,2026-03-08
L26048,7,LSI-ISOCELL-HP2,P2,1200,1104,92.02,PARTICLE,2026-03-05
L26048,8,LSI-ISOCELL-HP2,P2,1200,1076,89.71,MISALIGN,2026-03-14
L26048,9,LSI-ISOCELL-HP2,P2,1200,1058,88.25,EDGE_CHIP,2026-03-05
L26048,10,LSI-ISOCELL-HP2,P2,1200,1100,91.75,BRIDGE,2026-03-12
L26048,11,LSI-ISOCELL-HP2,P2,1200,1089,90.83,BRIDGE,2026-03-07
L26048,12,LSI-ISOCELL-HP2,P2,1200,1066,88.9,PARTICLE,2026-03-13
L26048,13,LSI-ISOCELL-HP2,P2,1200,1031,85.94,PARTICLE,2026-03-12
L26048,14,LSI-ISOCELL-HP2,P2,1200,1076,89.7,OPEN,2026-03-06
L26048,15,LSI-ISOCELL-HP2,P2,1200,1053,87.81,EDGE_CHIP,2026-03-06
L26048,16,LSI-ISOCELL-HP2,P2,1200,1063,88.66,MISALIGN,2026-03-11
L26048,17,LSI-ISOCELL-HP2,P2,1200,992,82.74,PARTICLE,2026-03-11
L26048,18,LSI-ISOCELL-HP2,P2,1200,1059,88.27,PARTICLE,2026-03-06
L26048,19,LSI-ISOCELL-HP2,P2,1200,1124,93.68,OPEN,2026-03-11
L26048,20,LSI-ISOCELL-HP2,P2,1200,1092,91.0,MISALIGN,2026-03-10
L26048,21,LSI-ISOCELL-HP2,P2,1200,1089,90.78,MISALIGN,2026-03-13
L26048,22,LSI-ISOCELL-HP2,P2,1200,1046,87.24,SCRATCH,2026-03-06
L26048,23,LSI-ISOCELL-HP2,P2,1200,1120,93.41,PARTICLE,2026-03-05
L26048,24,LSI-ISOCELL-HP2,P2,1200,1079,89.93,BRIDGE,2026-03-07
L26048,25,LSI-ISOCELL-HP2,P2,1200,1053,87.81,OPEN,2026-03-12
L26049,1,V8-NAND-1Tb,P1,1200,1096,91.4,PARTICLE,2026-03-09
L26049,2,V8-NAND-1Tb,P1,1200,1112,92.69,OPEN,2026-03-09
L26049,3,V8-NAND-1Tb,P1,1200,1110,92.54,OPEN,2026-03-10
L26049,4,V8-NAND-1Tb,P1,1200,1102,91.9,BRIDGE,2026-03-13
L26049,5,V8-NAND-1Tb,P1,1200,1074,89.5,BRIDGE,2026-03-13
L26049,6,V8-NAND-1Tb,P1,1200,1120,93.38,PARTICLE,2026-03-14
L26049,7,V8-NAND-1Tb,P1,1200,1088,90.67,OPEN,2026-03-08
L26049,8,V8-NAND-1Tb,P1,1200,1104,92.06,THIN_FILM,2026-03-13
L26049,9,V8-NAND-1Tb,P1,1200,1126,93.86,EDGE_CHIP,2026-03-07
L26049,10,V8-NAND-1Tb,P1,1200,1105,92.15,EDGE_CHIP,2026-03-06
L26049,11,V8-NAND-1Tb,P1,1200,1060,88.35,BRIDGE,2026-03-07
L26049,12,V8-NAND-1Tb,P1,1200,1087,90.66,PARTICLE,2026-03-09
L26049,13,V8-NAND-1Tb,P1,1200,1109,92.45,PARTICLE,2026-03-10
L26049,14,V8-NAND-1Tb,P1,1200,1134,94.57,OPEN,2026-03-09
L26049,15,V8-NAND-1Tb,P1,1200,1093,91.15,BRIDGE,2026-03-13
L26049,16,V8-NAND-1Tb,P1,1200,1100,91.72,SCRATCH,2026-03-14
L26049,17,V8-NAND-1Tb,P1,1200,1117,93.15,PARTICLE,2026-03-09
L26049,18,V8-NAND-1Tb,P1,1200,1129,94.12,ETC,2026-03-10
L26049,19,V8-NAND-1Tb,P1,1200,1116,93.04,SCRATCH,2026-03-14
L26049,20,V8-NAND-1Tb,P1,1200,1133,94.42,BRIDGE,2026-03-08
L26049,21,V8-NAND-1Tb,P1,1200,1110,92.51,THIN_FILM,2026-03-12
L26049,22,V8-NAND-1Tb,P1,1200,1102,91.91,BRIDGE,2026-03-12
L26049,23,V8-NAND-1Tb,P1,1200,1124,93.68,MISALIGN,2026-03-08
L26049,24,V8-NAND-1Tb,P1,1200,1113,92.8,PARTICLE,2026-03-05
L26049,25,V8-NAND-1Tb,P1,1200,1118,93.17,THIN_FILM,2026-03-06
L26050,1,LSI-ISOCELL-HP2,H1,1200,1083,90.31,ETC,2026-03-10
L26050,2,LSI-ISOCELL-HP2,H1,1200,1129,94.11,BRIDGE,2026-03-12
L26050,3,LSI-ISOCELL-HP2,H1,1200,1118,93.18,EDGE_CHIP,2026-03-06
L26050,4,LSI-ISOCELL-HP2,H1,1200,1131,94.32,PARTICLE,2026-03-11
L26050,5,LSI-ISOCELL-HP2,H1,1200,1112,92.75,PARTICLE,2026-03-11
L26050,6,LSI-ISOCELL-HP2,H1,1200,1105,92.13,ETC,2026-03-10
L26050,7,LSI-ISOCELL-HP2,H1,1200,1155,96.31,OPEN,2026-03-13
L26050,8,LSI-ISOCELL-HP2,H1,1200,1119,93.31,ETC,2026-03-08
L26050,9,LSI-ISOCELL-HP2,H1,1200,1124,93.7,MISALIGN,2026-03-12
L26050,10,LSI-ISOCELL-HP2,H1,1200,1120,93.34,SCRATCH,2026-03-08
L26050,11,LSI-ISOCELL-HP2,H1,1200,1136,94.69,THIN_FILM,2026-03-09
L26050,12,LSI-ISOCELL-HP2,H1,1200,1151,95.98,PARTICLE,2026-03-12
L26050,13,LSI-ISOCELL-HP2,H1,1200,1130,94.2,BRIDGE,2026-03-11
L26050,14,LSI-ISOCELL-HP2,H1,1200,1122,93.56,MISALIGN,2026-03-11
L26050,15,LSI-ISOCELL-HP2,H1,1200,1125,93.8,THIN_FILM,2026-03-13
L26050,16,LSI-ISOCELL-HP2,H1,1200,1088,90.72,OPEN,2026-03-10
L26050,17,LSI-ISOCELL-HP2,H1,1200,1133,94.47,OPEN,2026-03-07
L26050,18,LSI-ISOCELL-HP2,H1,1200,1101,91.78,MISALIGN,2026-03-13
L26050,19,LSI-ISOCELL-HP2,H1,1200,1109,92.42,MISALIGN,2026-03-13
L26050,20,LSI-ISOCELL-HP2,H1,1200,1122,93.58,BRIDGE,2026-03-05
L26050,21,LSI-ISOCELL-HP2,H1,1200,1163,96.99,BRIDGE,2026-03-09
L26050,22,LSI-ISOCELL-HP2,H1,1200,1108,92.34,OPEN,2026-03-10
L26050,23,LSI-ISOCELL-HP2,H1,1200,1116,93.05,BRIDGE,2026-03-14
L26050,24,LSI-ISOCELL-HP2,H1,1200,1129,94.09,BRIDGE,2026-03-08
L26050,25,LSI-ISOCELL-HP2,H1,1200,1121,93.49,BRIDGE,2026-03-14
L26051,1,LSI-ISOCELL-HP2,H1,1200,1196,99.75,BRIDGE,2026-03-06
L26051,2,LSI-ISOCELL-HP2,H1,1200,1197,99.8,SCRATCH,2026-03-10
L26051,3,LSI-ISOCELL-HP2,H1,1200,1180,98.38,ETC,2026-03-07
L26051,4,LSI-ISOCELL-HP2,H1,1200,1170,97.55,OPEN,2026-03-12
L26051,5,LSI-ISOCELL-HP2,H1,1200,1197,99.8,ETC,2026-03-12
L26051,6,LSI-ISOCELL-HP2,H1,1200,1197,99.8,SCRATCH,2026-03-14
L26051,7,LSI-ISOCELL-HP2,H1,1200,1182,98.51,PARTICLE,2026-03-07
L26051,8,LSI-ISOCELL-HP2,H1,1200,1189,99.1,PARTICLE,2026-03-09
L26051,9,LSI-ISOCELL-HP2,H1,1200,1197,99.8,PARTICLE,2026-03-08
L26051,10,LSI-ISOCELL-HP2,H1,1200,1181,98.44,PARTICLE,2026-03-08
L26051,11,LSI-ISOCELL-HP2,H1,1200,1117,93.08,PARTICLE,2026-03-12
L26051,12,LSI-ISOCELL-HP2,H1,1200,1197,99.8,PARTICLE,2026-03-09
L26051,13,LSI-ISOCELL-HP2,H1,1200,1197,99.8,THIN_FILM,2026-03-08
L26051,14,LSI-ISOCELL-HP2,H1,1200,1197,99.8,PARTICLE,2026-03-10
L26051,15,LSI-ISOCELL-HP2,H1,1200,1180,98.36,EDGE_CHIP,2026-03-14
L26051,16,LSI-ISOCELL-HP2,H1,1200,1197,99.8,PARTICLE,2026-03-11
L26051,17,LSI-ISOCELL-HP2,H1,1200,1190,99.23,OPEN,2026-03-05
L26051,18,LSI-ISOCELL-HP2,H1,1200,1197,99.8,OPEN,2026-03-06
L26051,19,LSI-ISOCELL-HP2,H1,1200,1194,99.52,SCRATCH,2026-03-07
L26051,20,LSI-ISOCELL-HP2,H1,1200,1184,98.71,MISALIGN,2026-03-08
L26051,21,LSI-ISOCELL-HP2,H1,1200,1197,99.8,SCRATCH,2026-03-05
L26051,22,LSI-ISOCELL-HP2,H1,1200,1197,99.8,PARTICLE,2026-03-10
L26051,23,LSI-ISOCELL-HP2,H1,1200,1197,99.8,PARTICLE,2026-03-10
L26051,24,LSI-ISOCELL-HP2,H1,1200,1197,99.8,EDGE_CHIP,2026-03-08
L26051,25,LSI-ISOCELL-HP2,H1,1200,1168,97.4,PARTICLE,2026-03-14
L26052,1,D1B-DDR5-24G,P3,1200,1131,94.32,BRIDGE,2026-03-12
L26052,2,D1B-DDR5-24G,P3,1200,1102,91.9,PARTICLE,2026-03-06
L26052,3,D1B-DDR5-24G,P3,1200,1133,94.43,BRIDGE,2026-03-08
L26052,4,D1B-DDR5-24G,P3,1200,1116,93.07,THIN_FILM,2026-03-08
L26052,5,D1B-DDR5-24G,P3,1200,1140,95.01,PARTICLE,2026-03-14
L26052,6,D1B-DDR5-24G,P3,1200,1116,93.06,SCRATCH,2026-03-14
L26052,7,D1B-DDR5-24G,P3,1200,1132,94.34,EDGE_CHIP,2026-03-12
L26052,8,D1B-DDR5-24G,P3,1200,1100,91.72,SCRATCH,2026-03-11
L26052,9,D1B-DDR5-24G,P3,1200,1136,94.72,OPEN,2026-03-06
L26052,10,D1B-DDR5-24G,P3,1200,1149,95.76,PARTICLE,2026-03-11
L26052,11,D1B-DDR5-24G,P3,1200,1137,94.76,PARTICLE,2026-03-08
L26052,12,D1B-DDR5-24G,P3,1200,1115,92.94,OPEN,2026-03-14
L26052,13,D1B-DDR5-24G,P3,1200,1127,93.97,ETC,2026-03-11
L26052,14,D1B-DDR5-24G,P3,1200,1109,92.5,THIN_FILM,2026-03-05
L26052,15,D1B-DDR5-24G,P3,1200,1102,91.84,BRIDGE,2026-03-10
L26052,16,D1B-DDR5-24G,P3,1200,1150,95.88,BRIDGE,2026-03-10
L26052,17,D1B-DDR5-24G,P3,1200,1139,94.92,OPEN,2026-03-11
L26052,18,D1B-DDR5-24G,P3,1200,1125,93.78,PARTICLE,2026-03-05
L26052,19,D1B-DDR5-24G,P3,1200,1129,94.09,BRIDGE,2026-03-06
L26052,20,D1B-DDR5-24G,P3,1200,1051,87.63,PARTICLE,2026-03-05
L26052,21,D1B-DDR5-24G,P3,1200,1119,93.3,SCRATCH,2026-03-14
L26052,22,D1B-DDR5-24G,P3,1200,1104,92.02,BRIDGE,2026-03-11
L26052,23,D1B-DDR5-24G,P3,1200,1128,94.05,PARTICLE,2026-03-09
L26052,24,D1B-DDR5-24G,P3,1200,1143,95.3,BRIDGE,2026-03-14
L26052,25,D1B-DDR5-24G,P3,1200,1145,95.47,PARTICLE,2026-03-06
L26053,1,V9-NAND-2Tb,P2,1200,1078,89.85,PARTICLE,2026-03-10
L26053,2,V9-NAND-2Tb,P2,1200,1105,92.16,OPEN,2026-03-07
L26053,3,V9-NAND-2Tb,P2,1200,1119,93.28,PARTICLE,2026-03-10
L26053,4,V9-NAND-2Tb,P2,1200,1141,95.1,SCRATCH,2026-03-07
L26053,5,V9-NAND-2Tb,P2,1200,1101,91.78,SCRATCH,2026-03-08
L26053,6,V9-NAND-2Tb,P2,1200,1106,92.18,OPEN,2026-03-10
L26053,7,V9-NAND-2Tb,P2,1200,1123,93.6,PARTICLE,2026-03-06
L26053,8,V9-NAND-2Tb,P2,1200,999,83.27,OPEN,2026-03-07
L26053,9,V9-NAND-2Tb,P2,1200,1116,93.04,MISALIGN,2026-03-12
L26053,10,V9-NAND-2Tb,P2,1200,1108,92.39,THIN_FILM,2026-03-09
L26053,11,V9-NAND-2Tb,P2,1200,1079,89.98,SCRATCH,2026-03-06
L26053,12,V9-NAND-2Tb,P2,1200,1110,92.54,OPEN,2026-03-14
L26053,13,V9-NAND-2Tb,P2,1200,1137,94.8,SCRATCH,2026-03-11
L26053,14,V9-NAND-2Tb,P2,1200,1127,93.92,PARTICLE,2026-03-12
L26053,15,V9-NAND-2Tb,P2,1200,1150,95.86,PARTICLE,2026-03-11
L26053,16,V9-NAND-2Tb,P2,1200,1099,91.63,SCRATCH,2026-03-10
L26053,17,V9-NAND-2Tb,P2,1200,1073,89.49,ETC,2026-03-14
L26053,18,V9-NAND-2Tb,P2,1200,1097,91.49,SCRATCH,2026-03-05
L26053,19,V9-NAND-2Tb,P2,1200,1095,91.29,PARTICLE,2026-03-14
L26053,20,V9-NAND-2Tb,P2,1200,1106,92.21,ETC,2026-03-08
L26053,21,V9-NAND-2Tb,P2,1200,1121,93.48,BRIDGE,2026-03-10
L26053,22,V9-NAND-2Tb,P2,1200,1135,94.6,PARTICLE,2026-03-12
L26053,23,V9-NAND-2Tb,P2,1200,1019,84.97,OPEN,2026-03-09
L26053,24,V9-NAND-2Tb,P2,1200,1089,90.79,THIN_FILM,2026-03-08
L26053,25,V9-NAND-2Tb,P2,1200,1038,86.52,BRIDGE,2026-03-07
L26054,1,LSI-ISOCELL-HP2,P3,1200,1084,90.35,MISALIGN,2026-03-08
L26054,2,LSI-ISOCELL-HP2,P3,1200,1087,90.64,SCRATCH,2026-03-05
L26054,3,LSI-ISOCELL-HP2,P3,1200,1077,89.76,PARTICLE,2026-03-12
L26054,4,LSI-ISOCELL-HP2,P3,1200,1051,87.65,BRIDGE,2026-03-09
L26054,5,LSI-ISOCELL-HP2,P3,1200,1056,88.06,EDGE_CHIP,2026-03-12
L26054,6,LSI-ISOCELL-HP2,P3,1200,1119,93.27,PARTICLE,2026-03-08
L26054,7,LSI-ISOCELL-HP2,P3,1200,1067,88.92,MISALIGN,2026-03-09
L26054,8,LSI-ISOCELL-HP2,P3,1200,1115,92.94,MISALIGN,2026-03-10
L26054,9,LSI-ISOCELL-HP2,P3,1200,1095,91.3,EDGE_CHIP,2026-03-12
L26054,10,LSI-ISOCELL-HP2,P3,1200,998,83.2,EDGE_CHIP,2026-03-07
L26054,11,LSI-ISOCELL-HP2,P3,1200,1077,89.79,PARTICLE,2026-03-05
L26054,12,LSI-ISOCELL-HP2,P3,1200,1048,87.4,SCRATCH,2026-03-12
L26054,13,LSI-ISOCELL-HP2,P3,1200,1065,88.78,SCRATCH,2026-03-06
L26054,14,LSI-ISOCELL-HP2,P3,1200,1054,87.87,BRIDGE,2026-03-09
L26054,15,LSI-ISOCELL-HP2,P3,1200,1076,89.7,MISALIGN,2026-03-11
L26054,16,LSI-ISOCELL-HP2,P3,1200,1085,90.47,PARTICLE,2026-03-07
L26054,17,LSI-ISOCELL-HP2,P3,1200,1078,89.87,EDGE_CHIP,2026-03-10
L26054,18,LSI-ISOCELL-HP2,P3,1200,1080,90.06,OPEN,2026-03-12
L26054,19,LSI-ISOCELL-HP2,P3,1200,1056,88.03,PARTICLE,2026-03-08
L26054,20,LSI-ISOCELL-HP2,P3,1200,1075,89.61,OPEN,2026-03-13
L26054,21,LSI-ISOCELL-HP2,P3,1200,1067,88.95,PARTICLE,2026-03-11
L26054,22,LSI-ISOCELL-HP2,P3,1200,1091,90.94,MISALIGN,2026-03-05
L26054,23,LSI-ISOCELL-HP2,P3,1200,1067,88.99,PARTICLE,2026-03-11
L26054,24,LSI-ISOCELL-HP2,P3,1200,1091,90.96,THIN_FILM,2026-03-07
L26054,25,LSI-ISOCELL-HP2,P3,1200,1033,86.14,BRIDGE,2026-03-07
L26055,1,LSI-ISOCELL-HP2,P3,1200,1090,90.84,MISALIGN,2026-03-10
L26055,2,LSI-ISOCELL-HP2,P3,1200,1143,95.26,SCRATCH,2026-03-05
L26055,3,LSI-ISOCELL-HP2,P3,1200,1118,93.2,OPEN,2026-03-09
L26055,4,LSI-ISOCELL-HP2,P3,1200,1124,93.75,EDGE_CHIP,2026-03-11
L26055,5,LSI-ISOCELL-HP2,P3,1200,1117,93.14,OPEN,2026-03-06
L26055,6,LSI-ISOCELL-HP2,P3,1200,1145,95.47,PARTICLE,2026-03-08
L26055,7,LSI-ISOCELL-HP2,P3,1200,1127,93.94,PARTICLE,2026-03-13
L26055,8,LSI-ISOCELL-HP2,P3,1200,1102,91.9,OPEN,2026-03-05
L26055,9,LSI-ISOCELL-HP2,P3,1200,1094,91.23,BRIDGE,2026-03-08
L26055,10,LSI-ISOCELL-HP2,P3,1200,1091,90.94,MISALIGN,2026-03-09
L26055,11,LSI-ISOCELL-HP2,P3,1200,1112,92.72,BRIDGE,2026-03-05
L26055,12,LSI-ISOCELL-HP2,P3,1200,1080,90.0,PARTICLE,2026-03-13
L26055,13,LSI-ISOCELL-HP2,P3,1200,1163,96.95,THIN_FILM,2026-03-11
L26055,14,LSI-ISOCELL-HP2,P3,1200,1096,91.35,OPEN,2026-03-06
L26055,15,LSI-ISOCELL-HP2,P3,1200,1102,91.84,PARTICLE,2026-03-10
L26055,16,LSI-ISOCELL-HP2,P3,1200,1143,95.28,BRIDGE,2026-03-10
L26055,17,LSI-ISOCELL-HP2,P3,1200,1114,92.92,SCRATCH,2026-03-14
L26055,18,LSI-ISOCELL-HP2,P3,1200,1129,94.14,THIN_FILM,2026-03-14
L26055,19,LSI-ISOCELL-HP2,P3,1200,1141,95.13,MISALIGN,2026-03-05
L26055,20,LSI-ISOCELL-HP2,P3,1200,1127,93.97,PARTICLE,2026-03-12
L26055,21,LSI-ISOCELL-HP2,P3,1200,1116,93.07,SCRATCH,2026-03-10
L26055,22,LSI-ISOCELL-HP2,P3,1200,1086,90.54,BRIDGE,2026-03-13
L26055,23,LSI-ISOCELL-HP2,P3,1200,1121,93.5,EDGE_CHIP,2026-03-06
L26055,24,LSI-ISOCELL-HP2,P3,1200,1102,91.86,SCRATCH,2026-03-06
L26055,25,LSI-ISOCELL-HP2,P3,1200,1090,90.84,PARTICLE,2026-03-12
L26056,1,LSI-ISOCELL-HP2,P1,1200,1115,92.98,BRIDGE,2026-03-05
L26056,2,LSI-ISOCELL-HP2,P1,1200,1101,91.78,THIN_FILM,2026-03-08
L26056,3,LSI-ISOCELL-HP2,P1,1200,1150,95.86,EDGE_CHIP,2026-03-14
L26056,4,LSI-ISOCELL-HP2,P1,1200,1111,92.64,BRIDGE,2026-03-07
L26056,5,LSI-ISOCELL-HP2,P1,1200,1118,93.24,OPEN,2026-03-13
L26056,6,LSI-ISOCELL-HP2,P1,1200,1106,92.19,PARTICLE,2026-03-13
L26056,7,LSI-ISOCELL-HP2,P1,1200,1113,92.82,SCRATCH,2026-03-14
L26056,8,LSI-ISOCELL-HP2,P1,1200,1133,94.42,ETC,2026-03-08
L26056,9,LSI-ISOCELL-HP2,P1,1200,1126,93.89,OPEN,2026-03-05
L26056,10,LSI-ISOCELL-HP2,P1,1200,1108,92.42,OPEN,2026-03-06
L26056,11,LSI-ISOCELL-HP2,P1,1200,1127,93.94,PARTICLE,2026-03-07
L26056,12,LSI-ISOCELL-HP2,P1,1200,1133,94.42,BRIDGE,2026-03-11
L26056,13,LSI-ISOCELL-HP2,P1,1200,1104,92.01,THIN_FILM,2026-03-10
L26056,14,LSI-ISOCELL-HP2,P1,1200,1129,94.15,MISALIGN,2026-03-08
L26056,15,LSI-ISOCELL-HP2,P1,1200,1114,92.87,MISALIGN,2026-03-14
L26056,16,LSI-ISOCELL-HP2,P1,1200,1095,91.33,SCRATCH,2026-03-12
L26056,17,LSI-ISOCELL-HP2,P1,1200,1114,92.85,PARTICLE,2026-03-14
L26056,18,LSI-ISOCELL-HP2,P1,1200,1109,92.43,BRIDGE,2026-03-08
L26056,19,LSI-ISOCELL-HP2,P1,1200,1129,94.16,MISALIGN,2026-03-13
L26056,20,LSI-ISOCELL-HP2,P1,1200,1107,92.31,BRIDGE,2026-03-10
L26056,21,LSI-ISOCELL-HP2,P1,1200,1114,92.86,SCRATCH,2026-03-11
L26056,22,LSI-ISOCELL-HP2,P1,1200,1110,92.52,ETC,2026-03-13
L26056,23,LSI-ISOCELL-HP2,P1,1200,1116,93.02,OPEN,2026-03-06
L26056,24,LSI-ISOCELL-HP2,P1,1200,1136,94.72,THIN_FILM,2026-03-06
L26056,25,LSI-ISOCELL-HP2,P1,1200,1112,92.7,SCRATCH,2026-03-14
L26057,1,D1Z-DDR5-16G,P3,1200,1125,93.75,ETC,2026-03-09
L26057,2,D1Z-DDR5-16G,P3,1200,1121,93.42,OPEN,2026-03-08
L26057,3,D1Z-DDR5-16G,P3,1200,1153,96.09,EDGE_CHIP,2026-03-07
L26057,4,D1Z-DDR5-16G,P3,1200,1129,94.15,OPEN,2026-03-14
L26057,5,D1Z-DDR5-16G,P3,1200,1138,94.85,MISALIGN,2026-03-06
L26057,6,D1Z-DDR5-16G,P3,1200,1145,95.44,OPEN,2026-03-10
L26057,7,D1Z-DDR5-16G,P3,1200,1134,94.53,PARTICLE,2026-03-05
L26057,8,D1Z-DDR5-16G,P3,1200,1025,85.49,THIN_FILM,2026-03-06
L26057,9,D1Z-DDR5-16G,P3,1200,1140,95.06,EDGE_CHIP,2026-03-10
L26057,10,D1Z-DDR5-16G,P3,1200,1118,93.2,OPEN,2026-03-11
L26057,11,D1Z-DDR5-16G,P3,1200,1110,92.58,OPEN,2026-03-13
L26057,12,D1Z-DDR5-16G,P3,1200,1128,94.07,MISALIGN,2026-03-09
L26057,13,D1Z-DDR5-16G,P3,1200,1158,96.57,EDGE_CHIP,2026-03-07
L26057,14,D1Z-DDR5-16G,P3,1200,1115,92.97,PARTICLE,2026-03-06
L26057,15,D1Z-DDR5-16G,P3,1200,1159,96.62,PARTICLE,2026-03-14
L26057,16,D1Z-DDR5-16G,P3,1200,1176,98.06,SCRATCH,2026-03-06
L26057,17,D1Z-DDR5-16G,P3,1200,1137,94.77,MISALIGN,2026-03-06
L26057,18,D1Z-DDR5-16G,P3,1200,1133,94.47,PARTICLE,2026-03-11
L26057,19,D1Z-DDR5-16G,P3,1200,1127,93.94,OPEN,2026-03-06
L26057,20,D1Z-DDR5-16G,P3,1200,1096,91.34,OPEN,2026-03-11
L26057,21,D1Z-DDR5-16G,P3,1200,1087,90.62,BRIDGE,2026-03-14
L26057,22,D1Z-DDR5-16G,P3,1200,1189,99.15,BRIDGE,2026-03-07
L26057,23,D1Z-DDR5-16G,P3,1200,1147,95.66,OPEN,2026-03-06
L26057,24,D1Z-DDR5-16G,P3,1200,1106,92.2,PARTICLE,2026-03-13
L26057,25,D1Z-DDR5-16G,P3,1200,1146,95.58,BRIDGE,2026-03-05
L26058,1,V8-NAND-1Tb,P3,1200,1151,95.92,SCRATCH,2026-03-09
L26058,2,V8-NAND-1Tb,P3,1200,1182,98.53,THIN_FILM,2026-03-11
L26058,3,V8-NAND-1Tb,P3,1200,1183,98.66,MISALIGN,2026-03-09
L26058,4,V8-NAND-1Tb,P3,1200,1144,95.41,SCRATCH,2026-03-05
L26058,5,V8-NAND-1Tb,P3,1200,1133,94.49,PARTICLE,2026-03-13
L26058,6,V8-NAND-1Tb,P3,1200,1158,96.52,BRIDGE,2026-03-10
L26058,7,V8-NAND-1Tb,P3,1200,1166,97.19,PARTICLE,2026-03-12
L26058,8,V8-NAND-1Tb,P3,1200,1170,97.57,BRIDGE,2026-03-13
L26058,9,V8-NAND-1Tb,P3,1200,1162,96.88,PARTICLE,2026-03-12
L26058,10,V8-NAND-1Tb,P3,1200,1177,98.16,BRIDGE,2026-03-14
L26058,11,V8-NAND-1Tb,P3,1200,1174,97.84,OPEN,2026-03-11
L26058,12,V8-NAND-1Tb,P3,1200,1191,99.26,BRIDGE,2026-03-07
L26058,13,V8-NAND-1Tb,P3,1200,1183,98.58,MISALIGN,2026-03-09
L26058,14,V8-NAND-1Tb,P3,1200,1157,96.46,ETC,2026-03-13
L26058,15,V8-NAND-1Tb,P3,1200,1152,96.03,OPEN,2026-03-10
L26058,16,V8-NAND-1Tb,P3,1200,1132,94.39,MISALIGN,2026-03-09
L26058,17,V8-NAND-1Tb,P3,1200,1151,95.97,OPEN,2026-03-07
L26058,18,V8-NAND-1Tb,P3,1200,1172,97.67,SCRATCH,2026-03-12
L26058,19,V8-NAND-1Tb,P3,1200,1181,98.45,BRIDGE,2026-03-08
L26058,20,V8-NAND-1Tb,P3,1200,1167,97.29,PARTICLE,2026-03-06
L26058,21,V8-NAND-1Tb,P3,1200,1148,95.75,SCRATCH,2026-03-11
L26058,22,V8-NAND-1Tb,P3,1200,1148,95.71,EDGE_CHIP,2026-03-07
L26058,23,V8-NAND-1Tb,P3,1200,1162,96.88,SCRATCH,2026-03-06
L26058,24,V8-NAND-1Tb,P3,1200,1187,98.97,PARTICLE,2026-03-11
L26058,25,V8-NAND-1Tb,P3,1200,1185,98.79,OPEN,2026-03-06
L26059,1,D1B-DDR5-24G,P2,1200,1110,92.51,OPEN,2026-03-13
L26059,2,D1B-DDR5-24G,P2,1200,1112,92.75,BRIDGE,2026-03-13
L26059,3,D1B-DDR5-24G,P2,1200,1116,93.03,THIN_FILM,2026-03-09
L26059,4,D1B-DDR5-24G,P2,1200,1146,95.56,PARTICLE,2026-03-05
L26059,5,D1B-DDR5-24G,P2,1200,1157,96.47,PARTICLE,2026-03-08
L26059,6,D1B-DDR5-24G,P2,1200,1133,94.46,SCRATCH,2026-03-13
L26059,7,D1B-DDR5-24G,P2,1200,1083,90.32,ETC,2026-03-13
L26059,8,D1B-DDR5-24G,P2,1200,1119,93.32,MISALIGN,2026-03-11
L26059,9,D1B-DDR5-24G,P2,1200,1134,94.56,THIN_FILM,2026-03-05
L26059,10,D1B-DDR5-24G,P2,1200,1117,93.11,OPEN,2026-03-05
L26059,11,D1B-DDR5-24G,P2,1200,1154,96.19,PARTICLE,2026-03-11
L26059,12,D1B-DDR5-24G,P2,1200,1139,94.98,PARTICLE,2026-03-09
L26059,13,D1B-DDR5-24G,P2,1200,1111,92.62,PARTICLE,2026-03-10
L26059,14,D1B-DDR5-24G,P2,1200,1137,94.82,EDGE_CHIP,2026-03-09
L26059,15,D1B-DDR5-24G,P2,1200,1145,95.47,EDGE_CHIP,2026-03-14
L26059,16,D1B-DDR5-24G,P2,1200,1150,95.84,SCRATCH,2026-03-07
L26059,17,D1B-DDR5-24G,P2,1200,1119,93.29,MISALIGN,2026-03-14
L26059,18,D1B-DDR5-24G,P2,1200,1122,93.51,THIN_FILM,2026-03-05
L26059,19,D1B-DDR5-24G,P2,1200,1130,94.22,ETC,2026-03-13
L26059,20,D1B-DDR5-24G,P2,1200,1134,94.5,THIN_FILM,2026-03-09
L26059,21,D1B-DDR5-24G,P2,1200,1099,91.61,PARTICLE,2026-03-05
L26059,22,D1B-DDR5-24G,P2,1200,1135,94.61,SCRATCH,2026-03-08
L26059,23,D1B-DDR5-24G,P2,1200,1163,96.97,OPEN,2026-03-07
L26059,24,D1B-DDR5-24G,P2,1200,1101,91.82,OPEN,2026-03-07
L26059,25,D1B-DDR5-24G,P2,1200,1115,92.96,PARTICLE,2026-03-12
L26060,1,D1B-DDR5-24G,P1,1200,1163,96.99,OPEN,2026-03-09
L26060,2,D1B-DDR5-24G,P1,1200,1177,98.14,PARTICLE,2026-03-08
L26060,3,D1B-DDR5-24G,P1,1200,1151,95.96,THIN_FILM,2026-03-10
L26060,4,D1B-DDR5-24G,P1,1200,1147,95.62,BRIDGE,2026-03-09
L26060,5,D1B-DDR5-24G,P1,1200,1154,96.22,SCRATCH,2026-03-07
L26060,6,D1B-DDR5-24G,P1,1200,1139,94.99,PARTICLE,2026-03-12
L26060,7,D1B-DDR5-24G,P1,1200,1140,95.03,PARTICLE,2026-03-12
L26060,8,D1B-DDR5-24G,P1,1200,1194,99.52,SCRATCH,2026-03-10
L26060,9,D1B-DDR5-24G,P1,1200,1177,98.14,EDGE_CHIP,2026-03-13
L26060,10,D1B-DDR5-24G,P1,1200,1154,96.25,BRIDGE,2026-03-07
L26060,11,D1B-DDR5-24G,P1,1200,1193,99.44,BRIDGE,2026-03-14
L26060,12,D1B-DDR5-24G,P1,1200,1144,95.39,OPEN,2026-03-09
L26060,13,D1B-DDR5-24G,P1,1200,1139,94.95,EDGE_CHIP,2026-03-14
L26060,14,D1B-DDR5-24G,P1,1200,1165,97.13,BRIDGE,2026-03-14
L26060,15,D1B-DDR5-24G,P1,1200,1163,96.95,BRIDGE,2026-03-13
L26060,16,D1B-DDR5-24G,P1,1200,1149,95.75,SCRATCH,2026-03-06
L26060,17,D1B-DDR5-24G,P1,1200,1173,97.77,SCRATCH,2026-03-05
L26060,18,D1B-DDR5-24G,P1,1200,1123,93.65,SCRATCH,2026-03-05
L26060,19,D1B-DDR5-24G,P1,1200,1171,97.65,ETC,2026-03-05
L26060,20,D1B-DDR5-24G,P1,1200,1181,98.42,OPEN,2026-03-06
L26060,21,D1B-DDR5-24G,P1,1200,1171,97.65,MISALIGN,2026-03-05
L26060,22,D1B-DDR5-24G,P1,1200,1150,95.84,OPEN,2026-03-09
L26060,23,D1B-DDR5-24G,P1,1200,1172,97.71,BRIDGE,2026-03-14
L26060,24,D1B-DDR5-24G,P1,1200,1129,94.12,ETC,2026-03-07
L26060,25,D1B-DDR5-24G,P1,1200,1169,97.47,THIN_FILM,2026-03-13
L26061,1,D1B-DDR5-24G,P1,1200,1101,91.76,SCRATCH,2026-03-06
L26061,2,D1B-DDR5-24G,P1,1200,1076,89.7,BRIDGE,2026-03-10
L26061,3,D1B-DDR5-24G,P1,1200,1118,93.23,EDGE_CHIP,2026-03-14
L26061,4,D1B-DDR5-24G,P1,1200,1137,94.76,PARTICLE,2026-03-06
L26061,5,D1B-DDR5-24G,P1,1200,1095,91.28,THIN_FILM,2026-03-09
L26061,6,D1B-DDR5-24G,P1,1200,1075,89.66,PARTICLE,2026-03-13
L26061,7,D1B-DDR5-24G,P1,1200,1066,88.88,EDGE_CHIP,2026-03-11
L26061,8,D1B-DDR5-24G,P1,1200,1099,91.59,PARTICLE,2026-03-07
L26061,9,D1B-DDR5-24G,P1,1200,1109,92.45,PARTICLE,2026-03-14
L26061,10,D1B-DDR5-24G,P1,1200,1083,90.27,PARTICLE,2026-03-14
L26061,11,D1B-DDR5-24G,P1,1200,1069,89.1,EDGE_CHIP,2026-03-13
L26061,12,D1B-DDR5-24G,P1,1200,1108,92.38,PARTICLE,2026-03-08
L26061,13,D1B-DDR5-24G,P1,1200,1103,91.97,OPEN,2026-03-06
L26061,14,D1B-DDR5-24G,P1,1200,1094,91.22,OPEN,2026-03-06
L26061,15,D1B-DDR5-24G,P1,1200,1111,92.65,PARTICLE,2026-03-11
L26061,16,D1B-DDR5-24G,P1,1200,1111,92.66,SCRATCH,2026-03-07
L26061,17,D1B-DDR5-24G,P1,1200,1110,92.57,THIN_FILM,2026-03-05
L26061,18,D1B-DDR5-24G,P1,1200,1091,90.93,PARTICLE,2026-03-11
L26061,19,D1B-DDR5-24G,P1,1200,1057,88.15,PARTICLE,2026-03-07
L26061,20,D1B-DDR5-24G,P1,1200,1120,93.37,OPEN,2026-03-05
L26061,21,D1B-DDR5-24G,P1,1200,1102,91.91,OPEN,2026-03-05
L26061,22,D1B-DDR5-24G,P1,1200,1088,90.74,EDGE_CHIP,2026-03-14
L26061,23,D1B-DDR5-24G,P1,1200,1096,91.34,BRIDGE,2026-03-07
L26061,24,D1B-DDR5-24G,P1,1200,1040,86.71,ETC,2026-03-09
L26061,25,D1B-DDR5-24G,P1,1200,1134,94.51,OPEN,2026-03-08
L26062,1,LSI-ISOCELL-HP2,P2,1200,1170,97.57,PARTICLE,2026-03-08
L26062,2,LSI-ISOCELL-HP2,P2,1200,1152,96.01,BRIDGE,2026-03-10
L26062,3,LSI-ISOCELL-HP2,P2,1200,1145,95.48,ETC,2026-03-10
L26062,4,LSI-ISOCELL-HP2,P2,1200,1144,95.36,EDGE_CHIP,2026-03-12
L26062,5,LSI-ISOCELL-HP2,P2,1200,1145,95.45,PARTICLE,2026-03-10
L26062,6,LSI-ISOCELL-HP2,P2,1200,1166,97.18,PARTICLE,2026-03-05
L26062,7,LSI-ISOCELL-HP2,P2,1200,1132,94.37,THIN_FILM,2026-03-09
L26062,8,LSI-ISOCELL-HP2,P2,1200,1174,97.87,BRIDGE,2026-03-07
L26062,9,LSI-ISOCELL-HP2,P2,1200,1148,95.73,BRIDGE,2026-03-13
L26062,10,LSI-ISOCELL-HP2,P2,1200,1144,95.41,MISALIGN,2026-03-10
L26062,11,LSI-ISOCELL-HP2,P2,1200,1174,97.89,PARTICLE,2026-03-13
L26062,12,LSI-ISOCELL-HP2,P2,1200,1158,96.53,PARTICLE,2026-03-12
L26062,13,LSI-ISOCELL-HP2,P2,1200,1085,90.44,PARTICLE,2026-03-09
L26062,14,LSI-ISOCELL-HP2,P2,1200,1141,95.15,PARTICLE,2026-03-14
L26062,15,LSI-ISOCELL-HP2,P2,1200,1157,96.44,BRIDGE,2026-03-10
L26062,16,LSI-ISOCELL-HP2,P2,1200,1169,97.5,OPEN,2026-03-07
L26062,17,LSI-ISOCELL-HP2,P2,1200,1185,98.81,PARTICLE,2026-03-08
L26062,18,LSI-ISOCELL-HP2,P2,1200,1153,96.12,PARTICLE,2026-03-08
L26062,19,LSI-ISOCELL-HP2,P2,1200,1164,97.06,SCRATCH,2026-03-13
L26062,20,LSI-ISOCELL-HP2,P2,1200,1169,97.43,OPEN,2026-03-05
L26062,21,LSI-ISOCELL-HP2,P2,1200,1154,96.22,EDGE_CHIP,2026-03-07
L26062,22,LSI-ISOCELL-HP2,P2,1200,1181,98.49,BRIDGE,2026-03-09
L26062,23,LSI-ISOCELL-HP2,P2,1200,1121,93.45,SCRATCH,2026-03-07
L26062,24,LSI-ISOCELL-HP2,P2,1200,1158,96.56,BRIDGE,2026-03-07
L26062,25,LSI-ISOCELL-HP2,P2,1200,1079,89.94,PARTICLE,2026-03-13
L26063,1,LSI-ISOCELL-HP2,P2,1200,1182,98.53,ETC,2026-03-14
L26063,2,LSI-ISOCELL-HP2,P2,1200,1141,95.14,BRIDGE,2026-03-13
L26063,3,LSI-ISOCELL-HP2,P2,1200,1145,95.44,SCRATCH,2026-03-14
L26063,4,LSI-ISOCELL-HP2,P2,1200,1179,98.32,THIN_FILM,2026-03-14
L26063,5,LSI-ISOCELL-HP2,P2,1200,1165,97.13,PARTICLE,2026-03-14
L26063,6,LSI-ISOCELL-HP2,P2,1200,1187,98.93,PARTICLE,2026-03-09
L26063,7,LSI-ISOCELL-HP2,P2,1200,1184,98.71,EDGE_CHIP,2026-03-12
L26063,8,LSI-ISOCELL-HP2,P2,1200,1174,97.88,PARTICLE,2026-03-12
L26063,9,LSI-ISOCELL-HP2,P2,1200,1101,91.81,BRIDGE,2026-03-09
L26063,10,LSI-ISOCELL-HP2,P2,1200,1145,95.48,EDGE_CHIP,2026-03-13
L26063,11,LSI-ISOCELL-HP2,P2,1200,1129,94.12,THIN_FILM,2026-03-06
L26063,12,LSI-ISOCELL-HP2,P2,1200,1079,89.97,EDGE_CHIP,2026-03-14
L26063,13,LSI-ISOCELL-HP2,P2,1200,1050,87.51,EDGE_CHIP,2026-03-05
L26063,14,LSI-ISOCELL-HP2,P2,1200,1197,99.8,SCRATCH,2026-03-10
L26063,15,LSI-ISOCELL-HP2,P2,1200,1154,96.2,BRIDGE,2026-03-05
L26063,16,LSI-ISOCELL-HP2,P2,1200,1118,93.17,SCRATCH,2026-03-05
L26063,17,LSI-ISOCELL-HP2,P2,1200,1154,96.25,BRIDGE,2026-03-09
L26063,18,LSI-ISOCELL-HP2,P2,1200,1116,93.03,PARTICLE,2026-03-05
L26063,19,LSI-ISOCELL-HP2,P2,1200,1158,96.56,THIN_FILM,2026-03-11
L26063,20,LSI-ISOCELL-HP2,P2,1200,1126,93.91,PARTICLE,2026-03-11
L26063,21,LSI-ISOCELL-HP2,P2,1200,1137,94.78,THIN_FILM,2026-03-07
L26063,22,LSI-ISOCELL-HP2,P2,1200,1173,97.8,PARTICLE,2026-03-10
L26063,23,LSI-ISOCELL-HP2,P2,1200,1127,93.97,PARTICLE,2026-03-05
L26063,24,LSI-ISOCELL-HP2,P2,1200,1197,99.8,BRIDGE,2026-03-10
L26063,25,LSI-ISOCELL-HP2,P2,1200,1146,95.53,EDGE_CHIP,2026-03-05
L26064,1,V8-NAND-1Tb,P1,1200,1099,91.59,BRIDGE,2026-03-05
L26064,2,V8-NAND-1Tb,P1,1200,1081,90.09,BRIDGE,2026-03-11
L26064,3,V8-NAND-1Tb,P1,1200,1092,91.04,ETC,2026-03-12
L26064,4,V8-NAND-1Tb,P1,1200,1092,91.03,PARTICLE,2026-03-05
L26064,5,V8-NAND-1Tb,P1,1200,1099,91.63,EDGE_CHIP,2026-03-09
L26064,6,V8-NAND-1Tb,P1,1200,1061,88.46,THIN_FILM,2026-03-08
L26064,7,V8-NAND-1Tb,P1,1200,1066,88.89,PARTICLE,2026-03-05
L26064,8,V8-NAND-1Tb,P1,1200,1102,91.87,MISALIGN,2026-03-05
L26064,9,V8-NAND-1Tb,P1,1200,1037,86.45,PARTICLE,2026-03-12
L26064,10,V8-NAND-1Tb,P1,1200,1064,88.75,BRIDGE,2026-03-12
L26064,11,V8-NAND-1Tb,P1,1200,1081,90.14,BRIDGE,2026-03-12
L26064,12,V8-NAND-1Tb,P1,1200,1077,89.78,PARTICLE,2026-03-07
L26064,13,V8-NAND-1Tb,P1,1200,1096,91.36,BRIDGE,2026-03-11
L26064,14,V8-NAND-1Tb,P1,1200,1070,89.18,PARTICLE,2026-03-05
L26064,15,V8-NAND-1Tb,P1,1200,1071,89.31,PARTICLE,2026-03-07
L26064,16,V8-NAND-1Tb,P1,1200,1114,92.89,OPEN,2026-03-09
L26064,17,V8-NAND-1Tb,P1,1200,1081,90.11,MISALIGN,2026-03-12
L26064,18,V8-NAND-1Tb,P1,1200,1101,91.78,BRIDGE,2026-03-07
L26064,19,V8-NAND-1Tb,P1,1200,1113,92.82,PARTICLE,2026-03-11
L26064,20,V8-NAND-1Tb,P1,1200,1084,90.36,OPEN,2026-03-09
L26064,21,V8-NAND-1Tb,P1,1200,1118,93.23,BRIDGE,2026-03-12
L26064,22,V8-NAND-1Tb,P1,1200,1099,91.59,BRIDGE,2026-03-11
L26064,23,V8-NAND-1Tb,P1,1200,1069,89.16,OPEN,2026-03-11
L26064,24,V8-NAND-1Tb,P1,1200,1082,90.19,PARTICLE,2026-03-12
L26064,25,V8-NAND-1Tb,P1,1200,1090,90.84,SCRATCH,2026-03-12
L26065,1,LSI-ISOCELL-HP2,P2,1200,1146,95.57,ETC,2026-03-07
L26065,2,LSI-ISOCELL-HP2,P2,1200,1178,98.24,PARTICLE,2026-03-07
L26065,3,LSI-ISOCELL-HP2,P2,1200,1187,98.93,SCRATCH,2026-03-14
L26065,4,LSI-ISOCELL-HP2,P2,1200,1159,96.66,THIN_FILM,2026-03-13
L26065,5,LSI-ISOCELL-HP2,P2,1200,1197,99.8,EDGE_CHIP,2026-03-09
L26065,6,LSI-ISOCELL-HP2,P2,1200,1163,96.98,BRIDGE,2026-03-10
L26065,7,LSI-ISOCELL-HP2,P2,1200,1151,95.97,SCRATCH,2026-03-14
L26065,8,LSI-ISOCELL-HP2,P2,1200,1184,98.68,SCRATCH,2026-03-14
L26065,9,LSI-ISOCELL-HP2,P2,1200,1157,96.49,BRIDGE,2026-03-12
L26065,10,LSI-ISOCELL-HP2,P2,1200,1176,98.06,OPEN,2026-03-05
L26065,11,LSI-ISOCELL-HP2,P2,1200,1142,95.22,OPEN,2026-03-14
L26065,12,LSI-ISOCELL-HP2,P2,1200,1193,99.42,PARTICLE,2026-03-05
L26065,13,LSI-ISOCELL-HP2,P2,1200,1187,98.98,PARTICLE,2026-03-14
L26065,14,LSI-ISOCELL-HP2,P2,1200,1155,96.27,THIN_FILM,2026-03-10
L26065,15,LSI-ISOCELL-HP2,P2,1200,1112,92.68,SCRATCH,2026-03-09
L26065,16,LSI-ISOCELL-HP2,P2,1200,1141,95.15,MISALIGN,2026-03-10
L26065,17,LSI-ISOCELL-HP2,P2,1200,1197,99.8,SCRATCH,2026-03-12
L26065,18,LSI-ISOCELL-HP2,P2,1200,1074,89.52,PARTICLE,2026-03-13
L26065,19,LSI-ISOCELL-HP2,P2,1200,1152,96.06,PARTICLE,2026-03-14
L26065,20,LSI-ISOCELL-HP2,P2,1200,1195,99.62,BRIDGE,2026-03-05
L26065,21,LSI-ISOCELL-HP2,P2,1200,1174,97.87,PARTICLE,2026-03-07
L26065,22,LSI-ISOCELL-HP2,P2,1200,1191,99.3,BRIDGE,2026-03-14
L26065,23,LSI-ISOCELL-HP2,P2,1200,1173,97.8,BRIDGE,2026-03-09
L26065,24,LSI-ISOCELL-HP2,P2,1200,1172,97.72,BRIDGE,2026-03-05
L26065,25,LSI-ISOCELL-HP2,P2,1200,1185,98.78,THIN_FILM,2026-03-05
L26066,1,D1B-DDR5-24G,H1,1200,1100,91.68,PARTICLE,2026-03-08
L26066,2,D1B-DDR5-24G,H1,1200,1088,90.69,THIN_FILM,2026-03-05
L26066,3,D1B-DDR5-24G,H1,1200,1122,93.53,PARTICLE,2026-03-11
L26066,4,D1B-DDR5-24G,H1,1200,1114,92.85,BRIDGE,2026-03-07
L26066,5,D1B-DDR5-24G,H1,1200,1134,94.56,SCRATCH,2026-03-10
L26066,6,D1B-DDR5-24G,H1,1200,1136,94.69,PARTICLE,2026-03-10
L26066,7,D1B-DDR5-24G,H1,1200,1120,93.36,MISALIGN,2026-03-09
L26066,8,D1B-DDR5-24G,H1,1200,1089,90.81,PARTICLE,2026-03-06
L26066,9,D1B-DDR5-24G,H1,1200,1109,92.46,OPEN,2026-03-14
L26066,10,D1B-DDR5-24G,H1,1200,1114,92.91,SCRATCH,2026-03-13
L26066,11,D1B-DDR5-24G,H1,1200,1119,93.27,SCRATCH,2026-03-08
L26066,12,D1B-DDR5-24G,H1,1200,1121,93.42,MISALIGN,2026-03-14
L26066,13,D1B-DDR5-24G,H1,1200,1117,93.13,PARTICLE,2026-03-13
L26066,14,D1B-DDR5-24G,H1,1200,1113,92.77,OPEN,2026-03-14
L26066,15,D1B-DDR5-24G,H1,1200,1138,94.9,EDGE_CHIP,2026-03-13
L26066,16,D1B-DDR5-24G,H1,1200,1096,91.35,PARTICLE,2026-03-12
L26066,17,D1B-DDR5-24G,H1,1200,1075,89.6,MISALIGN,2026-03-11
L26066,18,D1B-DDR5-24G,H1,1200,1124,93.68,EDGE_CHIP,2026-03-07
L26066,19,D1B-DDR5-24G,H1,1200,1108,92.37,BRIDGE,2026-03-09
L26066,20,D1B-DDR5-24G,H1,1200,1090,90.91,BRIDGE,2026-03-13
L26066,21,D1B-DDR5-24G,H1,1200,1077,89.76,PARTICLE,2026-03-11
L26066,22,D1B-DDR5-24G,H1,1200,1119,93.3,PARTICLE,2026-03-06
L26066,23,D1B-DDR5-24G,H1,1200,1104,92.07,THIN_FILM,2026-03-07
L26066,24,D1B-DDR5-24G,H1,1200,1154,96.23,EDGE_CHIP,2026-03-07
L26066,25,D1B-DDR5-24G,H1,1200,1111,92.58,PARTICLE,2026-03-09
L26067,1,V8-NAND-1Tb,P1,1200,1174,97.89,OPEN,2026-03-13
L26067,2,V8-NAND-1Tb,P1,1200,1158,96.58,OPEN,2026-03-06
L26067,3,V8-NAND-1Tb,P1,1200,1163,96.97,ETC,2026-03-06
L26067,4,V8-NAND-1Tb,P1,1200,1146,95.53,BRIDGE,2026-03-13
L26067,5,V8-NAND-1Tb,P1,1200,1100,91.68,MISALIGN,2026-03-11
L26067,6,V8-NAND-1Tb,P1,1200,1147,95.62,BRIDGE,2026-03-07
L26067,7,V8-NAND-1Tb,P1,1200,1148,95.7,ETC,2026-03-07
L26067,8,V8-NAND-1Tb,P1,1200,1153,96.1,ETC,2026-03-06
L26067,9,V8-NAND-1Tb,P1,1200,1167,97.29,EDGE_CHIP,2026-03-10
L26067,10,V8-NAND-1Tb,P1,1200,1085,90.43,ETC,2026-03-14
L26067,11,V8-NAND-1Tb,P1,1200,1117,93.15,THIN_FILM,2026-03-05
L26067,12,V8-NAND-1Tb,P1,1200,1103,91.92,SCRATCH,2026-03-06
L26067,13,V8-NAND-1Tb,P1,1200,1151,95.98,EDGE_CHIP,2026-03-08
L26067,14,V8-NAND-1Tb,P1,1200,1156,96.38,SCRATCH,2026-03-11
L26067,15,V8-NAND-1Tb,P1,1200,1128,94.07,ETC,2026-03-10
L26067,16,V8-NAND-1Tb,P1,1200,1131,94.28,SCRATCH,2026-03-06
L26067,17,V8-NAND-1Tb,P1,1200,1122,93.51,PARTICLE,2026-03-09
L26067,18,V8-NAND-1Tb,P1,1200,1114,92.91,EDGE_CHIP,2026-03-06
L26067,19,V8-NAND-1Tb,P1,1200,1019,84.95,BRIDGE,2026-03-09
L26067,20,V8-NAND-1Tb,P1,1200,1121,93.48,PARTICLE,2026-03-13
L26067,21,V8-NAND-1Tb,P1,1200,1116,93.0,ETC,2026-03-08
L26067,22,V8-NAND-1Tb,P1,1200,1098,91.57,PARTICLE,2026-03-05
L26067,23,V8-NAND-1Tb,P1,1200,1151,96.0,BRIDGE,2026-03-13
L26067,24,V8-NAND-1Tb,P1,1200,1126,93.87,SCRATCH,2026-03-05
L26067,25,V8-NAND-1Tb,P1,1200,1149,95.78,PARTICLE,2026-03-05
L26068,1,V9-NAND-2Tb,P2,1200,1168,97.34,PARTICLE,2026-03-14
L26068,2,V9-NAND-2Tb,P2,1200,1137,94.76,OPEN,2026-03-14
L26068,3,V9-NAND-2Tb,P2,1200,1117,93.12,PARTICLE,2026-03-08
L26068,4,V9-NAND-2Tb,P2,1200,1121,93.43,PARTICLE,2026-03-05
L26068,5,V9-NAND-2Tb,P2,1200,1138,94.85,MISALIGN,2026-03-10
L26068,6,V9-NAND-2Tb,P2,1200,1118,93.18,MISALIGN,2026-03-06
L26068,7,V9-NAND-2Tb,P2,1200,1146,95.51,BRIDGE,2026-03-14
L26068,8,V9-NAND-2Tb,P2,1200,1151,95.94,PARTICLE,2026-03-10
L26068,9,V9-NAND-2Tb,P2,1200,1098,91.5,THIN_FILM,2026-03-14
L26068,10,V9-NAND-2Tb,P2,1200,1105,92.08,MISALIGN,2026-03-06
L26068,11,V9-NAND-2Tb,P2,1200,1133,94.48,OPEN,2026-03-07
L26068,12,V9-NAND-2Tb,P2,1200,1146,95.58,PARTICLE,2026-03-13
L26068,13,V9-NAND-2Tb,P2,1200,1126,93.87,BRIDGE,2026-03-14
L26068,14,V9-NAND-2Tb,P2,1200,1134,94.58,PARTICLE,2026-03-11
L26068,15,V9-NAND-2Tb,P2,1200,1110,92.55,PARTICLE,2026-03-12
L26068,16,V9-NAND-2Tb,P2,1200,1099,91.63,BRIDGE,2026-03-10
L26068,17,V9-NAND-2Tb,P2,1200,1117,93.13,ETC,2026-03-11
L26068,18,V9-NAND-2Tb,P2,1200,1131,94.32,PARTICLE,2026-03-14
L26068,19,V9-NAND-2Tb,P2,1200,1126,93.88,PARTICLE,2026-03-14
L26068,20,V9-NAND-2Tb,P2,1200,1115,92.96,MISALIGN,2026-03-13
L26068,21,V9-NAND-2Tb,P2,1200,1099,91.65,BRIDGE,2026-03-13
L26068,22,V9-NAND-2Tb,P2,1200,1086,90.56,ETC,2026-03-09
L26068,23,V9-NAND-2Tb,P2,1200,1152,96.05,BRIDGE,2026-03-08
L26068,24,V9-NAND-2Tb,P2,1200,1058,88.21,PARTICLE,2026-03-05
L26068,25,V9-NAND-2Tb,P2,1200,1131,94.29,ETC,2026-03-14
L26069,1,V8-NAND-1Tb,P3,1200,1133,94.42,PARTICLE,2026-03-14
L26069,2,V8-NAND-1Tb,P3,1200,1122,93.53,PARTICLE,2026-03-13
L26069,3,V8-NAND-1Tb,P3,1200,1096,91.35,BRIDGE,2026-03-05
L26069,4,V8-NAND-1Tb,P3,1200,1109,92.46,BRIDGE,2026-03-06
L26069,5,V8-NAND-1Tb,P3,1200,1101,91.82,EDGE_CHIP,2026-03-11
L26069,6,V8-NAND-1Tb,P3,1200,1113,92.77,PARTICLE,2026-03-11
L26069,7,V8-NAND-1Tb,P3,1200,1155,96.29,BRIDGE,2026-03-13
L26069,8,V8-NAND-1Tb,P3,1200,1138,94.89,OPEN,2026-03-06
L26069,9,V8-NAND-1Tb,P3,1200,1123,93.61,PARTICLE,2026-03-14
L26069,10,V8-NAND-1Tb,P3,1200,1108,92.41,OPEN,2026-03-06
L26069,11,V8-NAND-1Tb,P3,1200,1129,94.11,PARTICLE,2026-03-13
L26069,12,V8-NAND-1Tb,P3,1200,1066,88.89,SCRATCH,2026-03-11
L26069,13,V8-NAND-1Tb,P3,1200,1161,96.79,BRIDGE,2026-03-08
L26069,14,V8-NAND-1Tb,P3,1200,1126,93.89,BRIDGE,2026-03-13
L26069,15,V8-NAND-1Tb,P3,1200,1147,95.64,PARTICLE,2026-03-10
L26069,16,V8-NAND-1Tb,P3,1200,1134,94.53,OPEN,2026-03-06
L26069,17,V8-NAND-1Tb,P3,1200,1144,95.33,EDGE_CHIP,2026-03-07
L26069,18,V8-NAND-1Tb,P3,1200,1115,93.0,PARTICLE,2026-03-12
L26069,19,V8-NAND-1Tb,P3,1200,1144,95.37,BRIDGE,2026-03-14
L26069,20,V8-NAND-1Tb,P3,1200,1136,94.71,BRIDGE,2026-03-11
L26069,21,V8-NAND-1Tb,P3,1200,1145,95.45,MISALIGN,2026-03-08
L26069,22,V8-NAND-1Tb,P3,1200,1144,95.42,BRIDGE,2026-03-11
L26069,23,V8-NAND-1Tb,P3,1200,1137,94.82,SCRATCH,2026-03-06
L26069,24,V8-NAND-1Tb,P3,1200,1133,94.48,BRIDGE,2026-03-09
L26069,25,V8-NAND-1Tb,P3,1200,1151,95.97,PARTICLE,2026-03-13
L26070,1,D1B-DDR5-24G,P2,1200,1071,89.29,PARTICLE,2026-03-08
L26070,2,D1B-DDR5-24G,P2,1200,1109,92.45,PARTICLE,2026-03-07
L26070,3,D1B-DDR5-24G,P2,1200,1101,91.81,PARTICLE,2026-03-11
L26070,4,D1B-DDR5-24G,P2,1200,1088,90.7,THIN_FILM,2026-03-07
L26070,5,D1B-DDR5-24G,P2,1200,1174,97.9,MISALIGN,2026-03-11
L26070,6,D1B-DDR5-24G,P2,1200,1125,93.75,SCRATCH,2026-03-07
L26070,7,D1B-DDR5-24G,P2,1200,1117,93.16,PARTICLE,2026-03-06
L26070,8,D1B-DDR5-24G,P2,1200,1149,95.77,OPEN,2026-03-08
L26070,9,D1B-DDR5-24G,P2,1200,1102,91.87,BRIDGE,2026-03-05
L26070,10,D1B-DDR5-24G,P2,1200,1083,90.26,EDGE_CHIP,2026-03-11
L26070,11,D1B-DDR5-24G,P2,1200,1112,92.69,BRIDGE,2026-03-10
L26070,12,D1B-DDR5-24G,P2,1200,1146,95.55,ETC,2026-03-13
L26070,13,D1B-DDR5-24G,P2,1200,1129,94.15,MISALIGN,2026-03-10
L26070,14,D1B-DDR5-24G,P2,1200,1127,94.0,SCRATCH,2026-03-10
L26070,15,D1B-DDR5-24G,P2,1200,1141,95.12,MISALIGN,2026-03-11
L26070,16,D1B-DDR5-24G,P2,1200,1133,94.5,BRIDGE,2026-03-11
L26070,17,D1B-DDR5-24G,P2,1200,1133,94.43,THIN_FILM,2026-03-11
L26070,18,D1B-DDR5-24G,P2,1200,1135,94.62,OPEN,2026-03-11
L26070,19,D1B-DDR5-24G,P2,1200,1117,93.14,SCRATCH,2026-03-05
L26070,20,D1B-DDR5-24G,P2,1200,1097,91.45,THIN_FILM,2026-03-08
L26070,21,D1B-DDR5-24G,P2,1200,1126,93.91,BRIDGE,2026-03-10
L26070,22,D1B-DDR5-24G,P2,1200,1065,88.77,BRIDGE,2026-03-12
L26070,23,D1B-DDR5-24G,P2,1200,1139,94.93,OPEN,2026-03-12
L26070,24,D1B-DDR5-24G,P2,1200,1108,92.37,PARTICLE,2026-03-10
L26070,25,D1B-DDR5-24G,P2,1200,1090,90.85,OPEN,2026-03-09
L26071,1,D1Z-DDR5-16G,P1,1200,1057,88.11,OPEN,2026-03-06
L26071,2,D1Z-DDR5-16G,P1,1200,1091,90.98,PARTICLE,2026-03-09
L26071,3,D1Z-DDR5-16G,P1,1200,1085,90.49,EDGE_CHIP,2026-03-09
L26071,4,D1Z-DDR5-16G,P1,1200,1068,89.07,PARTICLE,2026-03-10
L26071,5,D1Z-DDR5-16G,P1,1200,1102,91.89,PARTICLE,2026-03-12
L26071,6,D1Z-DDR5-16G,P1,1200,1032,86.06,PARTICLE,2026-03-13
L26071,7,D1Z-DDR5-16G,P1,1200,1058,88.22,OPEN,2026-03-14
L26071,8,D1Z-DDR5-16G,P1,1200,1078,89.91,PARTICLE,2026-03-13
L26071,9,D1Z-DDR5-16G,P1,1200,1067,88.94,OPEN,2026-03-06
L26071,10,D1Z-DDR5-16G,P1,1200,1082,90.2,SCRATCH,2026-03-05
L26071,11,D1Z-DDR5-16G,P1,1200,1065,88.8,OPEN,2026-03-14
L26071,12,D1Z-DDR5-16G,P1,1200,1094,91.21,BRIDGE,2026-03-07
L26071,13,D1Z-DDR5-16G,P1,1200,1037,86.45,SCRATCH,2026-03-11
L26071,14,D1Z-DDR5-16G,P1,1200,1040,86.7,ETC,2026-03-07
L26071,15,D1Z-DDR5-16G,P1,1200,1031,85.95,BRIDGE,2026-03-11
L26071,16,D1Z-DDR5-16G,P1,1200,1053,87.79,THIN_FILM,2026-03-14
L26071,17,D1Z-DDR5-16G,P1,1200,1045,87.13,OPEN,2026-03-11
L26071,18,D1Z-DDR5-16G,P1,1200,1100,91.75,SCRATCH,2026-03-13
L26071,19,D1Z-DDR5-16G,P1,1200,1106,92.21,PARTICLE,2026-03-07
L26071,20,D1Z-DDR5-16G,P1,1200,1084,90.4,BRIDGE,2026-03-09
L26071,21,D1Z-DDR5-16G,P1,1200,1032,86.03,PARTICLE,2026-03-09
L26071,22,D1Z-DDR5-16G,P1,1200,1066,88.86,BRIDGE,2026-03-13
L26071,23,D1Z-DDR5-16G,P1,1200,1065,88.79,THIN_FILM,2026-03-07
L26071,24,D1Z-DDR5-16G,P1,1200,1043,86.98,PARTICLE,2026-03-14
L26071,25,D1Z-DDR5-16G,P1,1200,1093,91.1,BRIDGE,2026-03-06
L26072,1,V8-NAND-1Tb,P2,1200,1094,91.21,OPEN,2026-03-08
L26072,2,V8-NAND-1Tb,P2,1200,1102,91.89,OPEN,2026-03-13
L26072,3,V8-NAND-1Tb,P2,1200,1101,91.76,MISALIGN,2026-03-10
L26072,4,V8-NAND-1Tb,P2,1200,1138,94.86,THIN_FILM,2026-03-14
L26072,5,V8-NAND-1Tb,P2,1200,1052,87.74,PARTICLE,2026-03-11
L26072,6,V8-NAND-1Tb,P2,1200,1105,92.14,ETC,2026-03-08
L26072,7,V8-NAND-1Tb,P2,1200,1084,90.34,BRIDGE,2026-03-09
L26072,8,V8-NAND-1Tb,P2,1200,1133,94.47,PARTICLE,2026-03-14
L26072,9,V8-NAND-1Tb,P2,1200,1095,91.25,BRIDGE,2026-03-06
L26072,10,V8-NAND-1Tb,P2,1200,1107,92.3,EDGE_CHIP,2026-03-10
L26072,11,V8-NAND-1Tb,P2,1200,1097,91.48,PARTICLE,2026-03-14
L26072,12,V8-NAND-1Tb,P2,1200,1128,94.08,OPEN,2026-03-11
L26072,13,V8-NAND-1Tb,P2,1200,1086,90.52,THIN_FILM,2026-03-08
L26072,14,V8-NAND-1Tb,P2,1200,1092,91.05,MISALIGN,2026-03-06
L26072,15,V8-NAND-1Tb,P2,1200,1091,90.98,EDGE_CHIP,2026-03-07
L26072,16,V8-NAND-1Tb,P2,1200,1096,91.35,MISALIGN,2026-03-12
L26072,17,V8-NAND-1Tb,P2,1200,1118,93.17,PARTICLE,2026-03-07
L26072,18,V8-NAND-1Tb,P2,1200,1125,93.81,SCRATCH,2026-03-12
L26072,19,V8-NAND-1Tb,P2,1200,1095,91.3,BRIDGE,2026-03-06
L26072,20,V8-NAND-1Tb,P2,1200,1095,91.3,ETC,2026-03-07
L26072,21,V8-NAND-1Tb,P2,1200,1097,91.43,ETC,2026-03-05
L26072,22,V8-NAND-1Tb,P2,1200,1109,92.44,MISALIGN,2026-03-13
L26072,23,V8-NAND-1Tb,P2,1200,1090,90.84,BRIDGE,2026-03-06
L26072,24,V8-NAND-1Tb,P2,1200,1132,94.36,MISALIGN,2026-03-06
L26072,25,V8-NAND-1Tb,P2,1200,1097,91.48,PARTICLE,2026-03-06
L26073,1,V9-NAND-2Tb,P3,1200,1102,91.88,SCRATCH,2026-03-05
L26073,2,V9-NAND-2Tb,P3,1200,1121,93.49,PARTICLE,2026-03-09
L26073,3,V9-NAND-2Tb,P3,1200,1027,85.59,PARTICLE,2026-03-06
L26073,4,V9-NAND-2Tb,P3,1200,1134,94.54,PARTICLE,2026-03-12
L26073,5,V9-NAND-2Tb,P3,1200,1125,93.78,SCRATCH,2026-03-06
L26073,6,V9-NAND-2Tb,P3,1200,1066,88.85,PARTICLE,2026-03-12
L26073,7,V9-NAND-2Tb,P3,1200,1074,89.51,EDGE_CHIP,2026-03-07
L26073,8,V9-NAND-2Tb,P3,1200,1096,91.41,BRIDGE,2026-03-12
L26073,9,V9-NAND-2Tb,P3,1200,1110,92.58,BRIDGE,2026-03-08
L26073,10,V9-NAND-2Tb,P3,1200,1065,88.81,PARTICLE,2026-03-11
L26073,11,V9-NAND-2Tb,P3,1200,1090,90.86,BRIDGE,2026-03-09
L26073,12,V9-NAND-2Tb,P3,1200,1109,92.42,MISALIGN,2026-03-08
L26073,13,V9-NAND-2Tb,P3,1200,1089,90.8,PARTICLE,2026-03-09
L26073,14,V9-NAND-2Tb,P3,1200,1131,94.3,SCRATCH,2026-03-06
L26073,15,V9-NAND-2Tb,P3,1200,1108,92.36,THIN_FILM,2026-03-09
L26073,16,V9-NAND-2Tb,P3,1200,1073,89.42,BRIDGE,2026-03-06
L26073,17,V9-NAND-2Tb,P3,1200,1128,94.05,OPEN,2026-03-12
L26073,18,V9-NAND-2Tb,P3,1200,1114,92.88,PARTICLE,2026-03-12
L26073,19,V9-NAND-2Tb,P3,1200,1079,89.93,PARTICLE,2026-03-08
L26073,20,V9-NAND-2Tb,P3,1200,1143,95.3,BRIDGE,2026-03-05
L26073,21,V9-NAND-2Tb,P3,1200,1108,92.38,PARTICLE,2026-03-14
L26073,22,V9-NAND-2Tb,P3,1200,1087,90.65,PARTICLE,2026-03-05
L26073,23,V9-NAND-2Tb,P3,1200,1082,90.17,THIN_FILM,2026-03-05
L26073,24,V9-NAND-2Tb,P3,1200,1104,92.02,OPEN,2026-03-06
L26073,25,V9-NAND-2Tb,P3,1200,1082,90.24,THIN_FILM,2026-03-12
L26074,1,D1B-DDR5-24G,H1,1200,1141,95.12,PARTICLE,2026-03-05
L26074,2,D1B-DDR5-24G,H1,1200,1158,96.55,ETC,2026-03-08
L26074,3,D1B-DDR5-24G,H1,1200,1124,93.73,PARTICLE,2026-03-07
L26074,4,D1B-DDR5-24G,H1,1200,1110,92.51,OPEN,2026-03-07
L26074,5,D1B-DDR5-24G,H1,1200,1124,93.67,THIN_FILM,2026-03-06
L26074,6,D1B-DDR5-24G,H1,1200,1116,93.04,SCRATCH,2026-03-07
L26074,7,D1B-DDR5-24G,H1,1200,1142,95.18,PARTICLE,2026-03-13
L26074,8,D1B-DDR5-24G,H1,1200,1172,97.67,OPEN,2026-03-14
L26074,9,D1B-DDR5-24G,H1,1200,1141,95.16,OPEN,2026-03-05
L26074,10,D1B-DDR5-24G,H1,1200,1121,93.43,THIN_FILM,2026-03-09
L26074,11,D1B-DDR5-24G,H1,1200,1159,96.59,SCRATCH,2026-03-10
L26074,12,D1B-DDR5-24G,H1,1200,1133,94.43,PARTICLE,2026-03-08
L26074,13,D1B-DDR5-24G,H1,1200,1168,97.41,SCRATCH,2026-03-14
L26074,14,D1B-DDR5-24G,H1,1200,1166,97.17,PARTICLE,2026-03-07
L26074,15,D1B-DDR5-24G,H1,1200,1138,94.85,PARTICLE,2026-03-08
L26074,16,D1B-DDR5-24G,H1,1200,1115,92.97,BRIDGE,2026-03-13
L26074,17,D1B-DDR5-24G,H1,1200,1117,93.1,PARTICLE,2026-03-06
L26074,18,D1B-DDR5-24G,H1,1200,1136,94.68,OPEN,2026-03-10
L26074,19,D1B-DDR5-24G,H1,1200,1120,93.39,PARTICLE,2026-03-10
L26074,20,D1B-DDR5-24G,H1,1200,1160,96.68,PARTICLE,2026-03-06
L26074,21,D1B-DDR5-24G,H1,1200,1096,91.39,PARTICLE,2026-03-05
L26074,22,D1B-DDR5-24G,H1,1200,1144,95.4,THIN_FILM,2026-03-13
L26074,23,D1B-DDR5-24G,H1,1200,1197,99.8,BRIDGE,2026-03-11
L26074,24,D1B-DDR5-24G,H1,1200,1142,95.19,SCRATCH,2026-03-14
L26074,25,D1B-DDR5-24G,H1,1200,1150,95.87,PARTICLE,2026-03-06
L26075,1,D1B-DDR5-24G,P3,1200,1083,90.28,BRIDGE,2026-03-05
L26075,2,D1B-DDR5-24G,P3,1200,1072,89.4,PARTICLE,2026-03-13
L26075,3,D1B-DDR5-24G,P3,1200,1100,91.71,THIN_FILM,2026-03-08
L26075,4,D1B-DDR5-24G,P3,1200,1119,93.26,EDGE_CHIP,2026-03-08
L26075,5,D1B-DDR5-24G,P3,1200,1084,90.39,OPEN,2026-03-09
L26075,6,D1B-DDR5-24G,P3,1200,1104,92.04,ETC,2026-03-14
L26075,7,D1B-DDR5-24G,P3,1200,1069,89.11,PARTICLE,2026-03-13
L26075,8,D1B-DDR5-24G,P3,1200,1121,93.48,OPEN,2026-03-10
L26075,9,D1B-DDR5-24G,P3,1200,1070,89.23,MISALIGN,2026-03-09
L26075,10,D1B-DDR5-24G,P3,1200,1063,88.6,MISALIGN,2026-03-11
L26075,11,D1B-DDR5-24G,P3,1200,1113,92.82,EDGE_CHIP,2026-03-07
L26075,12,D1B-DDR5-24G,P3,1200,995,82.95,PARTICLE,2026-03-10
L26075,13,D1B-DDR5-24G,P3,1200,1069,89.1,THIN_FILM,2026-03-12
L26075,14,D1B-DDR5-24G,P3,1200,1032,86.04,BRIDGE,2026-03-13
L26075,15,D1B-DDR5-24G,P3,1200,1114,92.88,OPEN,2026-03-05
L26075,16,D1B-DDR5-24G,P3,1200,1104,92.06,SCRATCH,2026-03-12
L26075,17,D1B-DDR5-24G,P3,1200,1084,90.39,THIN_FILM,2026-03-05
L26075,18,D1B-DDR5-24G,P3,1200,1114,92.87,BRIDGE,2026-03-12
L26075,19,D1B-DDR5-24G,P3,1200,1098,91.55,PARTICLE,2026-03-08
L26075,20,D1B-DDR5-24G,P3,1200,1118,93.23,BRIDGE,2026-03-11
L26075,21,D1B-DDR5-24G,P3,1200,1120,93.38,SCRATCH,2026-03-08
L26075,22,D1B-DDR5-24G,P3,1200,1081,90.12,MISALIGN,2026-03-13
L26075,23,D1B-DDR5-24G,P3,1200,1061,88.46,BRIDGE,2026-03-12
L26075,24,D1B-DDR5-24G,P3,1200,1092,91.06,OPEN,2026-03-11
L26075,25,D1B-DDR5-24G,P3,1200,1090,90.87,PARTICLE,2026-03-13
L26076,1,LSI-ISOCELL-HP2,P2,1200,1034,86.24,SCRATCH,2026-03-07
L26076,2,LSI-ISOCELL-HP2,P2,1200,1052,87.67,PARTICLE,2026-03-14
L26076,3,LSI-ISOCELL-HP2,P2,1200,977,81.44,THIN_FILM,2026-03-07
L26076,4,LSI-ISOCELL-HP2,P2,1200,1050,87.51,PARTICLE,2026-03-14
L26076,5,LSI-ISOCELL-HP2,P2,1200,1030,85.83,SCRATCH,2026-03-08
L26076,6,LSI-ISOCELL-HP2,P2,1200,1029,85.76,PARTICLE,2026-03-08
L26076,7,LSI-ISOCELL-HP2,P2,1200,1036,86.38,ETC,2026-03-09
L26076,8,LSI-ISOCELL-HP2,P2,1200,1023,85.32,PARTICLE,2026-03-06
L26076,9,LSI-ISOCELL-HP2,P2,1200,1047,87.29,OPEN,2026-03-13
L26076,10,LSI-ISOCELL-HP2,P2,1200,1030,85.91,BRIDGE,2026-03-08
L26076,11,LSI-ISOCELL-HP2,P2,1200,1050,87.57,PARTICLE,2026-03-09
L26076,12,LSI-ISOCELL-HP2,P2,1200,1058,88.19,PARTICLE,2026-03-06
L26076,13,LSI-ISOCELL-HP2,P2,1200,1016,84.73,THIN_FILM,2026-03-14
L26076,14,LSI-ISOCELL-HP2,P2,1200,1038,86.56,OPEN,2026-03-10
L26076,15,LSI-ISOCELL-HP2,P2,1200,1036,86.38,SCRATCH,2026-03-06
L26076,16,LSI-ISOCELL-HP2,P2,1200,1070,89.24,OPEN,2026-03-07
L26076,17,LSI-ISOCELL-HP2,P2,1200,1020,85.05,OPEN,2026-03-07
L26076,18,LSI-ISOCELL-HP2,P2,1200,1029,85.78,MISALIGN,2026-03-13
L26076,19,LSI-ISOCELL-HP2,P2,1200,1001,83.47,PARTICLE,2026-03-14
L26076,20,LSI-ISOCELL-HP2,P2,1200,1039,86.62,SCRATCH,2026-03-13
L26076,21,LSI-ISOCELL-HP2,P2,1200,1014,84.53,MISALIGN,2026-03-09
L26076,22,LSI-ISOCELL-HP2,P2,1200,1040,86.72,MISALIGN,2026-03-14
L26076,23,LSI-ISOCELL-HP2,P2,1200,1008,84.02,PARTICLE,2026-03-05
L26076,24,LSI-ISOCELL-HP2,P2,1200,1001,83.47,SCRATCH,2026-03-06
L26076,25,LSI-ISOCELL-HP2,P2,1200,1054,87.88,OPEN,2026-03-07
L26077,1,D1Z-DDR5-16G,P1,1200,1101,91.79,THIN_FILM,2026-03-07
L26077,2,D1Z-DDR5-16G,P1,1200,1089,90.76,BRIDGE,2026-03-11
L26077,3,D1Z-DDR5-16G,P1,1200,1103,91.94,SCRATCH,2026-03-13
L26077,4,D1Z-DDR5-16G,P1,1200,1033,86.15,PARTICLE,2026-03-07
L26077,5,D1Z-DDR5-16G,P1,1200,1106,92.23,THIN_FILM,2026-03-07
L26077,6,D1Z-DDR5-16G,P1,1200,1074,89.51,SCRATCH,2026-03-10
L26077,7,D1Z-DDR5-16G,P1,1200,1072,89.36,MISALIGN,2026-03-13
L26077,8,D1Z-DDR5-16G,P1,1200,1035,86.26,THIN_FILM,2026-03-14
L26077,9,D1Z-DDR5-16G,P1,1200,1095,91.25,PARTICLE,2026-03-08
L26077,10,D1Z-DDR5-16G,P1,1200,1091,90.93,OPEN,2026-03-11
L26077,11,D1Z-DDR5-16G,P1,1200,1029,85.79,PARTICLE,2026-03-14
L26077,12,D1Z-DDR5-16G,P1,1200,1072,89.39,MISALIGN,2026-03-13
L26077,13,D1Z-DDR5-16G,P1,1200,1066,88.84,PARTICLE,2026-03-13
L26077,14,D1Z-DDR5-16G,P1,1200,1103,91.94,EDGE_CHIP,2026-03-10
L26077,15,D1Z-DDR5-16G,P1,1200,1091,90.95,PARTICLE,2026-03-07
L26077,16,D1Z-DDR5-16G,P1,1200,1073,89.45,BRIDGE,2026-03-12
L26077,17,D1Z-DDR5-16G,P1,1200,1090,90.84,EDGE_CHIP,2026-03-11
L26077,18,D1Z-DDR5-16G,P1,1200,1077,89.78,PARTICLE,2026-03-06
L26077,19,D1Z-DDR5-16G,P1,1200,1082,90.18,THIN_FILM,2026-03-09
L26077,20,D1Z-DDR5-16G,P1,1200,1079,89.97,PARTICLE,2026-03-14
L26077,21,D1Z-DDR5-16G,P1,1200,1086,90.54,PARTICLE,2026-03-09
L26077,22,D1Z-DDR5-16G,P1,1200,1076,89.72,SCRATCH,2026-03-09
L26077,23,D1Z-DDR5-16G,P1,1200,1068,89.01,THIN_FILM,2026-03-14
L26077,24,D1Z-DDR5-16G,P1,1200,1045,87.16,OPEN,2026-03-08
L26077,25,D1Z-DDR5-16G,P1,1200,1064,88.72,BRIDGE,2026-03-10
L26078,1,D1B-DDR5-24G,P1,1200,1167,97.3,OPEN,2026-03-09
L26078,2,D1B-DDR5-24G,P1,1200,1182,98.53,MISALIGN,2026-03-06
L26078,3,D1B-DDR5-24G,P1,1200,1146,95.57,EDGE_CHIP,2026-03-05
L26078,4,D1B-DDR5-24G,P1,1200,1184,98.69,BRIDGE,2026-03-05
L26078,5,D1B-DDR5-24G,P1,1200,1197,99.8,PARTICLE,2026-03-09
L26078,6,D1B-DDR5-24G,P1,1200,1197,99.8,BRIDGE,2026-03-05
L26078,7,D1B-DDR5-24G,P1,1200,1152,96.07,PARTICLE,2026-03-08
L26078,8,D1B-DDR5-24G,P1,1200,1197,99.8,PARTICLE,2026-03-11
L26078,9,D1B-DDR5-24G,P1,1200,1197,99.8,BRIDGE,2026-03-13
L26078,10,D1B-DDR5-24G,P1,1200,1197,99.8,PARTICLE,2026-03-05
L26078,11,D1B-DDR5-24G,P1,1200,1197,99.8,MISALIGN,2026-03-05
L26078,12,D1B-DDR5-24G,P1,1200,1174,97.87,EDGE_CHIP,2026-03-06
L26078,13,D1B-DDR5-24G,P1,1200,1197,99.8,THIN_FILM,2026-03-07
L26078,14,D1B-DDR5-24G,P1,1200,1197,99.8,MISALIGN,2026-03-10
L26078,15,D1B-DDR5-24G,P1,1200,1191,99.32,SCRATCH,2026-03-11
L26078,16,D1B-DDR5-24G,P1,1200,1166,97.2,THIN_FILM,2026-03-10
L26078,17,D1B-DDR5-24G,P1,1200,1197,99.8,EDGE_CHIP,2026-03-05
L26078,18,D1B-DDR5-24G,P1,1200,1174,97.86,PARTICLE,2026-03-06
L26078,19,D1B-DDR5-24G,P1,1200,1197,99.8,BRIDGE,2026-03-08
L26078,20,D1B-DDR5-24G,P1,1200,1197,99.8,MISALIGN,2026-03-11
L26078,21,D1B-DDR5-24G,P1,1200,1140,95.07,PARTICLE,2026-03-06
L26078,22,D1B-DDR5-24G,P1,1200,1191,99.28,THIN_FILM,2026-03-11
L26078,23,D1B-DDR5-24G,P1,1200,1174,97.9,BRIDGE,2026-03-05
L26078,24,D1B-DDR5-24G,P1,1200,1184,98.67,ETC,2026-03-05
L26078,25,D1B-DDR5-24G,P1,1200,1197,99.8,ETC,2026-03-12
L26079,1,LSI-ISOCELL-HP2,H1,1200,1158,96.55,BRIDGE,2026-03-13
L26079,2,LSI-ISOCELL-HP2,H1,1200,1102,91.89,PARTICLE,2026-03-13
L26079,3,LSI-ISOCELL-HP2,H1,1200,1119,93.32,THIN_FILM,2026-03-10
L26079,4,LSI-ISOCELL-HP2,H1,1200,1109,92.42,THIN_FILM,2026-03-07
L26079,5,LSI-ISOCELL-HP2,H1,1200,1118,93.19,MISALIGN,2026-03-06
L26079,6,LSI-ISOCELL-HP2,H1,1200,1107,92.27,BRIDGE,2026-03-12
L26079,7,LSI-ISOCELL-HP2,H1,1200,1120,93.35,EDGE_CHIP,2026-03-07
L26079,8,LSI-ISOCELL-HP2,H1,1200,1150,95.89,OPEN,2026-03-07
L26079,9,LSI-ISOCELL-HP2,H1,1200,1102,91.84,PARTICLE,2026-03-06
L26079,10,LSI-ISOCELL-HP2,H1,1200,1114,92.89,OPEN,2026-03-08
L26079,11,LSI-ISOCELL-HP2,H1,1200,1133,94.45,ETC,2026-03-08
L26079,12,LSI-ISOCELL-HP2,H1,1200,1145,95.47,PARTICLE,2026-03-09
L26079,13,LSI-ISOCELL-HP2,H1,1200,1106,92.19,OPEN,2026-03-07
L26079,14,LSI-ISOCELL-HP2,H1,1200,1154,96.22,PARTICLE,2026-03-07
L26079,15,LSI-ISOCELL-HP2,H1,1200,1118,93.18,SCRATCH,2026-03-06
L26079,16,LSI-ISOCELL-HP2,H1,1200,1096,91.36,MISALIGN,2026-03-09
L26079,17,LSI-ISOCELL-HP2,H1,1200,1120,93.38,MISALIGN,2026-03-10
L26079,18,LSI-ISOCELL-HP2,H1,1200,1086,90.52,ETC,2026-03-08
L26079,19,LSI-ISOCELL-HP2,H1,1200,1026,85.53,OPEN,2026-03-11
L26079,20,LSI-ISOCELL-HP2,H1,1200,1083,90.25,PARTICLE,2026-03-07
L26079,21,LSI-ISOCELL-HP2,H1,1200,1120,93.36,BRIDGE,2026-03-12
L26079,22,LSI-ISOCELL-HP2,H1,1200,1123,93.61,PARTICLE,2026-03-05
L26079,23,LSI-ISOCELL-HP2,H1,1200,1130,94.17,PARTICLE,2026-03-09
L26079,24,LSI-ISOCELL-HP2,H1,1200,1137,94.75,SCRATCH,2026-03-12
L26079,25,LSI-ISOCELL-HP2,H1,1200,1126,93.87,THIN_FILM,2026-03-11
L26080,1,V8-NAND-1Tb,H1,1200,1161,96.78,MISALIGN,2026-03-09
L26080,2,V8-NAND-1Tb,H1,1200,1137,94.81,PARTICLE,2026-03-13
L26080,3,V8-NAND-1Tb,H1,1200,1172,97.75,PARTICLE,2026-03-07
L26080,4,V8-NAND-1Tb,H1,1200,1121,93.46,BRIDGE,2026-03-09
L26080,5,V8-NAND-1Tb,H1,1200,1160,96.72,PARTICLE,2026-03-10
L26080,6,V8-NAND-1Tb,H1,1200,1152,96.04,PARTICLE,2026-03-07
L26080,7,V8-NAND-1Tb,H1,1200,1139,94.93,SCRATCH,2026-03-05
L26080,8,V8-NAND-1Tb,H1,1200,1158,96.52,EDGE_CHIP,2026-03-07
L26080,9,V8-NAND-1Tb,H1,1200,1155,96.26,BRIDGE,2026-03-08
L26080,10,V8-NAND-1Tb,H1,1200,1159,96.59,PARTICLE,2026-03-11
L26080,11,V8-NAND-1Tb,H1,1200,1163,96.94,MISALIGN,2026-03-13
L26080,12,V8-NAND-1Tb,H1,1200,1150,95.86,THIN_FILM,2026-03-12
L26080,13,V8-NAND-1Tb,H1,1200,1125,93.79,PARTICLE,2026-03-06
L26080,14,V8-NAND-1Tb,H1,1200,1132,94.36,BRIDGE,2026-03-12
L26080,15,V8-NAND-1Tb,H1,1200,1123,93.63,MISALIGN,2026-03-05
L26080,16,V8-NAND-1Tb,H1,1200,1159,96.63,PARTICLE,2026-03-13
L26080,17,V8-NAND-1Tb,H1,1200,1129,94.15,PARTICLE,2026-03-08
L26080,18,V8-NAND-1Tb,H1,1200,1142,95.22,ETC,2026-03-05
L26080,19,V8-NAND-1Tb,H1,1200,1165,97.13,PARTICLE,2026-03-10
L26080,20,V8-NAND-1Tb,H1,1200,1166,97.24,EDGE_CHIP,2026-03-07
L26080,21,V8-NAND-1Tb,H1,1200,1053,87.75,EDGE_CHIP,2026-03-09
L26080,22,V8-NAND-1Tb,H1,1200,1134,94.54,SCRATCH,2026-03-13
L26080,23,V8-NAND-1Tb,H1,1200,1126,93.85,SCRATCH,2026-03-10
L26080,24,V8-NAND-1Tb,H1,1200,1132,94.4,PARTICLE,2026-03-14
L26080,25,V8-NAND-1Tb,H1,1200,1152,96.08,BRIDGE,2026-03-14
L26081,1,LSI-ISOCELL-HP2,P2,1200,1113,92.8,ETC,2026-03-07
L26081,2,LSI-ISOCELL-HP2,P2,1200,1109,92.49,BRIDGE,2026-03-13
L26081,3,LSI-ISOCELL-HP2,P2,1200,1085,90.42,EDGE_CHIP,2026-03-09
L26081,4,LSI-ISOCELL-HP2,P2,1200,1128,94.07,BRIDGE,2026-03-12
L26081,5,LSI-ISOCELL-HP2,P2,1200,1089,90.77,PARTICLE,2026-03-11
L26081,6,LSI-ISOCELL-HP2,P2,1200,1110,92.53,ETC,2026-03-08
L26081,7,LSI-ISOCELL-HP2,P2,1200,1107,92.29,ETC,2026-03-08
L26081,8,LSI-ISOCELL-HP2,P2,1200,1092,91.05,EDGE_CHIP,2026-03-05
L26081,9,LSI-ISOCELL-HP2,P2,1200,1108,92.4,OPEN,2026-03-11
L26081,10,LSI-ISOCELL-HP2,P2,1200,1160,96.68,MISALIGN,2026-03-14
L26081,11,LSI-ISOCELL-HP2,P2,1200,1154,96.21,PARTICLE,2026-03-13
L26081,12,LSI-ISOCELL-HP2,P2,1200,1113,92.79,PARTICLE,2026-03-12
L26081,13,LSI-ISOCELL-HP2,P2,1200,1122,93.52,PARTICLE,2026-03-05
L26081,14,LSI-ISOCELL-HP2,P2,1200,1118,93.24,BRIDGE,2026-03-10
L26081,15,LSI-ISOCELL-HP2,P2,1200,1143,95.32,EDGE_CHIP,2026-03-05
L26081,16,LSI-ISOCELL-HP2,P2,1200,1164,97.02,BRIDGE,2026-03-12
L26081,17,LSI-ISOCELL-HP2,P2,1200,1151,95.94,BRIDGE,2026-03-06
L26081,18,LSI-ISOCELL-HP2,P2,1200,1098,91.51,PARTICLE,2026-03-13
L26081,19,LSI-ISOCELL-HP2,P2,1200,1103,91.92,PARTICLE,2026-03-13
L26081,20,LSI-ISOCELL-HP2,P2,1200,1121,93.46,OPEN,2026-03-06
L26081,21,LSI-ISOCELL-HP2,P2,1200,1115,92.99,PARTICLE,2026-03-05
L26081,22,LSI-ISOCELL-HP2,P2,1200,1111,92.67,BRIDGE,2026-03-12
L26081,23,LSI-ISOCELL-HP2,P2,1200,1075,89.59,MISALIGN,2026-03-09
L26081,24,LSI-ISOCELL-HP2,P2,1200,1088,90.68,PARTICLE,2026-03-07
L26081,25,LSI-ISOCELL-HP2,P2,1200,1135,94.63,PARTICLE,2026-03-14
L26082,1,V9-NAND-2Tb,P1,1200,1070,89.24,BRIDGE,2026-03-13
L26082,2,V9-NAND-2Tb,P1,1200,1126,93.84,SCRATCH,2026-03-13
L26082,3,V9-NAND-2Tb,P1,1200,1089,90.81,EDGE_CHIP,2026-03-14
L26082,4,V9-NAND-2Tb,P1,1200,1105,92.15,MISALIGN,2026-03-08
L26082,5,V9-NAND-2Tb,P1,1200,1087,90.66,MISALIGN,2026-03-09
L26082,6,V9-NAND-2Tb,P1,1200,1057,88.14,PARTICLE,2026-03-05
L26082,7,V9-NAND-2Tb,P1,1200,1088,90.7,THIN_FILM,2026-03-05
L26082,8,V9-NAND-2Tb,P1,1200,1005,83.78,OPEN,2026-03-09
L26082,9,V9-NAND-2Tb,P1,1200,1060,88.34,PARTICLE,2026-03-12
L26082,10,V9-NAND-2Tb,P1,1200,1061,88.46,BRIDGE,2026-03-05
L26082,11,V9-NAND-2Tb,P1,1200,1078,89.85,ETC,2026-03-14
L26082,12,V9-NAND-2Tb,P1,1200,1091,90.97,PARTICLE,2026-03-10
L26082,13,V9-NAND-2Tb,P1,1200,1093,91.11,ETC,2026-03-13
L26082,14,V9-NAND-2Tb,P1,1200,1044,87.03,OPEN,2026-03-08
L26082,15,V9-NAND-2Tb,P1,1200,1067,89.0,PARTICLE,2026-03-12
L26082,16,V9-NAND-2Tb,P1,1200,1087,90.6,OPEN,2026-03-11
L26082,17,V9-NAND-2Tb,P1,1200,1082,90.21,OPEN,2026-03-08
L26082,18,V9-NAND-2Tb,P1,1200,1074,89.5,MISALIGN,2026-03-08
L26082,19,V9-NAND-2Tb,P1,1200,1076,89.67,EDGE_CHIP,2026-03-12
L26082,20,V9-NAND-2Tb,P1,1200,1087,90.61,BRIDGE,2026-03-14
L26082,21,V9-NAND-2Tb,P1,1200,1104,92.08,BRIDGE,2026-03-10
L26082,22,V9-NAND-2Tb,P1,1200,1070,89.19,PARTICLE,2026-03-07
L26082,23,V9-NAND-2Tb,P1,1200,1075,89.63,PARTICLE,2026-03-07
L26082,24,V9-NAND-2Tb,P1,1200,1146,95.55,BRIDGE,2026-03-11
L26082,25,V9-NAND-2Tb,P1,1200,1104,92.04,EDGE_CHIP,2026-03-05
L26083,1,D1B-DDR5-24G,P2,1200,1144,95.41,SCRATCH,2026-03-10
L26083,2,D1B-DDR5-24G,P2,1200,1157,96.47,OPEN,2026-03-14
L26083,3,D1B-DDR5-24G,P2,1200,1096,91.37,OPEN,2026-03-07
L26083,4,D1B-DDR5-24G,P2,1200,1131,94.3,SCRATCH,2026-03-10
L26083,5,D1B-DDR5-24G,P2,1200,1123,93.65,THIN_FILM,2026-03-10
L26083,6,D1B-DDR5-24G,P2,1200,1145,95.49,OPEN,2026-03-10
L26083,7,D1B-DDR5-24G,P2,1200,1125,93.76,OPEN,2026-03-13
L26083,8,D1B-DDR5-24G,P2,1200,1145,95.46,OPEN,2026-03-09
L26083,9,D1B-DDR5-24G,P2,1200,1134,94.54,OPEN,2026-03-12
L26083,10,D1B-DDR5-24G,P2,1200,1063,88.66,ETC,2026-03-11
L26083,11,D1B-DDR5-24G,P2,1200,1147,95.62,THIN_FILM,2026-03-13
L26083,12,D1B-DDR5-24G,P2,1200,1126,93.86,PARTICLE,2026-03-13
L26083,13,D1B-DDR5-24G,P2,1200,1102,91.89,PARTICLE,2026-03-07
L26083,14,D1B-DDR5-24G,P2,1200,1115,92.94,EDGE_CHIP,2026-03-14
L26083,15,D1B-DDR5-24G,P2,1200,1160,96.7,ETC,2026-03-05
L26083,16,D1B-DDR5-24G,P2,1200,1138,94.91,PARTICLE,2026-03-13
L26083,17,D1B-DDR5-24G,P2,1200,1139,95.0,ETC,2026-03-08
L26083,18,D1B-DDR5-24G,P2,1200,1179,98.3,ETC,2026-03-13
L26083,19,D1B-DDR5-24G,P2,1200,1142,95.24,EDGE_CHIP,2026-03-10
L26083,20,D1B-DDR5-24G,P2,1200,1111,92.66,PARTICLE,2026-03-09
L26083,21,D1B-DDR5-24G,P2,1200,1143,95.27,BRIDGE,2026-03-05
L26083,22,D1B-DDR5-24G,P2,1200,1119,93.27,OPEN,2026-03-14
L26083,23,D1B-DDR5-24G,P2,1200,1136,94.74,SCRATCH,2026-03-14
L26083,24,D1B-DDR5-24G,P2,1200,1136,94.71,OPEN,2026-03-11
L26083,25,D1B-DDR5-24G,P2,1200,1107,92.27,MISALIGN,2026-03-12
L26084,1,D1Z-DDR5-16G,H1,1200,1107,92.28,PARTICLE,2026-03-05
L26084,2,D1Z-DDR5-16G,H1,1200,1113,92.78,THIN_FILM,2026-03-07
L26084,3,D1Z-DDR5-16G,H1,1200,1014,84.52,PARTICLE,2026-03-06
L26084,4,D1Z-DDR5-16G,H1,1200,1098,91.51,BRIDGE,2026-03-07
L26084,5,D1Z-DDR5-16G,H1,1200,1084,90.4,PARTICLE,2026-03-12
L26084,6,D1Z-DDR5-16G,H1,1200,1087,90.66,BRIDGE,2026-03-12
L26084,7,D1Z-DDR5-16G,H1,1200,1103,91.94,BRIDGE,2026-03-13
L26084,8,D1Z-DDR5-16G,H1,1200,1100,91.7,OPEN,2026-03-14
L26084,9,D1Z-DDR5-16G,H1,1200,1093,91.09,BRIDGE,2026-03-11
L26084,10,D1Z-DDR5-16G,H1,1200,1095,91.26,OPEN,2026-03-09
L26084,11,D1Z-DDR5-16G,H1,1200,1048,87.35,PARTICLE,2026-03-14
L26084,12,D1Z-DDR5-16G,H1,1200,1116,93.07,OPEN,2026-03-09
L26084,13,D1Z-DDR5-16G,H1,1200,1104,92.04,PARTICLE,2026-03-11
L26084,14,D1Z-DDR5-16G,H1,1200,1095,91.32,OPEN,2026-03-05
L26084,15,D1Z-DDR5-16G,H1,1200,1128,94.06,OPEN,2026-03-07
L26084,16,D1Z-DDR5-16G,H1,1200,1086,90.57,PARTICLE,2026-03-11
L26084,17,D1Z-DDR5-16G,H1,1200,1098,91.55,THIN_FILM,2026-03-13
L26084,18,D1Z-DDR5-16G,H1,1200,1100,91.7,PARTICLE,2026-03-12
L26084,19,D1Z-DDR5-16G,H1,1200,1099,91.64,OPEN,2026-03-07
L26084,20,D1Z-DDR5-16G,H1,1200,1074,89.56,BRIDGE,2026-03-05
L26084,21,D1Z-DDR5-16G,H1,1200,1081,90.15,BRIDGE,2026-03-10
L26084,22,D1Z-DDR5-16G,H1,1200,1103,91.96,SCRATCH,2026-03-12
L26084,23,D1Z-DDR5-16G,H1,1200,1083,90.28,ETC,2026-03-06
L26084,24,D1Z-DDR5-16G,H1,1200,1135,94.63,PARTICLE,2026-03-13
L26084,25,D1Z-DDR5-16G,H1,1200,1113,92.8,SCRATCH,2026-03-06
L26085,1,V8-NAND-1Tb,H1,1200,1128,94.05,BRIDGE,2026-03-10
L26085,2,V8-NAND-1Tb,H1,1200,1102,91.88,PARTICLE,2026-03-06
L26085,3,V8-NAND-1Tb,H1,1200,1064,88.73,SCRATCH,2026-03-14
L26085,4,V8-NAND-1Tb,H1,1200,1037,86.48,BRIDGE,2026-03-10
L26085,5,V8-NAND-1Tb,H1,1200,1085,90.49,BRIDGE,2026-03-13
L26085,6,V8-NAND-1Tb,H1,1200,1103,91.98,OPEN,2026-03-10
L26085,7,V8-NAND-1Tb,H1,1200,1078,89.9,BRIDGE,2026-03-13
L26085,8,V8-NAND-1Tb,H1,1200,1077,89.82,SCRATCH,2026-03-11
L26085,9,V8-NAND-1Tb,H1,1200,1100,91.75,MISALIGN,2026-03-11
L26085,10,V8-NAND-1Tb,H1,1200,1060,88.34,PARTICLE,2026-03-13
L26085,11,V8-NAND-1Tb,H1,1200,1125,93.76,PARTICLE,2026-03-11
L26085,12,V8-NAND-1Tb,H1,1200,1099,91.61,ETC,2026-03-11
L26085,13,V8-NAND-1Tb,H1,1200,1127,93.96,THIN_FILM,2026-03-12
L26085,14,V8-NAND-1Tb,H1,1200,1151,95.98,PARTICLE,2026-03-09
L26085,15,V8-NAND-1Tb,H1,1200,1095,91.29,SCRATCH,2026-03-14
L26085,16,V8-NAND-1Tb,H1,1200,1076,89.72,OPEN,2026-03-09
L26085,17,V8-NAND-1Tb,H1,1200,1092,91.01,BRIDGE,2026-03-09
L26085,18,V8-NAND-1Tb,H1,1200,1097,91.47,BRIDGE,2026-03-06
L26085,19,V8-NAND-1Tb,H1,1200,1123,93.63,MISALIGN,2026-03-11
L26085,20,V8-NAND-1Tb,H1,1200,1121,93.42,BRIDGE,2026-03-14
L26085,21,V8-NAND-1Tb,H1,1200,1091,90.93,MISALIGN,2026-03-13
L26085,22,V8-NAND-1Tb,H1,1200,1136,94.71,PARTICLE,2026-03-06
L26085,23,V8-NAND-1Tb,H1,1200,1072,89.4,SCRATCH,2026-03-06
L26085,24,V8-NAND-1Tb,H1,1200,1077,89.79,PARTICLE,2026-03-13
L26085,25,V8-NAND-1Tb,H1,1200,1087,90.59,SCRATCH,2026-03-14
L26086,1,LSI-ISOCELL-HP2,H1,1200,1174,97.86,OPEN,2026-03-10
L26086,2,LSI-ISOCELL-HP2,H1,1200,1164,97.02,PARTICLE,2026-03-12
L26086,3,LSI-ISOCELL-HP2,H1,1200,1134,94.57,BRIDGE,2026-03-05
L26086,4,LSI-ISOCELL-HP2,H1,1200,1163,96.96,ETC,2026-03-07
L26086,5,LSI-ISOCELL-HP2,H1,1200,1112,92.74,MISALIGN,2026-03-10
L26086,6,LSI-ISOCELL-HP2,H1,1200,1178,98.17,PARTICLE,2026-03-13
L26086,7,LSI-ISOCELL-HP2,H1,1200,1152,96.07,EDGE_CHIP,2026-03-09
L26086,8,LSI-ISOCELL-HP2,H1,1200,1159,96.59,THIN_FILM,2026-03-13
L26086,9,LSI-ISOCELL-HP2,H1,1200,1149,95.82,PARTICLE,2026-03-08
L26086,10,LSI-ISOCELL-HP2,H1,1200,1132,94.37,MISALIGN,2026-03-08
L26086,11,LSI-ISOCELL-HP2,H1,1200,1161,96.79,SCRATCH,2026-03-07
L26086,12,LSI-ISOCELL-HP2,H1,1200,1157,96.49,THIN_FILM,2026-03-14
L26086,13,LSI-ISOCELL-HP2,H1,1200,1155,96.26,OPEN,2026-03-05
L26086,14,LSI-ISOCELL-HP2,H1,1200,1137,94.82,PARTICLE,2026-03-09
L26086,15,LSI-ISOCELL-HP2,H1,1200,1158,96.54,PARTICLE,2026-03-13
L26086,16,LSI-ISOCELL-HP2,H1,1200,1173,97.82,ETC,2026-03-10
L26086,17,LSI-ISOCELL-HP2,H1,1200,1144,95.37,PARTICLE,2026-03-14
L26086,18,LSI-ISOCELL-HP2,H1,1200,1162,96.88,BRIDGE,2026-03-06
L26086,19,LSI-ISOCELL-HP2,H1,1200,1122,93.51,BRIDGE,2026-03-07
L26086,20,LSI-ISOCELL-HP2,H1,1200,1157,96.45,BRIDGE,2026-03-13
L26086,21,LSI-ISOCELL-HP2,H1,1200,1105,92.13,OPEN,2026-03-09
L26086,22,LSI-ISOCELL-HP2,H1,1200,1157,96.46,MISALIGN,2026-03-13
L26086,23,LSI-ISOCELL-HP2,H1,1200,1122,93.56,PARTICLE,2026-03-05
L26086,24,LSI-ISOCELL-HP2,H1,1200,1115,92.99,SCRATCH,2026-03-10
L26086,25,LSI-ISOCELL-HP2,H1,1200,1149,95.81,THIN_FILM,2026-03-06
L26087,1,D1B-DDR5-24G,P3,1200,1197,99.8,MISALIGN,2026-03-05
L26087,2,D1B-DDR5-24G,P3,1200,1116,93.06,OPEN,2026-03-12
L26087,3,D1B-DDR5-24G,P3,1200,1087,90.64,THIN_FILM,2026-03-08
L26087,4,D1B-DDR5-24G,P3,1200,1111,92.66,PARTICLE,2026-03-11
L26087,5,D1B-DDR5-24G,P3,1200,1162,96.84,SCRATCH,2026-03-06
L26087,6,D1B-DDR5-24G,P3,1200,1118,93.19,PARTICLE,2026-03-11
L26087,7,D1B-DDR5-24G,P3,1200,1131,94.28,OPEN,2026-03-13
L26087,8,D1B-DDR5-24G,P3,1200,1149,95.81,MISALIGN,2026-03-05
L26087,9,D1B-DDR5-24G,P3,1200,1164,97.01,PARTICLE,2026-03-12
L26087,10,D1B-DDR5-24G,P3,1200,1130,94.22,BRIDGE,2026-03-06
L26087,11,D1B-DDR5-24G,P3,1200,1133,94.46,PARTICLE,2026-03-06
L26087,12,D1B-DDR5-24G,P3,1200,1156,96.36,SCRATCH,2026-03-07
L26087,13,D1B-DDR5-24G,P3,1200,1173,97.8,BRIDGE,2026-03-06
L26087,14,D1B-DDR5-24G,P3,1200,1161,96.81,ETC,2026-03-13
L26087,15,D1B-DDR5-24G,P3,1200,1137,94.82,ETC,2026-03-10
L26087,16,D1B-DDR5-24G,P3,1200,1141,95.12,OPEN,2026-03-12
L26087,17,D1B-DDR5-24G,P3,1200,1151,95.97,BRIDGE,2026-03-12
L26087,18,D1B-DDR5-24G,P3,1200,1052,87.74,EDGE_CHIP,2026-03-11
L26087,19,D1B-DDR5-24G,P3,1200,1118,93.21,PARTICLE,2026-03-14
L26087,20,D1B-DDR5-24G,P3,1200,1149,95.77,MISALIGN,2026-03-12
L26087,21,D1B-DDR5-24G,P3,1200,1173,97.79,BRIDGE,2026-03-10
L26087,22,D1B-DDR5-24G,P3,1200,1162,96.85,BRIDGE,2026-03-07
L26087,23,D1B-DDR5-24G,P3,1200,1166,97.24,BRIDGE,2026-03-08
L26087,24,D1B-DDR5-24G,P3,1200,1142,95.17,BRIDGE,2026-03-05
L26087,25,D1B-DDR5-24G,P3,1200,1157,96.46,BRIDGE,2026-03-07
L26088,1,D1Z-DDR5-16G,P2,1200,1089,90.83,OPEN,2026-03-07
L26088,2,D1Z-DDR5-16G,P2,1200,1093,91.12,OPEN,2026-03-11
L26088,3,D1Z-DDR5-16G,P2,1200,1094,91.24,BRIDGE,2026-03-13
L26088,4,D1Z-DDR5-16G,P2,1200,1110,92.56,EDGE_CHIP,2026-03-10
L26088,5,D1Z-DDR5-16G,P2,1200,1126,93.85,BRIDGE,2026-03-14
L26088,6,D1Z-DDR5-16G,P2,1200,1117,93.14,PARTICLE,2026-03-13
L26088,7,D1Z-DDR5-16G,P2,1200,1104,92.06,ETC,2026-03-05
L26088,8,D1Z-DDR5-16G,P2,1200,1144,95.39,THIN_FILM,2026-03-05
L26088,9,D1Z-DDR5-16G,P2,1200,1061,88.48,BRIDGE,2026-03-06
L26088,10,D1Z-DDR5-16G,P2,1200,1106,92.23,BRIDGE,2026-03-07
L26088,11,D1Z-DDR5-16G,P2,1200,1076,89.74,PARTICLE,2026-03-11
L26088,12,D1Z-DDR5-16G,P2,1200,1124,93.72,OPEN,2026-03-13
L26088,13,D1Z-DDR5-16G,P2,1200,1094,91.23,THIN_FILM,2026-03-08
L26088,14,D1Z-DDR5-16G,P2,1200,1074,89.54,PARTICLE,2026-03-14
L26088,15,D1Z-DDR5-16G,P2,1200,1110,92.52,BRIDGE,2026-03-10
L26088,16,D1Z-DDR5-16G,P2,1200,1075,89.64,EDGE_CHIP,2026-03-14
L26088,17,D1Z-DDR5-16G,P2,1200,1084,90.38,PARTICLE,2026-03-12
L26088,18,D1Z-DDR5-16G,P2,1200,1122,93.52,PARTICLE,2026-03-12
L26088,19,D1Z-DDR5-16G,P2,1200,1074,89.57,PARTICLE,2026-03-13
L26088,20,D1Z-DDR5-16G,P2,1200,1116,93.0,SCRATCH,2026-03-12
L26088,21,D1Z-DDR5-16G,P2,1200,1084,90.41,SCRATCH,2026-03-08
L26088,22,D1Z-DDR5-16G,P2,1200,1073,89.47,OPEN,2026-03-06
L26088,23,D1Z-DDR5-16G,P2,1200,1116,93.03,PARTICLE,2026-03-11
L26088,24,D1Z-DDR5-16G,P2,1200,1082,90.23,ETC,2026-03-10
L26088,25,D1Z-DDR5-16G,P2,1200,1041,86.76,THIN_FILM,2026-03-12
L26089,1,LSI-ISOCELL-HP2,P3,1200,1023,85.32,OPEN,2026-03-09
L26089,2,LSI-ISOCELL-HP2,P3,1200,965,80.43,PARTICLE,2026-03-09
L26089,3,LSI-ISOCELL-HP2,P3,1200,1070,89.19,OPEN,2026-03-07
L26089,4,LSI-ISOCELL-HP2,P3,1200,1025,85.49,OPEN,2026-03-12
L26089,5,LSI-ISOCELL-HP2,P3,1200,1084,90.36,PARTICLE,2026-03-08
L26089,6,LSI-ISOCELL-HP2,P3,1200,1014,84.54,ETC,2026-03-09
L26089,7,LSI-ISOCELL-HP2,P3,1200,1044,87.04,PARTICLE,2026-03-10
L26089,8,LSI-ISOCELL-HP2,P3,1200,1017,84.83,PARTICLE,2026-03-09
L26089,9,LSI-ISOCELL-HP2,P3,1200,977,81.46,MISALIGN,2026-03-07
L26089,10,LSI-ISOCELL-HP2,P3,1200,1073,89.45,MISALIGN,2026-03-14
L26089,11,LSI-ISOCELL-HP2,P3,1200,1064,88.73,PARTICLE,2026-03-11
L26089,12,LSI-ISOCELL-HP2,P3,1200,1044,87.01,PARTICLE,2026-03-08
L26089,13,LSI-ISOCELL-HP2,P3,1200,1050,87.56,PARTICLE,2026-03-08
L26089,14,LSI-ISOCELL-HP2,P3,1200,1040,86.69,SCRATCH,2026-03-10
L26089,15,LSI-ISOCELL-HP2,P3,1200,1062,88.51,MISALIGN,2026-03-12
L26089,16,LSI-ISOCELL-HP2,P3,1200,1080,90.06,PARTICLE,2026-03-10
L26089,17,LSI-ISOCELL-HP2,P3,1200,1027,85.59,OPEN,2026-03-10
L26089,18,LSI-ISOCELL-HP2,P3,1200,1034,86.2,PARTICLE,2026-03-12
L26089,19,LSI-ISOCELL-HP2,P3,1200,1026,85.51,SCRATCH,2026-03-14
L26089,20,LSI-ISOCELL-HP2,P3,1200,1047,87.25,OPEN,2026-03-13
L26089,21,LSI-ISOCELL-HP2,P3,1200,1029,85.82,PARTICLE,2026-03-14
L26089,22,LSI-ISOCELL-HP2,P3,1200,1056,88.06,PARTICLE,2026-03-05
L26089,23,LSI-ISOCELL-HP2,P3,1200,1041,86.79,PARTICLE,2026-03-08
L26089,24,LSI-ISOCELL-HP2,P3,1200,1000,83.36,BRIDGE,2026-03-12
L26089,25,LSI-ISOCELL-HP2,P3,1200,1091,90.95,EDGE_CHIP,2026-03-10
L26090,1,V9-NAND-2Tb,P3,1200,1079,89.99,ETC,2026-03-14
L26090,2,V9-NAND-2Tb,P3,1200,1070,89.21,PARTICLE,2026-03-06
L26090,3,V9-NAND-2Tb,P3,1200,1075,89.6,OPEN,2026-03-05
L26090,4,V9-NAND-2Tb,P3,1200,1034,86.18,MISALIGN,2026-03-06
L26090,5,V9-NAND-2Tb,P3,1200,995,82.93,SCRATCH,2026-03-06
L26090,6,V9-NAND-2Tb,P3,1200,1102,91.89,EDGE_CHIP,2026-03-10
L26090,7,V9-NAND-2Tb,P3,1200,1047,87.26,THIN_FILM,2026-03-11
L26090,8,V9-NAND-2Tb,P3,1200,1044,87.08,SCRATCH,2026-03-12
L26090,9,V9-NAND-2Tb,P3,1200,1067,88.97,ETC,2026-03-07
L26090,10,V9-NAND-2Tb,P3,1200,1030,85.88,OPEN,2026-03-09
L26090,11,V9-NAND-2Tb,P3,1200,1096,91.36,BRIDGE,2026-03-09
L26090,12,V9-NAND-2Tb,P3,1200,1077,89.75,ETC,2026-03-06
L26090,13,V9-NAND-2Tb,P3,1200,1020,85.07,OPEN,2026-03-06
L26090,14,V9-NAND-2Tb,P3,1200,1067,88.95,EDGE_CHIP,2026-03-05
L26090,15,V9-NAND-2Tb,P3,1200,1055,87.98,BRIDGE,2026-03-11
L26090,16,V9-NAND-2Tb,P3,1200,1057,88.11,OPEN,2026-03-08
L26090,17,V9-NAND-2Tb,P3,1200,1045,87.08,BRIDGE,2026-03-06
L26090,18,V9-NAND-2Tb,P3,1200,1044,87.02,BRIDGE,2026-03-06
L26090,19,V9-NAND-2Tb,P3,1200,1088,90.68,BRIDGE,2026-03-05
L26090,20,V9-NAND-2Tb,P3,1200,1055,87.98,ETC,2026-03-14
L26090,21,V9-NAND-2Tb,P3,1200,1059,88.31,ETC,2026-03-05
L26090,22,V9-NAND-2Tb,P3,1200,1092,91.03,SCRATCH,2026-03-13
L26090,23,V9-NAND-2Tb,P3,1200,1037,86.44,SCRATCH,2026-03-05
L26090,24,V9-NAND-2Tb,P3,1200,1038,86.58,PARTICLE,2026-03-13
L26090,25,V9-NAND-2Tb,P3,1200,1064,88.7,SCRATCH,2026-03-10
L26091,1,V9-NAND-2Tb,H1,1200,1091,90.95,BRIDGE,2026-03-07
L26091,2,V9-NAND-2Tb,H1,1200,1077,89.76,SCRATCH,2026-03-06
L26091,3,V9-NAND-2Tb,H1,1200,1069,89.14,OPEN,2026-03-06
L26091,4,V9-NAND-2Tb,H1,1200,1056,88.01,OPEN,2026-03-14
L26091,5,V9-NAND-2Tb,H1,1200,1062,88.54,BRIDGE,2026-03-05
L26091,6,V9-NAND-2Tb,H1,1200,1064,88.72,THIN_FILM,2026-03-13
L26091,7,V9-NAND-2Tb,H1,1200,1076,89.74,SCRATCH,2026-03-14
L26091,8,V9-NAND-2Tb,H1,1200,1078,89.84,PARTICLE,2026-03-11
L26091,9,V9-NAND-2Tb,H1,1200,1013,84.45,PARTICLE,2026-03-13
L26091,10,V9-NAND-2Tb,H1,1200,1038,86.51,BRIDGE,2026-03-13
L26091,11,V9-NAND-2Tb,H1,1200,1105,92.14,OPEN,2026-03-07
L26091,12,V9-NAND-2Tb,H1,1200,1043,86.96,BRIDGE,2026-03-09
L26091,13,V9-NAND-2Tb,H1,1200,1098,91.51,MISALIGN,2026-03-05
L26091,14,V9-NAND-2Tb,H1,1200,969,80.83,BRIDGE,2026-03-11
L26091,15,V9-NAND-2Tb,H1,1200,1073,89.49,PARTICLE,2026-03-07
L26091,16,V9-NAND-2Tb,H1,1200,1076,89.71,SCRATCH,2026-03-07
L26091,17,V9-NAND-2Tb,H1,1200,1042,86.86,MISALIGN,2026-03-11
L26091,18,V9-NAND-2Tb,H1,1200,1085,90.43,THIN_FILM,2026-03-08
L26091,19,V9-NAND-2Tb,H1,1200,1080,90.02,PARTICLE,2026-03-12
L26091,20,V9-NAND-2Tb,H1,1200,1025,85.43,OPEN,2026-03-11
L26091,21,V9-NAND-2Tb,H1,1200,1073,89.45,PARTICLE,2026-03-13
L26091,22,V9-NAND-2Tb,H1,1200,1086,90.52,BRIDGE,2026-03-06
L26091,23,V9-NAND-2Tb,H1,1200,1099,91.65,THIN_FILM,2026-03-09
L26091,24,V9-NAND-2Tb,H1,1200,1055,87.99,THIN_FILM,2026-03-12
L26091,25,V9-NAND-2Tb,H1,1200,1070,89.23,MISALIGN,2026-03-13
L26092,1,LSI-ISOCELL-HP2,H1,1200,1102,91.89,OPEN,2026-03-05
L26092,2,LSI-ISOCELL-HP2,H1,1200,1112,92.68,THIN_FILM,2026-03-09
L26092,3,LSI-ISOCELL-HP2,H1,1200,1116,93.01,BRIDGE,2026-03-14
L26092,4,LSI-ISOCELL-HP2,H1,1200,1099,91.61,OPEN,2026-03-08
L26092,5,LSI-ISOCELL-HP2,H1,1200,1110,92.55,SCRATCH,2026-03-14
L26092,6,LSI-ISOCELL-HP2,H1,1200,1083,90.31,BRIDGE,2026-03-06
L26092,7,LSI-ISOCELL-HP2,H1,1200,1121,93.45,PARTICLE,2026-03-13
L26092,8,LSI-ISOCELL-HP2,H1,1200,1107,92.31,BRIDGE,2026-03-13
L26092,9,LSI-ISOCELL-HP2,H1,1200,1042,86.86,BRIDGE,2026-03-14
L26092,10,LSI-ISOCELL-HP2,H1,1200,1107,92.32,PARTICLE,2026-03-12
L26092,11,LSI-ISOCELL-HP2,H1,1200,1093,91.09,PARTICLE,2026-03-09
L26092,12,LSI-ISOCELL-HP2,H1,1200,1102,91.84,PARTICLE,2026-03-06
L26092,13,LSI-ISOCELL-HP2,H1,1200,1137,94.78,PARTICLE,2026-03-06
L26092,14,LSI-ISOCELL-HP2,H1,1200,1049,87.44,SCRATCH,2026-03-14
L26092,15,LSI-ISOCELL-HP2,H1,1200,1123,93.62,BRIDGE,2026-03-08
L26092,16,LSI-ISOCELL-HP2,H1,1200,1123,93.6,BRIDGE,2026-03-12
L26092,17,LSI-ISOCELL-HP2,H1,1200,1127,93.97,SCRATCH,2026-03-08
L26092,18,LSI-ISOCELL-HP2,H1,1200,1068,89.05,MISALIGN,2026-03-11
L26092,19,LSI-ISOCELL-HP2,H1,1200,1076,89.75,PARTICLE,2026-03-05
L26092,20,LSI-ISOCELL-HP2,H1,1200,1085,90.42,BRIDGE,2026-03-11
L26092,21,LSI-ISOCELL-HP2,H1,1200,1101,91.78,BRIDGE,2026-03-14
L26092,22,LSI-ISOCELL-HP2,H1,1200,1129,94.09,ETC,2026-03-12
L26092,23,LSI-ISOCELL-HP2,H1,1200,1129,94.12,OPEN,2026-03-14
L26092,24,LSI-ISOCELL-HP2,H1,1200,1081,90.12,MISALIGN,2026-03-05
L26092,25,LSI-ISOCELL-HP2,H1,1200,1094,91.23,EDGE_CHIP,2026-03-12
L26093,1,V9-NAND-2Tb,P1,1200,1108,92.34,PARTICLE,2026-03-09
L26093,2,V9-NAND-2Tb,P1,1200,1039,86.66,OPEN,2026-03-12
L26093,3,V9-NAND-2Tb,P1,1200,1056,88.01,BRIDGE,2026-03-10
L26093,4,V9-NAND-2Tb,P1,1200,1094,91.2,THIN_FILM,2026-03-09
L26093,5,V9-NAND-2Tb,P1,1200,1035,86.32,PARTICLE,2026-03-14
L26093,6,V9-NAND-2Tb,P1,1200,1048,87.39,MISALIGN,2026-03-10
L26093,7,V9-NAND-2Tb,P1,1200,1094,91.19,SCRATCH,2026-03-11
L26093,8,V9-NAND-2Tb,P1,1200,1106,92.19,BRIDGE,2026-03-08
L26093,9,V9-NAND-2Tb,P1,1200,1121,93.46,OPEN,2026-03-08
L26093,10,V9-NAND-2Tb,P1,1200,1066,88.86,BRIDGE,2026-03-13
L26093,11,V9-NAND-2Tb,P1,1200,1084,90.41,BRIDGE,2026-03-12
L26093,12,V9-NAND-2Tb,P1,1200,1080,90.04,BRIDGE,2026-03-09
L26093,13,V9-NAND-2Tb,P1,1200,1089,90.78,BRIDGE,2026-03-09
L26093,14,V9-NAND-2Tb,P1,1200,1111,92.61,BRIDGE,2026-03-06
L26093,15,V9-NAND-2Tb,P1,1200,1057,88.16,BRIDGE,2026-03-14
L26093,16,V9-NAND-2Tb,P1,1200,1060,88.4,EDGE_CHIP,2026-03-10
L26093,17,V9-NAND-2Tb,P1,1200,1081,90.17,PARTICLE,2026-03-08
L26093,18,V9-NAND-2Tb,P1,1200,1069,89.11,BRIDGE,2026-03-14
L26093,19,V9-NAND-2Tb,P1,1200,1069,89.11,SCRATCH,2026-03-11
L26093,20,V9-NAND-2Tb,P1,1200,1080,90.03,BRIDGE,2026-03-06
L26093,21,V9-NAND-2Tb,P1,1200,1094,91.24,BRIDGE,2026-03-08
L26093,22,V9-NAND-2Tb,P1,1200,1053,87.77,PARTICLE,2026-03-08
L26093,23,V9-NAND-2Tb,P1,1200,1092,91.08,PARTICLE,2026-03-10
L26093,24,V9-NAND-2Tb,P1,1200,1060,88.39,SCRATCH,2026-03-12
L26093,25,V9-NAND-2Tb,P1,1200,1078,89.86,EDGE_CHIP,2026-03-08
L26094,1,LSI-ISOCELL-HP2,P1,1200,1082,90.18,MISALIGN,2026-03-09
L26094,2,LSI-ISOCELL-HP2,P1,1200,1104,92.02,SCRATCH,2026-03-10
L26094,3,LSI-ISOCELL-HP2,P1,1200,1098,91.56,MISALIGN,2026-03-08
L26094,4,LSI-ISOCELL-HP2,P1,1200,1090,90.85,MISALIGN,2026-03-12
L26094,5,LSI-ISOCELL-HP2,P1,1200,1116,93.04,ETC,2026-03-11
L26094,6,LSI-ISOCELL-HP2,P1,1200,1131,94.31,OPEN,2026-03-09
L26094,7,LSI-ISOCELL-HP2,P1,1200,1130,94.2,BRIDGE,2026-03-06
L26094,8,LSI-ISOCELL-HP2,P1,1200,1123,93.66,OPEN,2026-03-12
L26094,9,LSI-ISOCELL-HP2,P1,1200,1101,91.79,MISALIGN,2026-03-05
L26094,10,LSI-ISOCELL-HP2,P1,1200,1098,91.52,EDGE_CHIP,2026-03-09
L26094,11,LSI-ISOCELL-HP2,P1,1200,1109,92.44,SCRATCH,2026-03-12
L26094,12,LSI-ISOCELL-HP2,P1,1200,1122,93.58,PARTICLE,2026-03-07
L26094,13,LSI-ISOCELL-HP2,P1,1200,1131,94.26,OPEN,2026-03-11
L26094,14,LSI-ISOCELL-HP2,P1,1200,1085,90.48,PARTICLE,2026-03-06
L26094,15,LSI-ISOCELL-HP2,P1,1200,1101,91.79,EDGE_CHIP,2026-03-05
L26094,16,LSI-ISOCELL-HP2,P1,1200,1101,91.81,OPEN,2026-03-11
L26094,17,LSI-ISOCELL-HP2,P1,1200,1099,91.63,EDGE_CHIP,2026-03-10
L26094,18,LSI-ISOCELL-HP2,P1,1200,1110,92.5,BRIDGE,2026-03-09
L26094,19,LSI-ISOCELL-HP2,P1,1200,1118,93.22,OPEN,2026-03-05
L26094,20,LSI-ISOCELL-HP2,P1,1200,1015,84.59,PARTICLE,2026-03-07
L26094,21,LSI-ISOCELL-HP2,P1,1200,1076,89.74,SCRATCH,2026-03-05
L26094,22,LSI-ISOCELL-HP2,P1,1200,1158,96.56,PARTICLE,2026-03-12
L26094,23,LSI-ISOCELL-HP2,P1,1200,1157,96.46,BRIDGE,2026-03-09
L26094,24,LSI-ISOCELL-HP2,P1,1200,1076,89.7,PARTICLE,2026-03-09
L26094,25,LSI-ISOCELL-HP2,P1,1200,1114,92.87,PARTICLE,2026-03-06
L26095,1,D1B-DDR5-24G,P1,1200,1116,93.01,ETC,2026-03-07
L26095,2,D1B-DDR5-24G,P1,1200,1153,96.1,EDGE_CHIP,2026-03-14
L26095,3,D1B-DDR5-24G,P1,1200,1135,94.63,ETC,2026-03-07
L26095,4,D1B-DDR5-24G,P1,1200,1172,97.71,EDGE_CHIP,2026-03-06
L26095,5,D1B-DDR5-24G,P1,1200,1131,94.29,BRIDGE,2026-03-05
L26095,6,D1B-DDR5-24G,P1,1200,1132,94.37,BRIDGE,2026-03-11
L26095,7,D1B-DDR5-24G,P1,1200,1105,92.11,SCRATCH,2026-03-10
L26095,8,D1B-DDR5-24G,P1,1200,1140,95.06,SCRATCH,2026-03-13
L26095,9,D1B-DDR5-24G,P1,1200,1147,95.59,OPEN,2026-03-08
L26095,10,D1B-DDR5-24G,P1,1200,1193,99.45,BRIDGE,2026-03-13
L26095,11,D1B-DDR5-24G,P1,1200,1168,97.36,THIN_FILM,2026-03-08
L26095,12,D1B-DDR5-24G,P1,1200,1128,94.08,PARTICLE,2026-03-08
L26095,13,D1B-DDR5-24G,P1,1200,1129,94.16,EDGE_CHIP,2026-03-05
L26095,14,D1B-DDR5-24G,P1,1200,1146,95.54,MISALIGN,2026-03-09
L26095,15,D1B-DDR5-24G,P1,1200,1174,97.88,PARTICLE,2026-03-11
L26095,16,D1B-DDR5-24G,P1,1200,1144,95.34,ETC,2026-03-07
L26095,17,D1B-DDR5-24G,P1,1200,1139,94.94,PARTICLE,2026-03-05
L26095,18,D1B-DDR5-24G,P1,1200,1074,89.57,PARTICLE,2026-03-10
L26095,19,D1B-DDR5-24G,P1,1200,1148,95.73,OPEN,2026-03-08
L26095,20,D1B-DDR5-24G,P1,1200,1121,93.48,PARTICLE,2026-03-12
L26095,21,D1B-DDR5-24G,P1,1200,1141,95.1,PARTICLE,2026-03-09
L26095,22,D1B-DDR5-24G,P1,1200,1149,95.79,BRIDGE,2026-03-07
L26095,23,D1B-DDR5-24G,P1,1200,1143,95.26,PARTICLE,2026-03-05
L26095,24,D1B-DDR5-24G,P1,1200,1193,99.42,OPEN,2026-03-09
L26095,25,D1B-DDR5-24G,P1,1200,1133,94.45,BRIDGE,2026-03-08
L26096,1,D1B-DDR5-24G,P1,1200,1173,97.79,PARTICLE,2026-03-14
L26096,2,D1B-DDR5-24G,P1,1200,1134,94.54,SCRATCH,2026-03-06
L26096,3,D1B-DDR5-24G,P1,1200,1090,90.84,SCRATCH,2026-03-09
L26096,4,D1B-DDR5-24G,P1,1200,1145,95.5,OPEN,2026-03-12
L26096,5,D1B-DDR5-24G,P1,1200,1111,92.61,SCRATCH,2026-03-11
L26096,6,D1B-DDR5-24G,P1,1200,1165,97.14,PARTICLE,2026-03-10
L26096,7,D1B-DDR5-24G,P1,1200,1117,93.12,PARTICLE,2026-03-14
L26096,8,D1B-DDR5-24G,P1,1200,1127,93.96,OPEN,2026-03-10
L26096,9,D1B-DDR5-24G,P1,1200,1137,94.8,MISALIGN,2026-03-12
L26096,10,D1B-DDR5-24G,P1,1200,1161,96.77,ETC,2026-03-07
L26096,11,D1B-DDR5-24G,P1,1200,1139,94.92,THIN_FILM,2026-03-10
L26096,12,D1B-DDR5-24G,P1,1200,1115,92.94,BRIDGE,2026-03-07
L26096,13,D1B-DDR5-24G,P1,1200,1124,93.69,PARTICLE,2026-03-09
L26096,14,D1B-DDR5-24G,P1,1200,1123,93.59,BRIDGE,2026-03-13
L26096,15,D1B-DDR5-24G,P1,1200,1134,94.54,MISALIGN,2026-03-05
L26096,16,D1B-DDR5-24G,P1,1200,1158,96.51,OPEN,2026-03-05
L26096,17,D1B-DDR5-24G,P1,1200,1144,95.37,BRIDGE,2026-03-09
L26096,18,D1B-DDR5-24G,P1,1200,1088,90.74,MISALIGN,2026-03-06
L26096,19,D1B-DDR5-24G,P1,1200,1112,92.74,OPEN,2026-03-10
L26096,20,D1B-DDR5-24G,P1,1200,1135,94.64,PARTICLE,2026-03-12
L26096,21,D1B-DDR5-24G,P1,1200,1147,95.6,SCRATCH,2026-03-08
L26096,22,D1B-DDR5-24G,P1,1200,1119,93.33,PARTICLE,2026-03-14
L26096,23,D1B-DDR5-24G,P1,1200,1130,94.21,MISALIGN,2026-03-10
L26096,24,D1B-DDR5-24G,P1,1200,1161,96.77,BRIDGE,2026-03-14
L26096,25,D1B-DDR5-24G,P1,1200,1098,91.58,PARTICLE,2026-03-06
L26097,1,V9-NAND-2Tb,H1,1200,1079,89.98,PARTICLE,2026-03-06
L26097,2,V9-NAND-2Tb,H1,1200,1101,91.76,PARTICLE,2026-03-13
L26097,3,V9-NAND-2Tb,H1,1200,1095,91.31,PARTICLE,2026-03-10
L26097,4,V9-NAND-2Tb,H1,1200,1058,88.23,SCRATCH,2026-03-05
L26097,5,V9-NAND-2Tb,H1,1200,1081,90.16,BRIDGE,2026-03-07
L26097,6,V9-NAND-2Tb,H1,1200,1075,89.64,BRIDGE,2026-03-11
L26097,7,V9-NAND-2Tb,H1,1200,1109,92.47,PARTICLE,2026-03-07
L26097,8,V9-NAND-2Tb,H1,1200,1099,91.6,OPEN,2026-03-07
L26097,9,V9-NAND-2Tb,H1,1200,1102,91.84,PARTICLE,2026-03-05
L26097,10,V9-NAND-2Tb,H1,1200,1104,92.01,SCRATCH,2026-03-05
L26097,11,V9-NAND-2Tb,H1,1200,1084,90.36,PARTICLE,2026-03-07
L26097,12,V9-NAND-2Tb,H1,1200,1087,90.65,PARTICLE,2026-03-13
L26097,13,V9-NAND-2Tb,H1,1200,1112,92.7,THIN_FILM,2026-03-13
L26097,14,V9-NAND-2Tb,H1,1200,1143,95.3,PARTICLE,2026-03-05
L26097,15,V9-NAND-2Tb,H1,1200,1050,87.58,THIN_FILM,2026-03-10
L26097,16,V9-NAND-2Tb,H1,1200,1084,90.35,SCRATCH,2026-03-08
L26097,17,V9-NAND-2Tb,H1,1200,1121,93.45,SCRATCH,2026-03-09
L26097,18,V9-NAND-2Tb,H1,1200,1144,95.37,BRIDGE,2026-03-06
L26097,19,V9-NAND-2Tb,H1,1200,1102,91.9,SCRATCH,2026-03-14
L26097,20,V9-NAND-2Tb,H1,1200,1085,90.49,PARTICLE,2026-03-13
L26097,21,V9-NAND-2Tb,H1,1200,1057,88.15,SCRATCH,2026-03-14
L26097,22,V9-NAND-2Tb,H1,1200,1099,91.66,BRIDGE,2026-03-14
L26097,23,V9-NAND-2Tb,H1,1200,1093,91.13,BRIDGE,2026-03-06
L26097,24,V9-NAND-2Tb,H1,1200,1110,92.57,PARTICLE,2026-03-07
L26097,25,V9-NAND-2Tb,H1,1200,1055,87.94,BRIDGE,2026-03-14
L26098,1,LSI-ISOCELL-HP2,H1,1200,1102,91.87,BRIDGE,2026-03-12
L26098,2,LSI-ISOCELL-HP2,H1,1200,1120,93.41,BRIDGE,2026-03-07
L26098,3,LSI-ISOCELL-HP2,H1,1200,1092,91.02,MISALIGN,2026-03-06
L26098,4,LSI-ISOCELL-HP2,H1,1200,1074,89.58,SCRATCH,2026-03-09
L26098,5,LSI-ISOCELL-HP2,H1,1200,1087,90.61,EDGE_CHIP,2026-03-06
L26098,6,LSI-ISOCELL-HP2,H1,1200,1092,91.01,BRIDGE,2026-03-08
L26098,7,LSI-ISOCELL-HP2,H1,1200,1079,89.92,PARTICLE,2026-03-12
L26098,8,LSI-ISOCELL-HP2,H1,1200,1095,91.3,BRIDGE,2026-03-09
L26098,9,LSI-ISOCELL-HP2,H1,1200,1066,88.84,OPEN,2026-03-10
L26098,10,LSI-ISOCELL-HP2,H1,1200,1079,89.97,OPEN,2026-03-14
L26098,11,LSI-ISOCELL-HP2,H1,1200,1081,90.15,OPEN,2026-03-08
L26098,12,LSI-ISOCELL-HP2,H1,1200,1092,91.08,PARTICLE,2026-03-08
L26098,13,LSI-ISOCELL-HP2,H1,1200,1111,92.65,THIN_FILM,2026-03-13
L26098,14,LSI-ISOCELL-HP2,H1,1200,1087,90.63,BRIDGE,2026-03-06
L26098,15,LSI-ISOCELL-HP2,H1,1200,1077,89.8,BRIDGE,2026-03-14
L26098,16,LSI-ISOCELL-HP2,H1,1200,1076,89.67,THIN_FILM,2026-03-12
L26098,17,LSI-ISOCELL-HP2,H1,1200,1086,90.52,BRIDGE,2026-03-09
L26098,18,LSI-ISOCELL-HP2,H1,1200,1105,92.11,PARTICLE,2026-03-10
L26098,19,LSI-ISOCELL-HP2,H1,1200,1055,87.97,SCRATCH,2026-03-14
L26098,20,LSI-ISOCELL-HP2,H1,1200,1088,90.75,BRIDGE,2026-03-14
L26098,21,LSI-ISOCELL-HP2,H1,1200,1089,90.78,PARTICLE,2026-03-11
L26098,22,LSI-ISOCELL-HP2,H1,1200,1069,89.14,PARTICLE,2026-03-11
L26098,23,LSI-ISOCELL-HP2,H1,1200,1080,90.08,SCRATCH,2026-03-08
L26098,24,LSI-ISOCELL-HP2,H1,1200,1068,89.05,MISALIGN,2026-03-06
L26098,25,LSI-ISOCELL-HP2,H1,1200,1100,91.68,ETC,2026-03-13
L26099,1,V9-NAND-2Tb,P1,1200,1191,99.31,MISALIGN,2026-03-13
L26099,2,V9-NAND-2Tb,P1,1200,1197,99.8,BRIDGE,2026-03-05
L26099,3,V9-NAND-2Tb,P1,1200,1197,99.8,PARTICLE,2026-03-13
L26099,4,V9-NAND-2Tb,P1,1200,1176,98.08,SCRATCH,2026-03-05
L26099,5,V9-NAND-2Tb,P1,1200,1121,93.43,SCRATCH,2026-03-10
L26099,6,V9-NAND-2Tb,P1,1200,1197,99.8,MISALIGN,2026-03-09
L26099,7,V9-NAND-2Tb,P1,1200,1184,98.74,PARTICLE,2026-03-12
L26099,8,V9-NAND-2Tb,P1,1200,1197,99.8,OPEN,2026-03-05
L26099,9,V9-NAND-2Tb,P1,1200,1178,98.17,BRIDGE,2026-03-14
L26099,10,V9-NAND-2Tb,P1,1200,1197,99.8,PARTICLE,2026-03-05
L26099,11,V9-NAND-2Tb,P1,1200,1167,97.26,ETC,2026-03-08
L26099,12,V9-NAND-2Tb,P1,1200,1197,99.8,BRIDGE,2026-03-07
L26099,13,V9-NAND-2Tb,P1,1200,1160,96.68,THIN_FILM,2026-03-09
L26099,14,V9-NAND-2Tb,P1,1200,1197,99.8,ETC,2026-03-09
L26099,15,V9-NAND-2Tb,P1,1200,1195,99.59,BRIDGE,2026-03-06
L26099,16,V9-NAND-2Tb,P1,1200,1186,98.85,BRIDGE,2026-03-10
L26099,17,V9-NAND-2Tb,P1,1200,1197,99.8,MISALIGN,2026-03-07
L26099,18,V9-NAND-2Tb,P1,1200,1187,98.97,ETC,2026-03-09
L26099,19,V9-NAND-2Tb,P1,1200,1197,99.8,MISALIGN,2026-03-14
L26099,20,V9-NAND-2Tb,P1,1200,1175,97.97,SCRATCH,2026-03-06
L26099,21,V9-NAND-2Tb,P1,1200,1197,99.8,PARTICLE,2026-03-11
L26099,22,V9-NAND-2Tb,P1,1200,1191,99.26,SCRATCH,2026-03-07
L26099,23,V9-NAND-2Tb,P1,1200,1147,95.58,MISALIGN,2026-03-06
L26099,24,V9-NAND-2Tb,P1,1200,1174,97.85,OPEN,2026-03-09
L26099,25,V9-NAND-2Tb,P1,1200,1197,99.8,BRIDGE,2026-03-10
L26100,1,D1Z-DDR5-16G,H1,1200,1119,93.28,BRIDGE,2026-03-10
L26100,2,D1Z-DDR5-16G,H1,1200,1105,92.09,PARTICLE,2026-03-12
L26100,3,D1Z-DDR5-16G,H1,1200,1093,91.13,BRIDGE,2026-03-07
L26100,4,D1Z-DDR5-16G,H1,1200,1102,91.83,BRIDGE,2026-03-12
L26100,5,D1Z-DDR5-16G,H1,1200,1123,93.63,MISALIGN,2026-03-06
L26100,6,D1Z-DDR5-16G,H1,1200,1141,95.1,BRIDGE,2026-03-07
L26100,7,D1Z-DDR5-16G,H1,1200,1128,94.02,BRIDGE,2026-03-08
L26100,8,D1Z-DDR5-16G,H1,1200,1079,89.98,BRIDGE,2026-03-05
L26100,9,D1Z-DDR5-16G,H1,1200,1114,92.91,BRIDGE,2026-03-08
L26100,10,D1Z-DDR5-16G,H1,1200,1099,91.63,THIN_FILM,2026-03-11
L26100,11,D1Z-DDR5-16G,H1,1200,1087,90.66,SCRATCH,2026-03-05
L26100,12,D1Z-DDR5-16G,H1,1200,1086,90.56,OPEN,2026-03-12
L26100,13,D1Z-DDR5-16G,H1,1200,1089,90.82,SCRATCH,2026-03-06
L26100,14,D1Z-DDR5-16G,H1,1200,1107,92.3,SCRATCH,2026-03-09
L26100,15,D1Z-DDR5-16G,H1,1200,1107,92.27,BRIDGE,2026-03-05
L26100,16,D1Z-DDR5-16G,H1,1200,1090,90.9,SCRATCH,2026-03-10
L26100,17,D1Z-DDR5-16G,H1,1200,1060,88.36,PARTICLE,2026-03-11
L26100,18,D1Z-DDR5-16G,H1,1200,1096,91.38,EDGE_CHIP,2026-03-11
L26100,19,D1Z-DDR5-16G,H1,1200,1118,93.21,PARTICLE,2026-03-06
L26100,20,D1Z-DDR5-16G,H1,1200,1148,95.7,ETC,2026-03-14
L26100,21,D1Z-DDR5-16G,H1,1200,1130,94.24,PARTICLE,2026-03-14
L26100,22,D1Z-DDR5-16G,H1,1200,1111,92.64,SCRATCH,2026-03-09
L26100,23,D1Z-DDR5-16G,H1,1200,1088,90.74,PARTICLE,2026-03-05
L26100,24,D1Z-DDR5-16G,H1,1200,1116,93.04,BRIDGE,2026-03-07
L26100,25,D1Z-DDR5-16G,H1,1200,1109,92.47,EDGE_CHIP,2026-03-09
L26101,1,D1B-DDR5-24G,P3,1200,1119,93.29,OPEN,2026-03-11
L26101,2,D1B-DDR5-24G,P3,1200,1108,92.38,OPEN,2026-03-07
L26101,3,D1B-DDR5-24G,P3,1200,1174,97.85,BRIDGE,2026-03-14
L26101,4,D1B-DDR5-24G,P3,1200,1145,95.45,PARTICLE,2026-03-05
L26101,5,D1B-DDR5-24G,P3,1200,1168,97.37,SCRATCH,2026-03-10
L26101,6,D1B-DDR5-24G,P3,1200,1146,95.51,ETC,2026-03-05
L26101,7,D1B-DDR5-24G,P3,1200,1197,99.8,PARTICLE,2026-03-08
L26101,8,D1B-DDR5-24G,P3,1200,1044,87.05,PARTICLE,2026-03-14
L26101,9,D1B-DDR5-24G,P3,1200,1158,96.52,MISALIGN,2026-03-10
L26101,10,D1B-DDR5-24G,P3,1200,1163,96.94,PARTICLE,2026-03-11
L26101,11,D1B-DDR5-24G,P3,1200,1132,94.41,SCRATCH,2026-03-13
L26101,12,D1B-DDR5-24G,P3,1200,1108,92.4,PARTICLE,2026-03-06
L26101,13,D1B-DDR5-24G,P3,1200,1162,96.89,SCRATCH,2026-03-14
L26101,14,D1B-DDR5-24G,P3,1200,1108,92.42,EDGE_CHIP,2026-03-05
L26101,15,D1B-DDR5-24G,P3,1200,1140,95.08,THIN_FILM,2026-03-13
L26101,16,D1B-DDR5-24G,P3,1200,1131,94.31,EDGE_CHIP,2026-03-08
L26101,17,D1B-DDR5-24G,P3,1200,1141,95.15,PARTICLE,2026-03-08
L26101,18,D1B-DDR5-24G,P3,1200,1153,96.12,OPEN,2026-03-05
L26101,19,D1B-DDR5-24G,P3,1200,1141,95.09,ETC,2026-03-06
L26101,20,D1B-DDR5-24G,P3,1200,1150,95.85,OPEN,2026-03-11
L26101,21,D1B-DDR5-24G,P3,1200,1160,96.68,EDGE_CHIP,2026-03-11
L26101,22,D1B-DDR5-24G,P3,1200,1136,94.73,PARTICLE,2026-03-10
L26101,23,D1B-DDR5-24G,P3,1200,1194,99.52,OPEN,2026-03-14
L26101,24,D1B-DDR5-24G,P3,1200,1141,95.11,BRIDGE,2026-03-14
L26101,25,D1B-DDR5-24G,P3,1200,1138,94.84,ETC,2026-03-09
L26102,1,LSI-ISOCELL-HP2,P2,1200,1111,92.6,THIN_FILM,2026-03-12
L26102,2,LSI-ISOCELL-HP2,P2,1200,1117,93.1,OPEN,2026-03-08
L26102,3,LSI-ISOCELL-HP2,P2,1200,1006,83.91,PARTICLE,2026-03-13
L26102,4,LSI-ISOCELL-HP2,P2,1200,1072,89.38,ETC,2026-03-13
L26102,5,LSI-ISOCELL-HP2,P2,1200,1090,90.84,PARTICLE,2026-03-07
L26102,6,LSI-ISOCELL-HP2,P2,1200,1084,90.39,BRIDGE,2026-03-08
L26102,7,LSI-ISOCELL-HP2,P2,1200,1108,92.37,PARTICLE,2026-03-10
L26102,8,LSI-ISOCELL-HP2,P2,1200,1118,93.18,THIN_FILM,2026-03-11
L26102,9,LSI-ISOCELL-HP2,P2,1200,1070,89.24,MISALIGN,2026-03-12
L26102,10,LSI-ISOCELL-HP2,P2,1200,989,82.49,EDGE_CHIP,2026-03-06
L26102,11,LSI-ISOCELL-HP2,P2,1200,1069,89.15,SCRATCH,2026-03-07
L26102,12,LSI-ISOCELL-HP2,P2,1200,1068,89.08,OPEN,2026-03-08
L26102,13,LSI-ISOCELL-HP2,P2,1200,1079,89.97,BRIDGE,2026-03-11
L26102,14,LSI-ISOCELL-HP2,P2,1200,1084,90.35,OPEN,2026-03-12
L26102,15,LSI-ISOCELL-HP2,P2,1200,1065,88.81,PARTICLE,2026-03-07
L26102,16,LSI-ISOCELL-HP2,P2,1200,1072,89.34,PARTICLE,2026-03-08
L26102,17,LSI-ISOCELL-HP2,P2,1200,1083,90.28,MISALIGN,2026-03-08
L26102,18,LSI-ISOCELL-HP2,P2,1200,1061,88.48,OPEN,2026-03-12
L26102,19,LSI-ISOCELL-HP2,P2,1200,1078,89.91,BRIDGE,2026-03-13
L26102,20,LSI-ISOCELL-HP2,P2,1200,1082,90.2,MISALIGN,2026-03-07
L26102,21,LSI-ISOCELL-HP2,P2,1200,1072,89.41,PARTICLE,2026-03-05
L26102,22,LSI-ISOCELL-HP2,P2,1200,1091,90.98,PARTICLE,2026-03-10
L26102,23,LSI-ISOCELL-HP2,P2,1200,1105,92.1,ETC,2026-03-09
L26102,24,LSI-ISOCELL-HP2,P2,1200,1064,88.67,OPEN,2026-03-06
L26102,25,LSI-ISOCELL-HP2,P2,1200,1116,93.03,PARTICLE,2026-03-09
L26103,1,V9-NAND-2Tb,P3,1200,1090,90.85,PARTICLE,2026-03-06
L26103,2,V9-NAND-2Tb,P3,1200,1137,94.8,PARTICLE,2026-03-11
L26103,3,V9-NAND-2Tb,P3,1200,1124,93.72,MISALIGN,2026-03-11
L26103,4,V9-NAND-2Tb,P3,1200,1091,90.97,OPEN,2026-03-05
L26103,5,V9-NAND-2Tb,P3,1200,1116,93.05,MISALIGN,2026-03-13
L26103,6,V9-NAND-2Tb,P3,1200,1099,91.66,PARTICLE,2026-03-05
L26103,7,V9-NAND-2Tb,P3,1200,1093,91.09,PARTICLE,2026-03-10
L26103,8,V9-NAND-2Tb,P3,1200,1139,94.97,PARTICLE,2026-03-09
L26103,9,V9-NAND-2Tb,P3,1200,1110,92.57,PARTICLE,2026-03-13
L26103,10,V9-NAND-2Tb,P3,1200,1095,91.26,PARTICLE,2026-03-07
L26103,11,V9-NAND-2Tb,P3,1200,1092,91.07,BRIDGE,2026-03-11
L26103,12,V9-NAND-2Tb,P3,1200,1083,90.31,BRIDGE,2026-03-14
L26103,13,V9-NAND-2Tb,P3,1200,1123,93.64,EDGE_CHIP,2026-03-08
L26103,14,V9-NAND-2Tb,P3,1200,1117,93.13,MISALIGN,2026-03-12
L26103,15,V9-NAND-2Tb,P3,1200,1108,92.41,PARTICLE,2026-03-07
L26103,16,V9-NAND-2Tb,P3,1200,1092,91.06,SCRATCH,2026-03-09
L26103,17,V9-NAND-2Tb,P3,1200,1099,91.59,OPEN,2026-03-12
L26103,18,V9-NAND-2Tb,P3,1200,1130,94.19,MISALIGN,2026-03-08
L26103,19,V9-NAND-2Tb,P3,1200,1110,92.56,EDGE_CHIP,2026-03-07
L26103,20,V9-NAND-2Tb,P3,1200,1068,89.02,SCRATCH,2026-03-13
L26103,21,V9-NAND-2Tb,P3,1200,1129,94.14,SCRATCH,2026-03-05
L26103,22,V9-NAND-2Tb,P3,1200,1103,91.96,PARTICLE,2026-03-14
L26103,23,V9-NAND-2Tb,P3,1200,1103,91.94,BRIDGE,2026-03-11
L26103,24,V9-NAND-2Tb,P3,1200,1109,92.44,OPEN,2026-03-14
L26103,25,V9-NAND-2Tb,P3,1200,1090,90.84,PARTICLE,2026-03-05
L26104,1,D1Z-DDR5-16G,P2,1200,1162,96.87,THIN_FILM,2026-03-10
L26104,2,D1Z-DDR5-16G,P2,1200,1158,96.53,BRIDGE,2026-03-14
L26104,3,D1Z-DDR5-16G,P2,1200,1170,97.52,BRIDGE,2026-03-10
L26104,4,D1Z-DDR5-16G,P2,1200,1116,93.06,MISALIGN,2026-03-07
L26104,5,D1Z-DDR5-16G,P2,1200,1173,97.78,EDGE_CHIP,2026-03-09
L26104,6,D1Z-DDR5-16G,P2,1200,1176,98.02,PARTICLE,2026-03-05
L26104,7,D1Z-DDR5-16G,P2,1200,1142,95.24,MISALIGN,2026-03-10
L26104,8,D1Z-DDR5-16G,P2,1200,1121,93.49,BRIDGE,2026-03-08
L26104,9,D1Z-DDR5-16G,P2,1200,1193,99.45,THIN_FILM,2026-03-11
L26104,10,D1Z-DDR5-16G,P2,1200,1153,96.1,PARTICLE,2026-03-13
L26104,11,D1Z-DDR5-16G,P2,1200,1139,94.96,SCRATCH,2026-03-13
L26104,12,D1Z-DDR5-16G,P2,1200,1135,94.61,PARTICLE,2026-03-09
L26104,13,D1Z-DDR5-16G,P2,1200,1180,98.38,ETC,2026-03-07
L26104,14,D1Z-DDR5-16G,P2,1200,1122,93.51,PARTICLE,2026-03-06
L26104,15,D1Z-DDR5-16G,P2,1200,1168,97.39,OPEN,2026-03-07
L26104,16,D1Z-DDR5-16G,P2,1200,1170,97.58,PARTICLE,2026-03-06
L26104,17,D1Z-DDR5-16G,P2,1200,1107,92.32,SCRATCH,2026-03-14
L26104,18,D1Z-DDR5-16G,P2,1200,1135,94.58,SCRATCH,2026-03-06
L26104,19,D1Z-DDR5-16G,P2,1200,1102,91.9,PARTICLE,2026-03-05
L26104,20,D1Z-DDR5-16G,P2,1200,1119,93.28,BRIDGE,2026-03-05
L26104,21,D1Z-DDR5-16G,P2,1200,1052,87.68,OPEN,2026-03-10
L26104,22,D1Z-DDR5-16G,P2,1200,1082,90.22,OPEN,2026-03-08
L26104,23,D1Z-DDR5-16G,P2,1200,1059,88.28,OPEN,2026-03-11
L26104,24,D1Z-DDR5-16G,P2,1200,1109,92.45,MISALIGN,2026-03-07
L26104,25,D1Z-DDR5-16G,P2,1200,1171,97.61,BRIDGE,2026-03-08
L26105,1,LSI-ISOCELL-HP2,P1,1200,1013,84.44,SCRATCH,2026-03-06
L26105,2,LSI-ISOCELL-HP2,P1,1200,1088,90.72,MISALIGN,2026-03-13
L26105,3,LSI-ISOCELL-HP2,P1,1200,1065,88.83,BRIDGE,2026-03-09
L26105,4,LSI-ISOCELL-HP2,P1,1200,1068,89.06,THIN_FILM,2026-03-11
L26105,5,LSI-ISOCELL-HP2,P1,1200,1013,84.48,PARTICLE,2026-03-13
L26105,6,LSI-ISOCELL-HP2,P1,1200,1101,91.79,SCRATCH,2026-03-13
L26105,7,LSI-ISOCELL-HP2,P1,1200,1103,91.95,THIN_FILM,2026-03-06
L26105,8,LSI-ISOCELL-HP2,P1,1200,1068,89.05,PARTICLE,2026-03-05
L26105,9,LSI-ISOCELL-HP2,P1,1200,1024,85.37,SCRATCH,2026-03-06
L26105,10,LSI-ISOCELL-HP2,P1,1200,1065,88.79,PARTICLE,2026-03-06
L26105,11,LSI-ISOCELL-HP2,P1,1200,1069,89.09,EDGE_CHIP,2026-03-14
L26105,12,LSI-ISOCELL-HP2,P1,1200,1075,89.59,PARTICLE,2026-03-12
L26105,13,LSI-ISOCELL-HP2,P1,1200,1054,87.84,OPEN,2026-03-13
L26105,14,LSI-ISOCELL-HP2,P1,1200,1072,89.36,BRIDGE,2026-03-10
L26105,15,LSI-ISOCELL-HP2,P1,1200,1063,88.64,PARTICLE,2026-03-07
L26105,16,LSI-ISOCELL-HP2,P1,1200,1086,90.56,EDGE_CHIP,2026-03-11
L26105,17,LSI-ISOCELL-HP2,P1,1200,1042,86.91,SCRATCH,2026-03-13
L26105,18,LSI-ISOCELL-HP2,P1,1200,1035,86.32,OPEN,2026-03-05
L26105,19,LSI-ISOCELL-HP2,P1,1200,1087,90.62,BRIDGE,2026-03-09
L26105,20,LSI-ISOCELL-HP2,P1,1200,1098,91.53,THIN_FILM,2026-03-11
L26105,21,LSI-ISOCELL-HP2,P1,1200,1062,88.56,PARTICLE,2026-03-09
L26105,22,LSI-ISOCELL-HP2,P1,1200,1061,88.46,BRIDGE,2026-03-07
L26105,23,LSI-ISOCELL-HP2,P1,1200,1079,89.99,THIN_FILM,2026-03-10
L26105,24,LSI-ISOCELL-HP2,P1,1200,1091,90.95,BRIDGE,2026-03-12
L26105,25,LSI-ISOCELL-HP2,P1,1200,1066,88.85,PARTICLE,2026-03-14
L26106,1,D1Z-DDR5-16G,H1,1200,1024,85.37,SCRATCH,2026-03-09
L26106,2,D1Z-DDR5-16G,H1,1200,1087,90.62,OPEN,2026-03-11
L26106,3,D1Z-DDR5-16G,H1,1200,999,83.29,SCRATCH,2026-03-06
L26106,4,D1Z-DDR5-16G,H1,1200,1036,86.36,PARTICLE,2026-03-12
L26106,5,D1Z-DDR5-16G,H1,1200,1052,87.74,BRIDGE,2026-03-08
L26106,6,D1Z-DDR5-16G,H1,1200,948,79.08,BRIDGE,2026-03-05
L26106,7,D1Z-DDR5-16G,H1,1200,1027,85.62,SCRATCH,2026-03-07
L26106,8,D1Z-DDR5-16G,H1,1200,1028,85.67,SCRATCH,2026-03-06
L26106,9,D1Z-DDR5-16G,H1,1200,1052,87.67,SCRATCH,2026-03-12
L26106,10,D1Z-DDR5-16G,H1,1200,1013,84.42,SCRATCH,2026-03-10
L26106,11,D1Z-DDR5-16G,H1,1200,1048,87.34,OPEN,2026-03-13
L26106,12,D1Z-DDR5-16G,H1,1200,1030,85.9,OPEN,2026-03-05
L26106,13,D1Z-DDR5-16G,H1,1200,1039,86.64,PARTICLE,2026-03-11
L26106,14,D1Z-DDR5-16G,H1,1200,1047,87.26,SCRATCH,2026-03-12
L26106,15,D1Z-DDR5-16G,H1,1200,1001,83.45,MISALIGN,2026-03-09
L26106,16,D1Z-DDR5-16G,H1,1200,1034,86.21,ETC,2026-03-13
L26106,17,D1Z-DDR5-16G,H1,1200,1068,89.07,MISALIGN,2026-03-07
L26106,18,D1Z-DDR5-16G,H1,1200,1058,88.23,PARTICLE,2026-03-11
L26106,19,D1Z-DDR5-16G,H1,1200,1048,87.37,PARTICLE,2026-03-05
L26106,20,D1Z-DDR5-16G,H1,1200,932,77.7,EDGE_CHIP,2026-03-07
L26106,21,D1Z-DDR5-16G,H1,1200,1036,86.4,SCRATCH,2026-03-13
L26106,22,D1Z-DDR5-16G,H1,1200,1026,85.56,BRIDGE,2026-03-11
L26106,23,D1Z-DDR5-16G,H1,1200,1024,85.4,PARTICLE,2026-03-13
L26106,24,D1Z-DDR5-16G,H1,1200,1027,85.6,PARTICLE,2026-03-13
L26106,25,D1Z-DDR5-16G,H1,1200,1030,85.9,BRIDGE,2026-03-08
L26107,1,D1B-DDR5-24G,P3,1200,1094,91.18,PARTICLE,2026-03-12
L26107,2,D1B-DDR5-24G,P3,1200,1104,92.06,BRIDGE,2026-03-08
L26107,3,D1B-DDR5-24G,P3,1200,1134,94.52,PARTICLE,2026-03-12
L26107,4,D1B-DDR5-24G,P3,1200,1128,94.06,BRIDGE,2026-03-11
L26107,5,D1B-DDR5-24G,P3,1200,1092,91.06,PARTICLE,2026-03-14
L26107,6,D1B-DDR5-24G,P3,1200,1098,91.54,BRIDGE,2026-03-12
L26107,7,D1B-DDR5-24G,P3,1200,1106,92.22,THIN_FILM,2026-03-06
L26107,8,D1B-DDR5-24G,P3,1200,1090,90.84,EDGE_CHIP,2026-03-09
L26107,9,D1B-DDR5-24G,P3,1200,1102,91.91,BRIDGE,2026-03-08
L26107,10,D1B-DDR5-24G,P3,1200,1100,91.7,MISALIGN,2026-03-10
L26107,11,D1B-DDR5-24G,P3,1200,1089,90.8,PARTICLE,2026-03-14
L26107,12,D1B-DDR5-24G,P3,1200,1097,91.42,PARTICLE,2026-03-05
L26107,13,D1B-DDR5-24G,P3,1200,1138,94.85,THIN_FILM,2026-03-08
L26107,14,D1B-DDR5-24G,P3,1200,1087,90.62,PARTICLE,2026-03-09
L26107,15,D1B-DDR5-24G,P3,1200,1093,91.14,THIN_FILM,2026-03-08
L26107,16,D1B-DDR5-24G,P3,1200,1137,94.8,SCRATCH,2026-03-11
L26107,17,D1B-DDR5-24G,P3,1200,1122,93.52,SCRATCH,2026-03-10
L26107,18,D1B-DDR5-24G,P3,1200,1129,94.15,EDGE_CHIP,2026-03-10
L26107,19,D1B-DDR5-24G,P3,1200,1091,90.92,BRIDGE,2026-03-12
L26107,20,D1B-DDR5-24G,P3,1200,1139,94.94,MISALIGN,2026-03-07
L26107,21,D1B-DDR5-24G,P3,1200,1134,94.56,BRIDGE,2026-03-07
L26107,22,D1B-DDR5-24G,P3,1200,1159,96.65,OPEN,2026-03-12
L26107,23,D1B-DDR5-24G,P3,1200,1107,92.25,PARTICLE,2026-03-07
L26107,24,D1B-DDR5-24G,P3,1200,1174,97.87,BRIDGE,2026-03-05
L26107,25,D1B-DDR5-24G,P3,1200,1152,96.06,PARTICLE,2026-03-10
L26108,1,D1B-DDR5-24G,P2,1200,1080,90.07,PARTICLE,2026-03-13
L26108,2,D1B-DDR5-24G,P2,1200,1079,89.92,SCRATCH,2026-03-11
L26108,3,D1B-DDR5-24G,P2,1200,1076,89.72,PARTICLE,2026-03-07
L26108,4,D1B-DDR5-24G,P2,1200,1085,90.42,EDGE_CHIP,2026-03-13
L26108,5,D1B-DDR5-24G,P2,1200,1091,90.96,PARTICLE,2026-03-11
L26108,6,D1B-DDR5-24G,P2,1200,1104,92.01,PARTICLE,2026-03-09
L26108,7,D1B-DDR5-24G,P2,1200,1089,90.79,PARTICLE,2026-03-10
L26108,8,D1B-DDR5-24G,P2,1200,1048,87.36,BRIDGE,2026-03-07
L26108,9,D1B-DDR5-24G,P2,1200,1106,92.24,OPEN,2026-03-06
L26108,10,D1B-DDR5-24G,P2,1200,1094,91.17,BRIDGE,2026-03-13
L26108,11,D1B-DDR5-24G,P2,1200,1049,87.49,OPEN,2026-03-07
L26108,12,D1B-DDR5-24G,P2,1200,1047,87.27,BRIDGE,2026-03-05
L26108,13,D1B-DDR5-24G,P2,1200,1090,90.91,THIN_FILM,2026-03-12
L26108,14,D1B-DDR5-24G,P2,1200,1058,88.24,PARTICLE,2026-03-07
L26108,15,D1B-DDR5-24G,P2,1200,1049,87.43,PARTICLE,2026-03-09
L26108,16,D1B-DDR5-24G,P2,1200,962,80.23,PARTICLE,2026-03-11
L26108,17,D1B-DDR5-24G,P2,1200,1067,88.99,OPEN,2026-03-10
L26108,18,D1B-DDR5-24G,P2,1200,1034,86.23,ETC,2026-03-09
L26108,19,D1B-DDR5-24G,P2,1200,1108,92.4,EDGE_CHIP,2026-03-06
L26108,20,D1B-DDR5-24G,P2,1200,1077,89.8,PARTICLE,2026-03-05
L26108,21,D1B-DDR5-24G,P2,1200,1072,89.39,OPEN,2026-03-14
L26108,22,D1B-DDR5-24G,P2,1200,1055,88.0,PARTICLE,2026-03-07
L26108,23,D1B-DDR5-24G,P2,1200,1076,89.7,MISALIGN,2026-03-07
L26108,24,D1B-DDR5-24G,P2,1200,1103,91.93,PARTICLE,2026-03-08
L26108,25,D1B-DDR5-24G,P2,1200,1070,89.21,PARTICLE,2026-03-13
L26109,1,D1Z-DDR5-16G,H1,1200,1197,99.8,BRIDGE,2026-03-14
L26109,2,D1Z-DDR5-16G,H1,1200,1193,99.47,PARTICLE,2026-03-09
L26109,3,D1Z-DDR5-16G,H1,1200,1197,99.8,THIN_FILM,2026-03-11
L26109,4,D1Z-DDR5-16G,H1,1200,1197,99.8,PARTICLE,2026-03-06
L26109,5,D1Z-DDR5-16G,H1,1200,1197,99.8,BRIDGE,2026-03-14
L26109,6,D1Z-DDR5-16G,H1,1200,1197,99.8,MISALIGN,2026-03-05
L26109,7,D1Z-DDR5-16G,H1,1200,1197,99.8,PARTICLE,2026-03-14
L26109,8,D1Z-DDR5-16G,H1,1200,1197,99.8,BRIDGE,2026-03-14
L26109,9,D1Z-DDR5-16G,H1,1200,1197,99.8,PARTICLE,2026-03-05
L26109,10,D1Z-DDR5-16G,H1,1200,1197,99.8,SCRATCH,2026-03-12
L26109,11,D1Z-DDR5-16G,H1,1200,1197,99.8,MISALIGN,2026-03-13
L26109,12,D1Z-DDR5-16G,H1,1200,1197,99.8,MISALIGN,2026-03-07
L26109,13,D1Z-DDR5-16G,H1,1200,1197,99.8,SCRATCH,2026-03-07
L26109,14,D1Z-DDR5-16G,H1,1200,1186,98.84,PARTICLE,2026-03-11
L26109,15,D1Z-DDR5-16G,H1,1200,1185,98.77,ETC,2026-03-13
L26109,16,D1Z-DDR5-16G,H1,1200,1197,99.8,PARTICLE,2026-03-10
L26109,17,D1Z-DDR5-16G,H1,1200,1145,95.48,SCRATCH,2026-03-05
L26109,18,D1Z-DDR5-16G,H1,1200,1197,99.8,THIN_FILM,2026-03-05
L26109,19,D1Z-DDR5-16G,H1,1200,1197,99.8,EDGE_CHIP,2026-03-14
L26109,20,D1Z-DDR5-16G,H1,1200,1197,99.8,PARTICLE,2026-03-09
L26109,21,D1Z-DDR5-16G,H1,1200,1197,99.8,SCRATCH,2026-03-14
L26109,22,D1Z-DDR5-16G,H1,1200,1197,99.8,BRIDGE,2026-03-06
L26109,23,D1Z-DDR5-16G,H1,1200,1197,99.8,PARTICLE,2026-03-14
L26109,24,D1Z-DDR5-16G,H1,1200,1197,99.8,THIN_FILM,2026-03-13
L26109,25,D1Z-DDR5-16G,H1,1200,1197,99.8,PARTICLE,2026-03-07
L26110,1,V9-NAND-2Tb,P3,1200,1138,94.86,THIN_FILM,2026-03-10
L26110,2,V9-NAND-2Tb,P3,1200,1112,92.75,MISALIGN,2026-03-09
L26110,3,V9-NAND-2Tb,P3,1200,1132,94.39,PARTICLE,2026-03-06
L26110,4,V9-NAND-2Tb,P3,1200,1154,96.18,OPEN,2026-03-12
L26110,5,V9-NAND-2Tb,P3,1200,1078,89.86,OPEN,2026-03-14
L26110,6,V9-NAND-2Tb,P3,1200,1108,92.39,MISALIGN,2026-03-07
L26110,7,V9-NAND-2Tb,P3,1200,1091,90.94,OPEN,2026-03-12
L26110,8,V9-NAND-2Tb,P3,1200,1122,93.53,OPEN,2026-03-14
L26110,9,V9-NAND-2Tb,P3,1200,1081,90.1,THIN_FILM,2026-03-06
L26110,10,V9-NAND-2Tb,P3,1200,1133,94.46,BRIDGE,2026-03-08
L26110,11,V9-NAND-2Tb,P3,1200,1135,94.62,BRIDGE,2026-03-14
L26110,12,V9-NAND-2Tb,P3,1200,1100,91.69,OPEN,2026-03-07
L26110,13,V9-NAND-2Tb,P3,1200,1118,93.18,OPEN,2026-03-06
L26110,14,V9-NAND-2Tb,P3,1200,1126,93.91,BRIDGE,2026-03-10
L26110,15,V9-NAND-2Tb,P3,1200,1107,92.26,PARTICLE,2026-03-13
L26110,16,V9-NAND-2Tb,P3,1200,1092,91.01,BRIDGE,2026-03-11
L26110,17,V9-NAND-2Tb,P3,1200,1143,95.25,PARTICLE,2026-03-12
L26110,18,V9-NAND-2Tb,P3,1200,1133,94.45,BRIDGE,2026-03-13
L26110,19,V9-NAND-2Tb,P3,1200,1108,92.41,OPEN,2026-03-05
L26110,20,V9-NAND-2Tb,P3,1200,1111,92.62,PARTICLE,2026-03-06
L26110,21,V9-NAND-2Tb,P3,1200,1097,91.44,THIN_FILM,2026-03-10
L26110,22,V9-NAND-2Tb,P3,1200,1142,95.22,EDGE_CHIP,2026-03-10
L26110,23,V9-NAND-2Tb,P3,1200,1138,94.89,THIN_FILM,2026-03-14
L26110,24,V9-NAND-2Tb,P3,1200,1152,96.08,MISALIGN,2026-03-09
L26110,25,V9-NAND-2Tb,P3,1200,1127,93.92,OPEN,2026-03-07
L26111,1,LSI-ISOCELL-HP2,P1,1200,1153,96.15,PARTICLE,2026-03-13
L26111,2,LSI-ISOCELL-HP2,P1,1200,1025,85.45,PARTICLE,2026-03-14
L26111,3,LSI-ISOCELL-HP2,P1,1200,1134,94.53,BRIDGE,2026-03-12
L26111,4,LSI-ISOCELL-HP2,P1,1200,1131,94.25,PARTICLE,2026-03-11
L26111,5,LSI-ISOCELL-HP2,P1,1200,1128,94.02,PARTICLE,2026-03-06
L26111,6,LSI-ISOCELL-HP2,P1,1200,1114,92.85,THIN_FILM,2026-03-06
L26111,7,LSI-ISOCELL-HP2,P1,1200,1125,93.76,PARTICLE,2026-03-14
L26111,8,LSI-ISOCELL-HP2,P1,1200,1125,93.78,BRIDGE,2026-03-12
L26111,9,LSI-ISOCELL-HP2,P1,1200,1129,94.14,MISALIGN,2026-03-05
L26111,10,LSI-ISOCELL-HP2,P1,1200,1114,92.86,BRIDGE,2026-03-11
L26111,11,LSI-ISOCELL-HP2,P1,1200,1118,93.25,THIN_FILM,2026-03-08
L26111,12,LSI-ISOCELL-HP2,P1,1200,1090,90.9,BRIDGE,2026-03-06
L26111,13,LSI-ISOCELL-HP2,P1,1200,1083,90.29,BRIDGE,2026-03-05
L26111,14,LSI-ISOCELL-HP2,P1,1200,1089,90.79,BRIDGE,2026-03-12
L26111,15,LSI-ISOCELL-HP2,P1,1200,1102,91.88,PARTICLE,2026-03-10
L26111,16,LSI-ISOCELL-HP2,P1,1200,1125,93.8,THIN_FILM,2026-03-07
L26111,17,LSI-ISOCELL-HP2,P1,1200,1124,93.75,SCRATCH,2026-03-11
L26111,18,LSI-ISOCELL-HP2,P1,1200,1138,94.88,OPEN,2026-03-10
L26111,19,LSI-ISOCELL-HP2,P1,1200,1128,94.02,PARTICLE,2026-03-05
L26111,20,LSI-ISOCELL-HP2,P1,1200,1119,93.31,ETC,2026-03-10
L26111,21,LSI-ISOCELL-HP2,P1,1200,1097,91.42,PARTICLE,2026-03-13
L26111,22,LSI-ISOCELL-HP2,P1,1200,1148,95.69,BRIDGE,2026-03-14
L26111,23,LSI-ISOCELL-HP2,P1,1200,1155,96.26,BRIDGE,2026-03-08
L26111,24,LSI-ISOCELL-HP2,P1,1200,1180,98.36,PARTICLE,2026-03-08
L26111,25,LSI-ISOCELL-HP2,P1,1200,1091,90.95,EDGE_CHIP,2026-03-07
L26112,1,D1Z-DDR5-16G,P1,1200,1164,97.01,BRIDGE,2026-03-07
L26112,2,D1Z-DDR5-16G,P1,1200,1130,94.22,PARTICLE,2026-03-08
L26112,3,D1Z-DDR5-16G,P1,1200,1180,98.38,PARTICLE,2026-03-05
L26112,4,D1Z-DDR5-16G,P1,1200,1159,96.61,OPEN,2026-03-11
L26112,5,D1Z-DDR5-16G,P1,1200,1140,95.08,BRIDGE,2026-03-14
L26112,6,D1Z-DDR5-16G,P1,1200,1177,98.1,PARTICLE,2026-03-09
L26112,7,D1Z-DDR5-16G,P1,1200,1128,94.05,BRIDGE,2026-03-07
L26112,8,D1Z-DDR5-16G,P1,1200,1174,97.84,OPEN,2026-03-09
L26112,9,D1Z-DDR5-16G,P1,1200,1150,95.86,PARTICLE,2026-03-06
L26112,10,D1Z-DDR5-16G,P1,1200,1197,99.8,PARTICLE,2026-03-09
L26112,11,D1Z-DDR5-16G,P1,1200,1155,96.25,OPEN,2026-03-14
L26112,12,D1Z-DDR5-16G,P1,1200,1146,95.57,PARTICLE,2026-03-09
L26112,13,D1Z-DDR5-16G,P1,1200,1158,96.57,BRIDGE,2026-03-05
L26112,14,D1Z-DDR5-16G,P1,1200,1121,93.42,THIN_FILM,2026-03-05
L26112,15,D1Z-DDR5-16G,P1,1200,1116,93.07,PARTICLE,2026-03-14
L26112,16,D1Z-DDR5-16G,P1,1200,1161,96.83,PARTICLE,2026-03-14
L26112,17,D1Z-DDR5-16G,P1,1200,1166,97.18,THIN_FILM,2026-03-10
L26112,18,D1Z-DDR5-16G,P1,1200,1185,98.82,MISALIGN,2026-03-14
L26112,19,D1Z-DDR5-16G,P1,1200,1107,92.28,PARTICLE,2026-03-14
L26112,20,D1Z-DDR5-16G,P1,1200,1182,98.52,SCRATCH,2026-03-06
L26112,21,D1Z-DDR5-16G,P1,1200,1142,95.23,PARTICLE,2026-03-09
L26112,22,D1Z-DDR5-16G,P1,1200,1141,95.13,THIN_FILM,2026-03-11
L26112,23,D1Z-DDR5-16G,P1,1200,1179,98.26,EDGE_CHIP,2026-03-09
L26112,24,D1Z-DDR5-16G,P1,1200,1141,95.13,OPEN,2026-03-12
L26112,25,D1Z-DDR5-16G,P1,1200,1088,90.73,SCRATCH,2026-03-14
L26113,1,D1B-DDR5-24G,P2,1200,1160,96.71,ETC,2026-03-14
L26113,2,D1B-DDR5-24G,P2,1200,1148,95.7,PARTICLE,2026-03-12
L26113,3,D1B-DDR5-24G,P2,1200,1127,93.95,OPEN,2026-03-05
L26113,4,D1B-DDR5-24G,P2,1200,1161,96.75,ETC,2026-03-14
L26113,5,D1B-DDR5-24G,P2,1200,1150,95.86,THIN_FILM,2026-03-08
L26113,6,D1B-DDR5-24G,P2,1200,1153,96.11,MISALIGN,2026-03-10
L26113,7,D1B-DDR5-24G,P2,1200,1075,89.62,BRIDGE,2026-03-11
L26113,8,D1B-DDR5-24G,P2,1200,1161,96.78,BRIDGE,2026-03-11
L26113,9,D1B-DDR5-24G,P2,1200,1157,96.48,PARTICLE,2026-03-13
L26113,10,D1B-DDR5-24G,P2,1200,1086,90.54,PARTICLE,2026-03-11
L26113,11,D1B-DDR5-24G,P2,1200,1174,97.86,MISALIGN,2026-03-10
L26113,12,D1B-DDR5-24G,P2,1200,1197,99.8,SCRATCH,2026-03-10
L26113,13,D1B-DDR5-24G,P2,1200,1171,97.66,BRIDGE,2026-03-12
L26113,14,D1B-DDR5-24G,P2,1200,1164,97.08,OPEN,2026-03-13
L26113,15,D1B-DDR5-24G,P2,1200,1165,97.11,THIN_FILM,2026-03-08
L26113,16,D1B-DDR5-24G,P2,1200,1194,99.54,MISALIGN,2026-03-06
L26113,17,D1B-DDR5-24G,P2,1200,1197,99.8,SCRATCH,2026-03-14
L26113,18,D1B-DDR5-24G,P2,1200,1149,95.79,OPEN,2026-03-08
L26113,19,D1B-DDR5-24G,P2,1200,1179,98.3,PARTICLE,2026-03-14
L26113,20,D1B-DDR5-24G,P2,1200,1163,96.97,EDGE_CHIP,2026-03-05
L26113,21,D1B-DDR5-24G,P2,1200,1191,99.31,MISALIGN,2026-03-12
L26113,22,D1B-DDR5-24G,P2,1200,1168,97.37,EDGE_CHIP,2026-03-07
L26113,23,D1B-DDR5-24G,P2,1200,1189,99.08,SCRATCH,2026-03-06
L26113,24,D1B-DDR5-24G,P2,1200,1165,97.1,THIN_FILM,2026-03-06
L26113,25,D1B-DDR5-24G,P2,1200,1171,97.6,THIN_FILM,2026-03-05
L26114,1,V8-NAND-1Tb,H1,1200,1090,90.91,SCRATCH,2026-03-13
L26114,2,V8-NAND-1Tb,H1,1200,1055,87.93,PARTICLE,2026-03-11
L26114,3,V8-NAND-1Tb,H1,1200,1072,89.39,PARTICLE,2026-03-08
L26114,4,V8-NAND-1Tb,H1,1200,1143,95.25,PARTICLE,2026-03-07
L26114,5,V8-NAND-1Tb,H1,1200,1083,90.31,OPEN,2026-03-07
L26114,6,V8-NAND-1Tb,H1,1200,1114,92.87,OPEN,2026-03-05
L26114,7,V8-NAND-1Tb,H1,1200,1056,88.02,MISALIGN,2026-03-09
L26114,8,V8-NAND-1Tb,H1,1200,1083,90.33,OPEN,2026-03-14
L26114,9,V8-NAND-1Tb,H1,1200,1077,89.78,BRIDGE,2026-03-13
L26114,10,V8-NAND-1Tb,H1,1200,1066,88.87,MISALIGN,2026-03-11
L26114,11,V8-NAND-1Tb,H1,1200,1088,90.68,PARTICLE,2026-03-08
L26114,12,V8-NAND-1Tb,H1,1200,1048,87.41,PARTICLE,2026-03-14
L26114,13,V8-NAND-1Tb,H1,1200,1076,89.74,SCRATCH,2026-03-06
L26114,14,V8-NAND-1Tb,H1,1200,1058,88.24,THIN_FILM,2026-03-06
L26114,15,V8-NAND-1Tb,H1,1200,1114,92.9,PARTICLE,2026-03-05
L26114,16,V8-NAND-1Tb,H1,1200,1091,90.97,OPEN,2026-03-11
L26114,17,V8-NAND-1Tb,H1,1200,1061,88.46,EDGE_CHIP,2026-03-06
L26114,18,V8-NAND-1Tb,H1,1200,1060,88.35,ETC,2026-03-06
L26114,19,V8-NAND-1Tb,H1,1200,1070,89.22,PARTICLE,2026-03-10
L26114,20,V8-NAND-1Tb,H1,1200,1082,90.2,PARTICLE,2026-03-12
L26114,21,V8-NAND-1Tb,H1,1200,1111,92.61,ETC,2026-03-13
L26114,22,V8-NAND-1Tb,H1,1200,1078,89.86,PARTICLE,2026-03-09
L26114,23,V8-NAND-1Tb,H1,1200,1049,87.42,MISALIGN,2026-03-09
L26114,24,V8-NAND-1Tb,H1,1200,1085,90.44,OPEN,2026-03-08
L26114,25,V8-NAND-1Tb,H1,1200,1045,87.09,PARTICLE,2026-03-12
L26115,1,D1B-DDR5-24G,P3,1200,1057,88.15,ETC,2026-03-10
L26115,2,D1B-DDR5-24G,P3,1200,1053,87.77,PARTICLE,2026-03-09
L26115,3,D1B-DDR5-24G,P3,1200,1069,89.13,OPEN,2026-03-08
L26115,4,D1B-DDR5-24G,P3,1200,1071,89.27,PARTICLE,2026-03-14
L26115,5,D1B-DDR5-24G,P3,1200,1077,89.81,PARTICLE,2026-03-13
L26115,6,D1B-DDR5-24G,P3,1200,1042,86.89,BRIDGE,2026-03-10
L26115,7,D1B-DDR5-24G,P3,1200,1036,86.38,BRIDGE,2026-03-11
L26115,8,D1B-DDR5-24G,P3,1200,1086,90.55,BRIDGE,2026-03-14
L26115,9,D1B-DDR5-24G,P3,1200,1069,89.1,OPEN,2026-03-06
L26115,10,D1B-DDR5-24G,P3,1200,1042,86.88,SCRATCH,2026-03-08
L26115,11,D1B-DDR5-24G,P3,1200,1050,87.58,EDGE_CHIP,2026-03-12
L26115,12,D1B-DDR5-24G,P3,1200,1082,90.21,BRIDGE,2026-03-14
L26115,13,D1B-DDR5-24G,P3,1200,1085,90.45,EDGE_CHIP,2026-03-08
L26115,14,D1B-DDR5-24G,P3,1200,1040,86.68,OPEN,2026-03-06
L26115,15,D1B-DDR5-24G,P3,1200,1051,87.64,MISALIGN,2026-03-06
L26115,16,D1B-DDR5-24G,P3,1200,1073,89.45,PARTICLE,2026-03-12
L26115,17,D1B-DDR5-24G,P3,1200,1068,89.07,PARTICLE,2026-03-07
L26115,18,D1B-DDR5-24G,P3,1200,1075,89.62,PARTICLE,2026-03-10
L26115,19,D1B-DDR5-24G,P3,1200,1085,90.42,EDGE_CHIP,2026-03-05
L26115,20,D1B-DDR5-24G,P3,1200,1039,86.65,EDGE_CHIP,2026-03-08
L26115,21,D1B-DDR5-24G,P3,1200,1035,86.25,PARTICLE,2026-03-09
L26115,22,D1B-DDR5-24G,P3,1200,1076,89.67,THIN_FILM,2026-03-05
L26115,23,D1B-DDR5-24G,P3,1200,1057,88.16,SCRATCH,2026-03-07
L26115,24,D1B-DDR5-24G,P3,1200,1055,87.95,SCRATCH,2026-03-05
L26115,25,D1B-DDR5-24G,P3,1200,1056,88.02,BRIDGE,2026-03-09
L26116,1,D1Z-DDR5-16G,P3,1200,1157,96.42,OPEN,2026-03-14
L26116,2,D1Z-DDR5-16G,P3,1200,1143,95.33,PARTICLE,2026-03-14
L26116,3,D1Z-DDR5-16G,P3,1200,1120,93.39,OPEN,2026-03-12
L26116,4,D1Z-DDR5-16G,P3,1200,1173,97.8,BRIDGE,2026-03-14
L26116,5,D1Z-DDR5-16G,P3,1200,1149,95.8,PARTICLE,2026-03-13
L26116,6,D1Z-DDR5-16G,P3,1200,1139,94.96,PARTICLE,2026-03-14
L26116,7,D1Z-DDR5-16G,P3,1200,1112,92.69,PARTICLE,2026-03-13
L26116,8,D1Z-DDR5-16G,P3,1200,1112,92.68,BRIDGE,2026-03-13
L26116,9,D1Z-DDR5-16G,P3,1200,1136,94.7,THIN_FILM,2026-03-09
L26116,10,D1Z-DDR5-16G,P3,1200,1134,94.55,OPEN,2026-03-07
L26116,11,D1Z-DDR5-16G,P3,1200,1119,93.3,OPEN,2026-03-11
L26116,12,D1Z-DDR5-16G,P3,1200,1106,92.23,OPEN,2026-03-05
L26116,13,D1Z-DDR5-16G,P3,1200,1123,93.62,THIN_FILM,2026-03-12
L26116,14,D1Z-DDR5-16G,P3,1200,1154,96.24,PARTICLE,2026-03-11
L26116,15,D1Z-DDR5-16G,P3,1200,1151,95.96,THIN_FILM,2026-03-12
L26116,16,D1Z-DDR5-16G,P3,1200,1127,93.93,PARTICLE,2026-03-12
L26116,17,D1Z-DDR5-16G,P3,1200,1150,95.87,PARTICLE,2026-03-14
L26116,18,D1Z-DDR5-16G,P3,1200,1129,94.09,SCRATCH,2026-03-13
L26116,19,D1Z-DDR5-16G,P3,1200,1172,97.69,OPEN,2026-03-10
L26116,20,D1Z-DDR5-16G,P3,1200,1126,93.84,BRIDGE,2026-03-05
L26116,21,D1Z-DDR5-16G,P3,1200,1150,95.87,PARTICLE,2026-03-14
L26116,22,D1Z-DDR5-16G,P3,1200,1196,99.67,BRIDGE,2026-03-10
L26116,23,D1Z-DDR5-16G,P3,1200,1108,92.37,OPEN,2026-03-14
L26116,24,D1Z-DDR5-16G,P3,1200,1140,95.05,THIN_FILM,2026-03-08
L26116,25,D1Z-DDR5-16G,P3,1200,1143,95.31,PARTICLE,2026-03-10
L26117,1,V9-NAND-2Tb,H1,1200,1112,92.69,PARTICLE,2026-03-07
L26117,2,V9-NAND-2Tb,H1,1200,1128,94.06,SCRATCH,2026-03-12
L26117,3,V9-NAND-2Tb,H1,1200,1143,95.33,EDGE_CHIP,2026-03-08
L26117,4,V9-NAND-2Tb,H1,1200,1165,97.12,OPEN,2026-03-10
L26117,5,V9-NAND-2Tb,H1,1200,1078,89.87,MISALIGN,2026-03-09
L26117,6,V9-NAND-2Tb,H1,1200,1121,93.46,PARTICLE,2026-03-09
L26117,7,V9-NAND-2Tb,H1,1200,1141,95.16,EDGE_CHIP,2026-03-10
L26117,8,V9-NAND-2Tb,H1,1200,1143,95.32,PARTICLE,2026-03-10
L26117,9,V9-NAND-2Tb,H1,1200,1139,94.98,EDGE_CHIP,2026-03-10
L26117,10,V9-NAND-2Tb,H1,1200,1161,96.77,MISALIGN,2026-03-13
L26117,11,V9-NAND-2Tb,H1,1200,1124,93.71,OPEN,2026-03-10
L26117,12,V9-NAND-2Tb,H1,1200,1109,92.5,OPEN,2026-03-08
L26117,13,V9-NAND-2Tb,H1,1200,1127,94.0,BRIDGE,2026-03-13
L26117,14,V9-NAND-2Tb,H1,1200,1091,90.99,OPEN,2026-03-12
L26117,15,V9-NAND-2Tb,H1,1200,1144,95.4,SCRATCH,2026-03-05
L26117,16,V9-NAND-2Tb,H1,1200,1098,91.58,PARTICLE,2026-03-13
L26117,17,V9-NAND-2Tb,H1,1200,1156,96.33,EDGE_CHIP,2026-03-10
L26117,18,V9-NAND-2Tb,H1,1200,1116,93.02,EDGE_CHIP,2026-03-10
L26117,19,V9-NAND-2Tb,H1,1200,1136,94.73,BRIDGE,2026-03-14
L26117,20,V9-NAND-2Tb,H1,1200,1126,93.86,BRIDGE,2026-03-12
L26117,21,V9-NAND-2Tb,H1,1200,1104,92.05,OPEN,2026-03-10
L26117,22,V9-NAND-2Tb,H1,1200,1087,90.62,BRIDGE,2026-03-09
L26117,23,V9-NAND-2Tb,H1,1200,1104,92.08,SCRATCH,2026-03-08
L26117,24,V9-NAND-2Tb,H1,1200,1122,93.56,BRIDGE,2026-03-09
L26117,25,V9-NAND-2Tb,H1,1200,1122,93.54,OPEN,2026-03-08
L26118,1,LSI-ISOCELL-HP2,P2,1200,1058,88.22,SCRATCH,2026-03-05
L26118,2,LSI-ISOCELL-HP2,P2,1200,1058,88.18,SCRATCH,2026-03-12
L26118,3,LSI-ISOCELL-HP2,P2,1200,1099,91.66,BRIDGE,2026-03-06
L26118,4,LSI-ISOCELL-HP2,P2,1200,1077,89.8,MISALIGN,2026-03-08
L26118,5,LSI-ISOCELL-HP2,P2,1200,1048,87.38,BRIDGE,2026-03-11
L26118,6,LSI-ISOCELL-HP2,P2,1200,1070,89.18,ETC,2026-03-08
L26118,7,LSI-ISOCELL-HP2,P2,1200,1051,87.66,PARTICLE,2026-03-13
L26118,8,LSI-ISOCELL-HP2,P2,1200,1022,85.18,THIN_FILM,2026-03-09
L26118,9,LSI-ISOCELL-HP2,P2,1200,1057,88.17,OPEN,2026-03-11
L26118,10,LSI-ISOCELL-HP2,P2,1200,953,79.47,PARTICLE,2026-03-08
L26118,11,LSI-ISOCELL-HP2,P2,1200,1034,86.25,THIN_FILM,2026-03-11
L26118,12,LSI-ISOCELL-HP2,P2,1200,1090,90.91,ETC,2026-03-06
L26118,13,LSI-ISOCELL-HP2,P2,1200,1041,86.77,PARTICLE,2026-03-08
L26118,14,LSI-ISOCELL-HP2,P2,1200,1080,90.05,EDGE_CHIP,2026-03-10
L26118,15,LSI-ISOCELL-HP2,P2,1200,1097,91.45,PARTICLE,2026-03-13
L26118,16,LSI-ISOCELL-HP2,P2,1200,1108,92.4,ETC,2026-03-06
L26118,17,LSI-ISOCELL-HP2,P2,1200,1070,89.22,PARTICLE,2026-03-09
L26118,18,LSI-ISOCELL-HP2,P2,1200,1070,89.22,EDGE_CHIP,2026-03-09
L26118,19,LSI-ISOCELL-HP2,P2,1200,1076,89.69,ETC,2026-03-13
L26118,20,LSI-ISOCELL-HP2,P2,1200,1035,86.32,MISALIGN,2026-03-08
L26118,21,LSI-ISOCELL-HP2,P2,1200,1052,87.74,OPEN,2026-03-12
L26118,22,LSI-ISOCELL-HP2,P2,1200,1034,86.18,OPEN,2026-03-07
L26118,23,LSI-ISOCELL-HP2,P2,1200,1068,89.04,EDGE_CHIP,2026-03-11
L26118,24,LSI-ISOCELL-HP2,P2,1200,1093,91.13,SCRATCH,2026-03-14
L26118,25,LSI-ISOCELL-HP2,P2,1200,1073,89.44,ETC,2026-03-14
L26119,1,D1Z-DDR5-16G,P1,1200,1108,92.38,BRIDGE,2026-03-06
L26119,2,D1Z-DDR5-16G,P1,1200,1098,91.57,BRIDGE,2026-03-12
L26119,3,D1Z-DDR5-16G,P1,1200,1073,89.45,BRIDGE,2026-03-06
L26119,4,D1Z-DDR5-16G,P1,1200,1142,95.18,MISALIGN,2026-03-06
L26119,5,D1Z-DDR5-16G,P1,1200,1100,91.7,SCRATCH,2026-03-07
L26119,6,D1Z-DDR5-16G,P1,1200,1054,87.84,OPEN,2026-03-08
L26119,7,D1Z-DDR5-16G,P1,1200,1112,92.68,BRIDGE,2026-03-10
L26119,8,D1Z-DDR5-16G,P1,1200,1089,90.78,BRIDGE,2026-03-14
L26119,9,D1Z-DDR5-16G,P1,1200,1041,86.79,BRIDGE,2026-03-14
L26119,10,D1Z-DDR5-16G,P1,1200,1149,95.81,OPEN,2026-03-12
L26119,11,D1Z-DDR5-16G,P1,1200,1104,92.08,MISALIGN,2026-03-07
L26119,12,D1Z-DDR5-16G,P1,1200,1089,90.8,SCRATCH,2026-03-05
L26119,13,D1Z-DDR5-16G,P1,1200,1127,93.97,SCRATCH,2026-03-08
L26119,14,D1Z-DDR5-16G,P1,1200,1085,90.47,BRIDGE,2026-03-14
L26119,15,D1Z-DDR5-16G,P1,1200,1113,92.75,MISALIGN,2026-03-11
L26119,16,D1Z-DDR5-16G,P1,1200,1068,89.07,PARTICLE,2026-03-05
L26119,17,D1Z-DDR5-16G,P1,1200,1108,92.41,MISALIGN,2026-03-06
L26119,18,D1Z-DDR5-16G,P1,1200,1085,90.49,PARTICLE,2026-03-11
L26119,19,D1Z-DDR5-16G,P1,1200,1083,90.29,SCRATCH,2026-03-10
L26119,20,D1Z-DDR5-16G,P1,1200,1123,93.66,BRIDGE,2026-03-06
L26119,21,D1Z-DDR5-16G,P1,1200,1091,90.99,PARTICLE,2026-03-14
L26119,22,D1Z-DDR5-16G,P1,1200,1083,90.29,SCRATCH,2026-03-09
L26119,23,D1Z-DDR5-16G,P1,1200,1124,93.68,SCRATCH,2026-03-10
L26119,24,D1Z-DDR5-16G,P1,1200,1007,83.97,THIN_FILM,2026-03-06
L26119,25,D1Z-DDR5-16G,P1,1200,1097,91.49,MISALIGN,2026-03-09
